NaN,NaN,NaN,NaN,NaN,399054.5248,5
29667,16054,0,0,399056529,399056.6901,0
29667,16054,0,0,399056577,399056.7421,0
29667,16054,0,0,399056721,399056.8867,0
27076,16169,0,0,399056773,399056.9385,0
27075,16171,0,0,399056780,399056.9467,0
27075,16171,0,0,399056788,399056.9547,0
27084,16171,0,0,399056795,399056.9626,0
27091,16171,0,0,399056803,399056.9666,0
27091,16171,0,0,399056810,399056.9746,0
27101,16171,0,0,399056818,399056.9826,0
27112,16171,0,103,399056825,399056.9906,0
27124,16171,0,204,399056833,399056.9985,0
27138,16171,0,216,399056840,399057.0065,0
27158,16168,0,220,399056848,399057.0145,0
27187,16159,0,229,399056855,399057.0224,0
27227,16143,0,246,399056863,399057.0304,0
27262,16126,0,297,399056870,399057.0344,0
27301,16108,0,329,399056878,399057.0424,0
27334,16091,0,341,399056885,399057.0504,0
27360,16078,0,358,399056893,399057.0584,0
27376,16069,0,397,399056900,399057.0663,0
27381,16065,0,401,399056908,399057.0743,0
27389,16064,0,420,399056916,399057.0823,0
27389,16064,0,447,399056923,399057.0903,0
27391,16064,0,469,399056931,399057.0943,0
27391,16063,0,495,399056938,399057.1022,0
27391,16063,0,519,399056946,399057.1102,0
27391,16062,0,538,399056953,399057.1182,0
27391,16062,0,551,399056961,399057.1262,0
27391,16062,0,560,399056968,399057.1342,0
27392,16062,0,568,399056976,399057.1421,0
27393,16062,0,573,399056983,399057.1501,0
27399,16062,0,572,399056991,399057.1541,0
27415,16062,0,570,399056998,399057.162,0
27443,16062,0,566,399057006,399057.17,0
27479,16068,0,566,399057013,399057.179,0
27521,16074,0,571,399057021,399057.186,0
27569,16082,0,571,399057028,399057.1946,0
27620,16089,0,572,399057036,399057.2029,0
27669,16095,0,573,399057043,399057.2109,0
27719,16100,0,575,399057051,399057.2189,0
27777,16103,0,579,399057058,399057.2229,0
27848,16104,0,586,399057066,399057.2309,0
27931,16104,0,597,399057073,399057.2389,0
28030,16104,0,606,399057081,399057.2469,0
28146,16104,0,611,399057088,399057.2548,0
28277,16104,0,617,399057096,399057.2628,0
28426,16104,0,622,399057103,399057.2708,0
28594,16104,0,627,399057111,399057.2788,0
28774,16104,0,638,399057119,399057.2867,0
28967,16104,0,652,399057126,399057.2907,0
29161,16104,0,663,399057134,399057.2987,0
29348,16104,0,658,399057141,399057.3067,0
29518,16104,0,658,399057149,399057.3147,0
29658,16104,0,659,399057156,399057.3226,0
29764,16104,0,656,399057164,399057.3306,0
29837,16104,0,660,399057171,399057.3386,0
29883,16104,0,665,399057179,399057.3467,0
29905,16104,0,667,399057186,399057.3506,0
29912,16104,0,671,399057194,399057.3586,0
29912,16104,0,674,399057201,399057.3665,0
29912,16104,0,671,399057209,399057.3745,0
29912,16104,0,669,399057216,399057.3825,0
29912,16104,0,667,399057224,399057.3905,0
29912,16104,0,662,399057231,399057.3985,0
29912,16104,0,658,399057239,399057.4064,0
29912,16104,0,658,399057246,399057.4104,0
29912,16104,0,660,399057254,399057.4184,0
29908,16104,0,667,399057261,399057.4264,0
29902,16104,0,671,399057269,399057.4344,0
29895,16104,0,675,399057276,399057.4424,0
29887,16105,0,678,399057284,399057.4503,0
29880,16105,0,680,399057291,399057.4583,0
29875,16105,0,684,399057299,399057.4663,0
29870,16105,0,686,399057306,399057.4742,0
29869,16105,0,686,399057314,399057.4781,0
29869,16107,0,682,399057321,399057.4862,0
29869,16107,0,672,399057329,399057.4942,0
29869,16107,0,661,399057337,399057.5022,0
29869,16107,0,648,399057344,399057.5102,0
29869,16107,0,636,399057352,399057.5183,0
29869,16107,0,623,399057359,399057.5262,0
29869,16107,0,611,399057367,399057.5342,0
29869,16107,0,600,399057374,399057.5382,0
29869,16107,0,592,399057382,399057.5462,0
29869,16107,0,588,399057389,399057.5541,0
29870,16107,0,590,399057397,399057.5622,0
29870,16107,0,592,399057404,399057.5701,0
29871,16107,0,595,399057412,399057.5781,0
29873,16107,0,600,399057419,399057.5861,0
29874,16107,0,606,399057427,399057.5941,0
29875,16107,0,619,399057434,399057.602,0
29875,16107,0,636,399057442,399057.607,0
29875,16107,0,655,399057449,399057.614,0
29875,16107,0,675,399057457,399057.622,0
29875,16107,0,693,399057464,399057.63,0
29876,16107,0,708,399057472,399057.638,0
29876,16107,0,721,399057479,399057.6469,0
29876,16107,0,730,399057487,399057.6549,0
29876,16107,0,738,399057494,399057.6622,0
29876,16107,0,742,399057502,399057.6662,0
29876,16107,0,744,399057509,399057.6743,0
29876,16107,0,746,399057517,399057.6823,0
29876,16107,0,745,399057524,399057.6902,0
29876,16107,0,745,399057532,399057.6981,0
29876,16107,0,745,399057540,399057.7062,0
29876,16107,0,744,399057547,399057.7142,0
29876,16107,0,744,399057555,399057.7221,0
29878,16107,0,744,399057562,399057.7261,0
29879,16107,0,743,399057570,399057.7341,0
29880,16107,0,744,399057577,399057.7421,0
29881,16107,0,744,399057585,399057.7501,0
29881,16107,0,744,399057592,399057.758,0
29883,16107,0,746,399057600,399057.767,0
29884,16107,0,746,399057607,399057.774,0
29884,16107,0,746,399057615,399057.783,0
29885,16107,0,748,399057622,399057.79,0
29885,16107,0,748,399057630,399057.7946,0
29886,16107,0,749,399057637,399057.8029,0
29886,16107,0,748,399057645,399057.8109,0
29886,16107,0,749,399057652,399057.8189,0
29886,16107,0,749,399057660,399057.8269,0
29886,16107,0,749,399057667,399057.8349,0
29886,16107,0,749,399057675,399057.8429,0
29886,16107,0,750,399057682,399057.8508,0
29886,16107,0,750,399057690,399057.8548,0
29886,16107,0,753,399057697,399057.8628,0
29887,16107,0,754,399057705,399057.8708,0
29887,16107,0,757,399057712,399057.8787,0
29890,16107,0,760,399057720,399057.8867,0
29890,16107,0,762,399057727,399057.8946,0
29891,16107,0,765,399057735,399057.9027,0
29892,16107,0,767,399057743,399057.9106,0
29892,16107,0,769,399057750,399057.9186,0
29894,16107,0,772,399057758,399057.9225,0
29894,16107,0,774,399057765,399057.9306,0
29894,16107,0,775,399057773,399057.9386,0
29895,16107,0,777,399057780,399057.9466,0
29895,16107,0,778,399057788,399057.9545,0
29896,16107,0,781,399057795,399057.9625,0
29897,16107,0,784,399057803,399057.9705,0
29899,16107,0,789,399057810,399057.978,0
29900,16104,0,794,399057818,399057.9825,0
29901,16103,0,798,399057825,399057.9904,0
29901,16101,0,803,399057833,399057.9984,0
29902,16100,0,807,399057840,399058.0064,0
29902,16098,0,811,399057848,399058.0144,0
29903,16097,0,817,399057855,399058.0224,0
29903,16093,0,821,399057863,399058.0303,0
29905,16091,0,824,399057870,399058.0383,0
29906,16089,0,829,399057878,399058.0463,0
29907,16087,0,832,399057885,399058.0503,0
29907,16084,0,836,399057893,399058.0582,0
29908,16081,0,839,399057900,399058.0662,0
29908,16080,0,839,399057908,399058.0742,0
29908,16079,0,838,399057915,399058.0822,0
29908,16078,0,837,399057923,399058.0902,0
29908,16078,0,836,399057930,399058.0981,0
29908,16078,0,835,399057938,399058.1061,0
29908,16078,0,834,399057945,399058.1101,0
29908,16078,0,834,399057953,399058.1181,0
29908,16078,0,835,399057961,399058.1261,0
29908,16078,0,835,399057968,399058.134,0
29908,16078,0,837,399057976,399058.142,0
29908,16078,0,838,399057983,399058.15,0
29908,16077,0,840,399057991,399058.158,0
29908,16075,0,845,399057998,399058.166,0
29908,16074,0,852,399058006,399058.171,0
29908,16072,0,861,399058013,399058.179,0
29908,16072,0,870,399058021,399058.1869,0
29908,16071,0,876,399058028,399058.1946,0
29908,16070,0,882,399058036,399058.2029,0
29908,16070,0,888,399058043,399058.2109,0
29908,16069,0,892,399058051,399058.2188,0
29908,16068,0,898,399058058,399058.2268,0
29908,16068,0,903,399058066,399058.234,0
29908,16066,0,906,399058073,399058.238,0
29908,16065,0,910,399058081,399058.2469,0
29908,16065,0,913,399058088,399058.2548,0
29908,16064,0,914,399058096,399058.2629,0
29908,16064,0,916,399058103,399058.2709,0
29908,16063,0,917,399058111,399058.2788,0
29908,16063,0,919,399058118,399058.2868,0
29908,16063,0,920,399058126,399058.2946,0
29908,16063,0,923,399058133,399058.2988,0
29908,16063,0,928,399058141,399058.3067,0
29910,16062,0,933,399058148,399058.3147,0
29912,16058,0,941,399058156,399058.3227,0
29916,16051,0,954,399058164,399058.3307,0
29922,16044,0,969,399058171,399058.3386,0
29927,16036,0,992,399058179,399058.3467,0
29934,16029,0,1001,399058186,399058.3546,0
29939,16021,0,1001,399058194,399058.3626,0
29943,16017,0,1003,399058201,399058.3666,0
29948,16015,0,1006,399058209,399058.3745,0
29950,16012,0,1005,399058216,399058.3825,0
29952,16010,0,1007,399058224,399058.3905,0
29953,16010,0,1008,399058231,399058.3985,0
29954,16009,0,1010,399058239,399058.4064,0
29954,16009,0,1010,399058246,399058.4144,0
29955,16007,0,1011,399058254,399058.4224,0
29956,16006,0,1013,399058261,399058.4264,0
29956,16005,0,1013,399058269,399058.4344,0
29958,16005,0,1015,399058276,399058.4424,0
29959,16005,0,1015,399058284,399058.4503,0
29959,16005,0,1015,399058291,399058.4583,0
29960,16005,0,1015,399058299,399058.4663,0
29960,16005,0,1015,399058306,399058.4743,0
29960,16005,0,1014,399058314,399058.4823,0
29960,16005,0,1014,399058321,399058.4862,0
29960,16005,0,1015,399058329,399058.4943,0
29960,16005,0,1015,399058336,399058.5022,0
29960,16005,0,1016,399058344,399058.5103,0
29960,16005,0,1017,399058351,399058.5182,0
29960,16005,0,1018,399058359,399058.5262,0
29960,16005,0,1019,399058367,399058.5342,0
29960,16005,0,1021,399058374,399058.5421,0
29960,16005,0,1023,399058382,399058.5501,0
29960,16005,0,1023,399058389,399058.5541,0
29960,16005,0,1023,399058397,399058.5621,0
29960,16005,0,1023,399058404,399058.5701,0
29960,16005,0,1023,399058412,399058.5791,0
29960,16005,0,1023,399058419,399058.586,0
29960,16005,0,1023,399058427,399058.594,0
29960,16005,0,1023,399058434,399058.602,0
29960,16005,0,1023,399058442,399058.61,0
29960,16005,0,1023,399058449,399058.614,0
29960,16005,0,1023,399058457,399058.622,0
29960,16005,0,1023,399058464,399058.631,0
29960,16005,0,1023,399058472,399058.6389,0
29960,16005,0,1023,399058479,399058.646,0
29960,16005,0,1023,399058487,399058.6549,0
29960,16005,0,1023,399058494,399058.6629,0
29960,16005,0,1023,399058502,399058.6708,0
29960,16005,0,1023,399058509,399058.6788,0
29960,16005,0,1023,399058517,399058.6828,0
29960,16005,0,1023,399058524,399058.6908,0
29960,16005,0,1023,399058532,399058.6988,0
29960,16005,0,1023,399058539,399058.7068,0
29960,16005,0,1023,399058547,399058.7148,0
29960,16005,0,1023,399058554,399058.7227,0
29960,16005,0,1023,399058562,399058.7307,0
29960,16005,0,1023,399058569,399058.7386,0
29960,16005,0,1023,399058577,399058.7427,0
29960,16005,0,1023,399058585,399058.7506,0
29960,16005,0,1023,399058592,399058.7586,0
29960,16005,0,1023,399058600,399058.7666,0
29960,16005,0,1023,399058607,399058.7746,0
29960,16005,0,1023,399058615,399058.7826,0
29960,16005,0,1023,399058622,399058.7905,0
29960,16005,0,1023,399058630,399058.7985,0
29960,16005,0,1023,399058637,399058.8025,0
29960,16005,0,1023,399058645,399058.8105,0
29960,16005,0,1023,399058652,399058.8184,0
29960,16005,0,1023,399058660,399058.8264,0
29960,16005,0,1023,399058667,399058.8344,0
29960,16005,0,1023,399058675,399058.8424,0
29960,16005,0,1023,399058682,399058.8504,0
29960,16005,0,1023,399058690,399058.8584,0
29960,16005,0,1023,399058697,399058.8664,0
29960,16005,0,1023,399058705,399058.8703,0
29960,16005,0,1023,399058712,399058.878,0
29960,16005,0,1023,399058720,399058.8863,0
29960,16005,0,1023,399058727,399058.8943,0
29960,16005,0,1023,399058735,399058.9022,0
29960,16005,0,1023,399058742,399058.9102,0
29960,16005,0,1023,399058750,399058.9184,0
29960,16005,0,1023,399058757,399058.9263,0
29960,16005,0,1023,399058765,399058.9303,0
29960,16005,0,1023,399058772,399058.9383,0
29960,16005,0,1023,399058780,399058.9463,0
29960,16005,0,1023,399058788,399058.9542,0
29960,16005,0,1023,399058795,399058.9622,0
29960,16005,0,1023,399058803,399058.9702,0
29960,16005,0,1023,399058810,399058.9782,0
29960,16005,0,1023,399058818,399058.9861,0
29960,16005,0,1023,399058825,399058.9942,0
29960,16005,0,1023,399058833,399058.9981,0
29960,16005,0,1023,399058840,399059.0061,0
29960,16005,0,1023,399058848,399059.0141,0
29960,16005,0,1023,399058855,399059.0221,0
29960,16005,0,1023,399058863,399059.0301,0
29960,16005,0,1023,399058870,399059.038,0
29960,16005,0,1023,399058878,399059.046,0
29960,16005,0,1023,399058885,399059.054,0
29960,16005,0,1023,399058893,399059.058,0
29960,16005,0,1023,399058900,399059.067,0
29960,16005,0,1023,399058908,399059.0749,0
29960,16005,0,1023,399058915,399059.0829,0
29960,16005,0,1023,399058923,399059.0909,0
29960,16005,0,1023,399058930,399059.0989,0
29960,16005,0,1023,399058938,399059.1069,0
29960,16005,0,1023,399058945,399059.1148,0
29960,16005,0,1023,399058953,399059.1227,0
29960,16005,0,1023,399058960,399059.1267,0
29960,16005,0,1023,399058968,399059.1341,0
29960,16005,0,1023,399058975,399059.142,0
29960,16005,0,1023,399058983,399059.151,0
29960,16005,0,1023,399058990,399059.158,0
29960,16005,0,1023,399058998,399059.167,0
29960,16005,0,1023,399059006,399059.1739,0
29960,16005,0,1023,399059013,399059.1828,0
29960,16005,0,1023,399059021,399059.1868,0
29960,16005,0,1021,399059028,399059.1946,0
29960,16005,0,1021,399059036,399059.2028,0
29960,16005,0,1021,399059043,399059.2109,0
29960,16005,0,1020,399059051,399059.2188,0
29960,16005,0,1021,399059058,399059.2267,0
29960,16005,0,1019,399059066,399059.2348,0
29960,16005,0,1018,399059073,399059.2428,0
29960,16005,0,1017,399059081,399059.2467,0
29960,16005,0,1014,399059088,399059.2547,0
29960,16005,0,1012,399059096,399059.2627,0
29960,16005,0,1010,399059103,399059.2707,0
29960,16005,0,1006,399059111,399059.2787,0
29960,16005,0,1005,399059118,399059.2867,0
29960,16005,0,1001,399059126,399059.2946,0
29960,16005,0,999,399059133,399059.3026,0
29960,16005,0,998,399059141,399059.3106,0
29960,16005,0,996,399059148,399059.3146,0
29960,16005,0,997,399059156,399059.3225,0
29960,16005,0,997,399059163,399059.3305,0
29960,16005,0,996,399059171,399059.3385,0
29960,16005,0,996,399059178,399059.3465,0
29960,16005,0,995,399059186,399059.3544,0
29960,16005,0,994,399059193,399059.3624,0
29960,16005,0,994,399059201,399059.3704,0
29960,16005,0,993,399059209,399059.3744,0
29960,16005,0,993,399059216,399059.3824,0
29960,16005,0,992,399059224,399059.3904,0
29960,16005,0,992,399059231,399059.3983,0
29960,16005,0,993,399059239,399059.4063,0
29960,16005,0,992,399059246,399059.4143,0
29960,16005,0,993,399059254,399059.4223,0
29960,16005,0,993,399059261,399059.4302,0
29960,16005,0,992,399059269,399059.4382,0
29960,16005,0,993,399059276,399059.4422,0
29960,16006,0,992,399059284,399059.4502,0
29960,16006,0,991,399059291,399059.4582,0
29960,16007,0,991,399059299,399059.4661,0
29960,16009,0,990,399059306,399059.4741,0
29960,16009,0,990,399059314,399059.482,0
29960,16010,0,989,399059321,399059.49,0
29960,16010,0,987,399059329,399059.4981,0
29960,16011,0,986,399059336,399059.502,0
29960,16011,0,984,399059344,399059.5101,0
29960,16011,0,980,399059351,399059.518,0
29960,16011,0,977,399059359,399059.526,0
29960,16011,0,971,399059366,399059.534,0
29960,16011,0,965,399059374,399059.543,0
29960,16011,0,958,399059381,399059.55,0
29960,16011,0,951,399059389,399059.5589,0
29960,16011,0,947,399059396,399059.5629,0
29960,16011,0,944,399059404,399059.5709,0
29960,16011,0,943,399059412,399059.578,0
29960,16011,0,943,399059419,399059.5868,0
29960,16011,0,942,399059427,399059.5946,0
29960,16011,0,943,399059434,399059.6028,0
29960,16011,0,944,399059442,399059.6107,0
29960,16011,0,943,399059449,399059.6187,0
29960,16011,0,944,399059457,399059.6267,0
29960,16011,0,943,399059464,399059.6307,0
29960,16011,0,943,399059472,399059.6387,0
29960,16011,0,942,399059479,399059.6467,0
29960,16011,0,940,399059487,399059.6546,0
29960,16011,0,938,399059494,399059.6626,0
29960,16011,0,936,399059502,399059.6706,0
29960,16011,0,932,399059509,399059.6786,0
29960,16011,0,932,399059517,399059.6866,0
29960,16011,0,929,399059524,399059.6906,0
29960,16011,0,927,399059532,399059.6985,0
29959,16011,0,927,399059539,399059.7065,0
29958,16011,0,925,399059547,399059.7145,0
29958,16011,0,925,399059554,399059.7225,0
29956,16011,0,925,399059562,399059.7305,0
29956,16011,0,924,399059569,399059.7384,0
29956,16011,0,926,399059577,399059.7463,0
29956,16011,0,926,399059584,399059.7543,0
29956,16011,0,926,399059592,399059.7583,0
29956,16011,0,927,399059599,399059.7663,0
29956,16011,0,927,399059607,399059.7743,0
29956,16011,0,930,399059614,399059.7823,0
29960,16011,0,931,399059622,399059.7902,0
29972,16011,0,933,399059630,399059.7982,0
29993,16011,0,937,399059637,399059.8062,0
30030,16013,0,939,399059645,399059.8142,0
30082,16016,0,941,399059652,399059.8182,0
30149,16023,0,946,399059660,399059.8262,0
30232,16031,0,948,399059667,399059.8342,0
30333,16041,0,946,399059675,399059.8421,0
30448,16052,0,949,399059682,399059.8501,0
30571,16061,0,948,399059690,399059.8581,0
30700,16068,0,948,399059697,399059.8661,0
30840,16071,0,948,399059705,399059.874,0
30990,16071,0,942,399059712,399059.882,0
31151,16071,0,920,399059720,399059.886,0
31321,16071,0,921,399059727,399059.894,0
31500,16064,0,925,399059735,399059.903,0
31688,16058,0,920,399059742,399059.911,0
31883,16051,0,914,399059750,399059.918,0
32080,16045,0,916,399059757,399059.927,0
32276,16039,0,917,399059765,399059.9349,0
32469,16031,0,921,399059772,399059.9429,0
32663,16022,0,928,399059780,399059.9469,0
32852,16013,0,932,399059787,399059.9549,0
33038,16003,0,936,399059795,399059.9628,0
33217,15993,0,937,399059802,399059.9708,0
33391,15985,0,940,399059810,399059.978,0
33560,15976,0,945,399059817,399059.9869,0
33725,15968,0,947,399059825,399059.9946,0
33888,15963,0,948,399059833,399060.0029,0
34054,15957,0,950,399059840,399060.0069,0
34217,15953,0,942,399059848,399060.0148,0
34379,15948,0,940,399059855,399060.0228,0
34528,15944,0,939,399059863,399060.0308,0
34660,15941,0,937,399059870,399060.0388,0
34767,15936,0,938,399059878,399060.0467,0
34846,15934,0,937,399059885,399060.0547,0
34894,15932,0,936,399059893,399060.0627,0
34908,15931,0,935,399059900,399060.0707,0
34900,15931,0,929,399059908,399060.0747,0
34844,15931,0,923,399059915,399060.0827,0
34757,15931,0,916,399059923,399060.0906,0
34631,15931,0,908,399059930,399060.0986,0
34474,15931,0,905,399059938,399060.1066,0
34286,15931,0,897,399059945,399060.1146,0
34081,15931,0,880,399059953,399060.1225,0
33859,15931,0,879,399059960,399060.1305,0
33622,15931,0,818,399059968,399060.1345,0
33378,15931,0,746,399059975,399060.1425,0
33121,15932,0,674,399059983,399060.1505,0
32861,15937,0,560,399059990,399060.1585,0
32596,15941,0,484,399059998,399060.1665,0
32329,15946,0,442,399060005,399060.1744,0
32070,15952,0,408,399060013,399060.1824,0
31815,15957,0,385,399060020,399060.1904,0
31571,15964,0,367,399060028,399060.1983,0
31331,15971,0,365,399060035,399060.2023,0
31088,15977,0,372,399060043,399060.2103,0
30847,15985,0,376,399060051,399060.2183,0
30608,15994,0,416,399060058,399060.2263,0
30370,16003,0,412,399060066,399060.2343,0
30130,16013,0,485,399060073,399060.2422,0
29887,16023,0,565,399060081,399060.2502,0
29644,16033,0,674,399060088,399060.2582,0
29396,16043,0,688,399060096,399060.2622,0
29140,16055,0,697,399060103,399060.2702,0
28881,16068,0,710,399060111,399060.2781,0
28621,16081,0,741,399060118,399060.2861,0
28366,16097,0,756,399060126,399060.2941,0
28115,16113,0,759,399060133,399060.3021,0
27864,16130,0,763,399060141,399060.3101,0
27622,16144,0,767,399060148,399060.319,0
27384,16158,0,773,399060156,399060.322,0
27154,16169,0,777,399060163,399060.33,0
26932,16178,0,771,399060171,399060.339,0
26719,16185,0,781,399060178,399060.3469,0
26515,16190,0,798,399060186,399060.3549,0
26315,16196,0,804,399060193,399060.3629,0
26122,16201,0,815,399060201,399060.3709,0
25933,16206,0,819,399060208,399060.3789,0
25745,16211,0,819,399060216,399060.3869,0
25559,16215,0,822,399060223,399060.3909,0
25380,16219,0,821,399060231,399060.3988,0
25206,16224,0,824,399060238,399060.4068,0
25039,16226,0,827,399060246,399060.4148,0
24883,16229,0,828,399060254,399060.4227,0
24741,16231,0,831,399060261,399060.4307,0
24616,16234,0,826,399060269,399060.4387,0
24511,16235,0,824,399060276,399060.4467,0
24430,16236,0,823,399060284,399060.4507,0
24374,16237,0,826,399060291,399060.4586,0
24339,16238,0,829,399060299,399060.4666,0
24327,16238,0,829,399060306,399060.4746,0
24327,16238,0,828,399060314,399060.4826,0
24366,16238,0,822,399060321,399060.4906,0
24437,16238,0,823,399060329,399060.4985,0
24540,16237,0,823,399060336,399060.5065,0
24673,16231,0,823,399060344,399060.5145,0
24838,16225,0,823,399060351,399060.5185,0
25033,16217,0,824,399060359,399060.5264,0
25250,16209,0,823,399060366,399060.5344,0
25486,16201,0,820,399060374,399060.5423,0
25737,16190,0,820,399060381,399060.5504,0
26008,16177,0,821,399060389,399060.5584,0
26294,16163,0,825,399060396,399060.5664,0
26598,16149,0,828,399060404,399060.5743,0
26910,16134,0,821,399060411,399060.5781,0
27232,16120,0,824,399060419,399060.5863,0
27562,16108,0,823,399060426,399060.5943,0
27896,16099,0,827,399060434,399060.6023,0
28229,16089,0,819,399060441,399060.6102,0
28560,16079,0,821,399060449,399060.6182,0
28888,16070,0,826,399060457,399060.6262,0
29215,16060,0,826,399060464,399060.6342,0
29531,16048,0,821,399060472,399060.6382,0
29842,16035,0,821,399060479,399060.6461,0
30145,16025,0,823,399060487,399060.6541,0
30441,16015,0,824,399060494,399060.6621,0
30726,16004,0,818,399060502,399060.6701,0
31002,15994,0,820,399060509,399060.6791,0
31273,15985,0,823,399060517,399060.686,0
31537,15977,0,827,399060524,399060.694,0
31798,15967,0,821,399060532,399060.703,0
32055,15958,0,819,399060539,399060.706,0
32312,15951,0,820,399060547,399060.715,0
32568,15943,0,822,399060554,399060.7229,0
32819,15936,0,821,399060562,399060.7309,0
33069,15929,0,817,399060569,399060.7389,0
33312,15924,0,814,399060577,399060.7469,0
33551,15918,0,815,399060584,399060.7549,0
33781,15914,0,815,399060592,399060.7628,0
34002,15908,0,817,399060599,399060.7668,0
34214,15904,0,815,399060607,399060.7748,0
34417,15899,0,811,399060614,399060.7828,0
34612,15897,0,797,399060622,399060.7907,0
34799,15893,0,796,399060629,399060.7987,0
34981,15889,0,797,399060637,399060.8067,0
35160,15886,0,800,399060644,399060.8147,0
35337,15883,0,803,399060652,399060.8227,0
35512,15878,0,799,399060659,399060.8307,0
35682,15875,0,797,399060667,399060.8346,0
35846,15871,0,797,399060675,399060.8426,0
36002,15868,0,797,399060682,399060.8506,0
36146,15864,0,798,399060690,399060.8586,0
36274,15861,0,800,399060697,399060.8666,0
36387,15858,0,801,399060705,399060.8745,0
36479,15855,0,803,399060712,399060.8825,0
36549,15851,0,803,399060720,399060.8905,0
36600,15848,0,800,399060727,399060.8944,0
36633,15845,0,799,399060735,399060.9024,0
36653,15841,0,799,399060742,399060.9104,0
36661,15839,0,799,399060750,399060.9184,0
36664,15837,0,800,399060757,399060.9264,0
36664,15836,0,800,399060765,399060.9343,0
36664,15836,0,800,399060772,399060.9424,0
36664,15835,0,801,399060780,399060.9503,0
36664,15835,0,800,399060787,399060.9543,0
36664,15835,0,800,399060795,399060.9623,0
36664,15835,0,800,399060802,399060.9703,0
36664,15835,0,800,399060810,399060.9783,0
36664,15835,0,801,399060817,399060.9862,0
36664,15835,0,802,399060825,399060.9942,0
36649,15835,0,800,399060832,399061.0022,0
36624,15835,0,803,399060840,399061.0102,0
36587,15835,0,804,399060847,399061.0182,0
36534,15835,0,805,399060855,399061.0221,0
36467,15835,0,805,399060862,399061.0301,0
36383,15836,0,806,399060870,399061.0381,0
36287,15840,0,809,399060878,399061.0461,0
36178,15845,0,804,399060885,399061.054,0
36055,15850,0,802,399060893,399061.062,0
35918,15857,0,803,399060900,399061.07,0
35769,15864,0,802,399060908,399061.079,0
35607,15871,0,804,399060915,399061.082,0
35426,15876,0,804,399060923,399061.09,0
35235,15880,0,802,399060930,399061.0989,0
35033,15886,0,812,399060938,399061.1069,0
34823,15890,0,816,399060945,399061.1149,0
34609,15895,0,808,399060953,399061.1228,0
34391,15900,0,810,399060960,399061.131,0
34168,15906,0,811,399060968,399061.1389,0
33943,15912,0,814,399060975,399061.1469,0
33712,15918,0,818,399060983,399061.1509,0
33477,15927,0,814,399060990,399061.1589,0
33237,15936,0,808,399060998,399061.1669,0
32986,15946,0,808,399061005,399061.1748,0
32734,15957,0,809,399061013,399061.1829,0
32472,15970,0,814,399061020,399061.1909,0
32202,15982,0,817,399061028,399061.1989,0
31924,15993,0,814,399061035,399061.2068,0
31640,16005,0,812,399061043,399061.2108,0
31351,16019,0,816,399061050,399061.2188,0
31055,16031,0,820,399061058,399061.2268,0
30756,16045,0,818,399061065,399061.2348,0
30449,16058,0,813,399061073,399061.2428,0
30140,16071,0,815,399061080,399061.2507,0
29821,16083,0,818,399061088,399061.2587,0
29499,16095,0,817,399061096,399061.2667,0
29172,16105,0,814,399061103,399061.2747,0
28842,16114,0,814,399061111,399061.278,0
28516,16122,0,819,399061118,399061.2867,0
28195,16130,0,815,399061126,399061.2947,0
27876,16137,0,813,399061133,399061.3026,0
27561,16142,0,815,399061141,399061.3106,0
27255,16149,0,818,399061148,399061.3186,0
26958,16156,0,817,399061156,399061.3266,0
26664,16162,0,814,399061163,399061.3345,0
26377,16168,0,811,399061171,399061.3385,0
26101,16175,0,817,399061178,399061.3467,0
25833,16180,0,820,399061186,399061.3546,0
25580,16186,0,813,399061193,399061.3626,0
25332,16190,0,811,399061201,399061.3705,0
25104,16196,0,815,399061208,399061.378,0
24892,16199,0,822,399061216,399061.3865,0
24705,16204,0,828,399061223,399061.3945,0
24543,16207,0,824,399061231,399061.3985,0
24406,16209,0,830,399061238,399061.4064,0
24296,16214,0,831,399061246,399061.4145,0
24212,16216,0,837,399061253,399061.4224,0
24148,16219,0,838,399061261,399061.4304,0
24098,16221,0,840,399061268,399061.4384,0
24058,16224,0,843,399061276,399061.4463,0
24025,16225,0,844,399061283,399061.4543,0
23996,16226,0,843,399061291,399061.4623,0
23965,16228,0,845,399061299,399061.4663,0
23936,16230,0,845,399061306,399061.4742,0
23911,16231,0,846,399061314,399061.4823,0
23890,16233,0,848,399061321,399061.4903,0
23872,16235,0,850,399061329,399061.4982,0
23861,16235,0,853,399061336,399061.5062,0
23855,16235,0,854,399061344,399061.5142,0
23853,16235,0,853,399061351,399061.5222,0
23853,16235,0,852,399061359,399061.5261,0
23853,16235,0,850,399061366,399061.5341,0
23856,16235,0,847,399061374,399061.5421,0
23877,16235,0,847,399061381,399061.5501,0
23913,16235,0,844,399061389,399061.5581,0
23966,16235,0,844,399061396,399061.566,0
24039,16235,0,844,399061404,399061.574,0
24130,16233,0,843,399061411,399061.582,0
24236,16230,0,844,399061419,399061.59,0
24355,16227,0,843,399061426,399061.594,0
24485,16225,0,843,399061434,399061.6029,0
24621,16221,0,844,399061441,399061.6109,0
24758,16218,0,843,399061449,399061.6189,0
24896,16216,0,844,399061456,399061.627,0
25034,16211,0,847,399061464,399061.6348,0
25171,16208,0,841,399061471,399061.6428,0
25309,16205,0,839,399061479,399061.6508,0
25447,16200,0,836,399061486,399061.6548,0
25593,16196,0,836,399061494,399061.6628,0
25747,16189,0,836,399061502,399061.6708,0
25909,16182,0,835,399061509,399061.6788,0
26079,16172,0,838,399061517,399061.6867,0
26257,16162,0,841,399061524,399061.6947,0
26444,16150,0,840,399061532,399061.7027,0
26639,16138,0,837,399061539,399061.7106,0
26841,16127,0,835,399061547,399061.7146,0
27048,16117,0,835,399061554,399061.7226,0
27259,16107,0,838,399061562,399061.7306,0
27473,16099,0,839,399061569,399061.7385,0
27691,16091,0,842,399061577,399061.7466,0
27912,16083,0,836,399061584,399061.7545,0
28135,16077,0,835,399061592,399061.7625,0
28362,16068,0,833,399061599,399061.7705,0
28590,16060,0,837,399061607,399061.778,0
28821,16051,0,839,399061614,399061.7824,0
29051,16042,0,843,399061622,399061.7904,0
29281,16032,0,837,399061629,399061.7984,0
29506,16021,0,835,399061637,399061.8064,0
29725,16012,0,838,399061644,399061.8144,0
29943,16003,0,838,399061652,399061.8223,0
30156,15995,0,845,399061659,399061.8303,0
30364,15987,0,833,399061667,399061.8383,0
30566,15982,0,827,399061674,399061.8423,0
30766,15977,0,829,399061682,399061.8503,0
30960,15973,0,829,399061689,399061.8582,0
31148,15970,0,832,399061697,399061.8662,0
31330,15965,0,833,399061704,399061.8742,0
31509,15962,0,835,399061712,399061.8822,0
31685,15958,0,830,399061720,399061.8901,0
31856,15954,0,827,399061727,399061.8981,0
32026,15952,0,828,399061735,399061.9061,0
32197,15948,0,828,399061742,399061.9101,0
32365,15945,0,828,399061750,399061.9181,0
32532,15942,0,831,399061757,399061.926,0
32697,15938,0,832,399061765,399061.934,0
32861,15935,0,829,399061772,399061.942,0
33022,15933,0,825,399061780,399061.951,0
33179,15928,0,822,399061787,399061.958,0
33333,15926,0,822,399061795,399061.966,0
33483,15923,0,822,399061802,399061.97,0
33631,15919,0,822,399061810,399061.978,0
33776,15916,0,824,399061817,399061.9869,0
33923,15912,0,825,399061825,399061.9946,0
34070,15908,0,827,399061832,399062.0029,0
34216,15905,0,822,399061840,399062.0108,0
34361,15902,0,820,399061847,399062.0188,0
34503,15898,0,819,399061855,399062.0269,0
34640,15895,0,819,399061862,399062.0348,0
34769,15892,0,820,399061870,399062.0388,0
34887,15888,0,821,399061877,399062.0468,0
34993,15885,0,821,399061885,399062.0547,0
35085,15882,0,823,399061892,399062.0627,0
35160,15880,0,824,399061900,399062.0707,0
35219,15878,0,824,399061907,399062.0787,0
35263,15878,0,820,399061915,399062.0866,0
35294,15877,0,819,399061923,399062.0946,0
35314,15877,0,819,399061930,399062.0986,0
35325,15877,0,820,399061938,399062.1066,0
35331,15877,0,820,399061945,399062.1146,0
35332,15877,0,821,399061953,399062.1225,0
35332,15877,0,822,399061960,399062.1305,0
35332,15877,0,821,399061968,399062.1385,0
35320,15877,0,820,399061975,399062.1465,0
35293,15877,0,818,399061983,399062.1544,0
35251,15877,0,818,399061990,399062.1584,0
35189,15877,0,818,399061998,399062.1664,0
35107,15877,0,817,399062005,399062.1744,0
35006,15878,0,817,399062013,399062.1824,0
34886,15880,0,814,399062020,399062.1904,0
34748,15883,0,811,399062028,399062.1983,0
34592,15886,0,808,399062035,399062.2063,0
34424,15890,0,805,399062043,399062.2143,0
34243,15894,0,787,399062050,399062.2223,0
34052,15899,0,784,399062058,399062.2263,0
33858,15904,0,788,399062065,399062.2343,0
33661,15908,0,794,399062073,399062.2422,0
33463,15912,0,781,399062080,399062.2502,0
33265,15916,0,779,399062088,399062.2582,0
33068,15922,0,775,399062095,399062.2662,0
32866,15926,0,775,399062103,399062.2742,0
32660,15931,0,765,399062110,399062.2821,0
32446,15935,0,763,399062118,399062.2861,0
32224,15942,0,764,399062126,399062.2941,0
31995,15947,0,762,399062133,399062.3021,0
31755,15953,0,762,399062141,399062.31,0
31510,15960,0,763,399062148,399062.318,0
31255,15967,0,769,399062156,399062.326,0
30995,15976,0,771,399062163,399062.3349,0
30732,15985,0,765,399062171,399062.343,0
30465,15994,0,764,399062178,399062.3509,0
30203,16006,0,766,399062186,399062.3549,0
29939,16017,0,772,399062193,399062.3629,0
29678,16031,0,773,399062201,399062.3709,0
29419,16044,0,769,399062208,399062.3789,0
29158,16058,0,767,399062216,399062.3868,0
28901,16071,0,770,399062223,399062.3946,0
28642,16084,0,771,399062231,399062.4028,0
28386,16098,0,775,399062238,399062.4107,0
28132,16110,0,770,399062246,399062.4147,0
27880,16121,0,770,399062253,399062.4227,0
27634,16132,0,774,399062261,399062.4307,0
27394,16143,0,777,399062268,399062.4387,0
27164,16152,0,782,399062276,399062.4467,0
26942,16160,0,777,399062283,399062.4546,0
26734,16167,0,776,399062291,399062.4626,0
26536,16172,0,777,399062298,399062.4706,0
26348,16177,0,781,399062306,399062.4746,0
26171,16181,0,785,399062313,399062.4826,0
26001,16185,0,791,399062321,399062.4905,0
25835,16188,0,787,399062328,399062.4985,0
25670,16191,0,784,399062336,399062.5065,0
25512,16195,0,784,399062344,399062.5145,0
25357,16198,0,788,399062351,399062.5225,0
25205,16202,0,792,399062359,399062.5305,0
25056,16206,0,799,399062366,399062.5385,0
24913,16210,0,803,399062374,399062.5424,0
24778,16215,0,808,399062381,399062.5504,0
24648,16218,0,798,399062389,399062.5584,0
24524,16221,0,798,399062396,399062.5663,0
24407,16225,0,798,399062404,399062.5743,0
24301,16228,0,797,399062411,399062.5823,0
24201,16230,0,796,399062419,399062.5903,0
24116,16233,0,796,399062426,399062.5983,0
24040,16235,0,795,399062434,399062.6022,0
23980,16237,0,798,399062441,399062.6103,0
23933,16238,0,799,399062449,399062.6182,0
23902,16239,0,802,399062456,399062.6262,0
23882,16240,0,803,399062464,399062.6342,0
23871,16240,0,804,399062471,399062.6421,0
23870,16240,0,805,399062479,399062.6501,0
23870,16240,0,803,399062486,399062.6581,0
23886,16240,0,800,399062494,399062.666,0
23920,16240,0,796,399062501,399062.67,0
23972,16240,0,796,399062509,399062.679,0
24041,16240,0,795,399062516,399062.686,0
24127,16240,0,795,399062524,399062.694,0
24226,16235,0,794,399062531,399062.703,0
24333,16229,0,792,399062539,399062.711,0
24444,16224,0,793,399062547,399062.719,0
24560,16219,0,793,399062554,399062.727,0
24678,16214,0,795,399062562,399062.7309,0
24798,16209,0,795,399062569,399062.7389,0
24919,16205,0,797,399062577,399062.7469,0
25045,16200,0,799,399062584,399062.7548,0
25172,16195,0,794,399062592,399062.7628,0
25303,16188,0,793,399062599,399062.7708,0
25436,16182,0,791,399062607,399062.778,0
25572,16177,0,792,399062614,399062.7868,0
25715,16170,0,794,399062622,399062.7947,0
25861,16165,0,793,399062629,399062.7987,0
26010,16159,0,796,399062637,399062.8067,0
26162,16152,0,798,399062644,399062.8147,0
26321,16146,0,800,399062652,399062.8227,0
26484,16138,0,797,399062659,399062.8306,0
26649,16131,0,794,399062667,399062.8386,0
26820,16123,0,793,399062674,399062.8466,0
26994,16117,0,794,399062682,399062.8546,0
27168,16110,0,793,399062689,399062.8586,0
27341,16103,0,795,399062697,399062.8665,0
27515,16097,0,796,399062704,399062.8745,0
27687,16090,0,794,399062712,399062.8825,0
27859,16084,0,791,399062719,399062.8905,0
28029,16077,0,789,399062727,399062.8984,0
28204,16071,0,788,399062734,399062.9065,0
28378,16064,0,789,399062742,399062.9144,0
28557,16058,0,790,399062749,399062.9184,0
28737,16052,0,794,399062757,399062.9264,0
28920,16046,0,796,399062765,399062.9344,0
29105,16041,0,792,399062772,399062.9423,0
29290,16035,0,789,399062780,399062.9503,0
29475,16031,0,789,399062787,399062.9583,0
29661,16025,0,789,399062795,399062.9663,0
29844,16020,0,792,399062802,399062.9743,0
30030,16015,0,794,399062810,399062.9822,0
30218,16011,0,795,399062817,399062.9862,0
30409,16005,0,791,399062825,399062.9942,0
30604,16001,0,789,399062832,399063.0022,0
30809,15996,0,790,399062840,399063.0102,0
31018,15991,0,790,399062847,399063.0181,0
31234,15984,0,794,399062855,399063.0261,0
31457,15977,0,796,399062862,399063.0341,0
31683,15971,0,794,399062870,399063.0421,0
31916,15963,0,787,399062877,399063.0461,0
32150,15955,0,788,399062885,399063.054,0
32389,15948,0,792,399062892,399063.063,0
32628,15942,0,793,399062900,399063.07,0
32866,15936,0,795,399062907,399063.0781,0
33100,15931,0,792,399062915,399063.086,0
33327,15926,0,791,399062922,399063.094,0
33542,15922,0,791,399062930,399063.1029,0
33744,15917,0,793,399062937,399063.1109,0
33929,15913,0,795,399062945,399063.1149,0
34095,15908,0,794,399062952,399063.1229,0
34242,15904,0,792,399062960,399063.1308,0
34368,15899,0,790,399062968,399063.1388,0
34474,15897,0,790,399062975,399063.1468,0
34560,15894,0,789,399062983,399063.1548,0
34623,15893,0,789,399062990,399063.1627,0
34667,15892,0,791,399062998,399063.1707,0
34695,15890,0,791,399063005,399063.1747,0
34711,15889,0,790,399063013,399063.1827,0
34717,15889,0,791,399063020,399063.1907,0
34717,15889,0,791,399063028,399063.1987,0
34717,15888,0,792,399063035,399063.2066,0
34708,15888,0,789,399063043,399063.2146,0
34682,15888,0,789,399063050,399063.2226,0
34645,15888,0,789,399063058,399063.2306,0
34593,15888,0,787,399063065,399063.2346,0
34527,15888,0,786,399063073,399063.2425,0
34449,15888,0,786,399063080,399063.2505,0
34359,15889,0,786,399063088,399063.2585,0
34258,15893,0,786,399063095,399063.2665,0
34151,15895,0,786,399063103,399063.2745,0
34030,15898,0,785,399063110,399063.2824,0
33902,15902,0,786,399063118,399063.2904,0
33768,15905,0,786,399063125,399063.2984,0
33625,15908,0,783,399063133,399063.3024,0
33473,15912,0,779,399063140,399063.3104,0
33314,15915,0,774,399063148,399063.3184,0
33153,15919,0,772,399063155,399063.3263,0
32986,15923,0,769,399063163,399063.3343,0
32811,15926,0,768,399063171,399063.3423,0
32633,15929,0,769,399063178,399063.3502,0
32455,15933,0,769,399063186,399063.3582,0
32274,15936,0,768,399063193,399063.3622,0
32091,15941,0,765,399063201,399063.3702,0
31909,15944,0,764,399063208,399063.378,0
31729,15948,0,764,399063216,399063.3861,0
31544,15953,0,766,399063223,399063.3941,0
31359,15956,0,767,399063231,399063.4021,0
31175,15960,0,770,399063238,399063.4101,0
30991,15963,0,768,399063246,399063.418,0
30804,15966,0,766,399063253,399063.426,0
30617,15972,0,765,399063261,399063.4301,0
30429,15975,0,764,399063268,399063.438,0
30240,15981,0,757,399063276,399063.447,0
30050,15986,0,753,399063283,399063.455,0
29860,15992,0,755,399063291,399063.463,0
29669,15996,0,756,399063298,399063.4709,0
29480,16001,0,752,399063306,399063.478,0
29291,16007,0,751,399063313,399063.4869,0
29100,16012,0,753,399063321,399063.4909,0
28909,16017,0,755,399063328,399063.4989,0
28718,16023,0,759,399063336,399063.5068,0
28526,16029,0,762,399063343,399063.5148,0
28334,16033,0,760,399063351,399063.5228,0
28142,16039,0,759,399063358,399063.5308,0
27955,16045,0,764,399063366,399063.5388,0
27764,16051,0,770,399063373,399063.5467,0
27572,16056,0,776,399063381,399063.5507,0
27382,16061,0,785,399063389,399063.5587,0
27191,16066,0,789,399063396,399063.5667,0
27002,16072,0,782,399063404,399063.5747,0
26815,16077,0,782,399063411,399063.5826,0
26634,16082,0,780,399063419,399063.5906,0
26454,16087,0,778,399063426,399063.5986,0
26277,16091,0,781,399063434,399063.6066,0
26104,16095,0,779,399063441,399063.6145,0
25936,16100,0,783,399063449,399063.6185,0
25768,16105,0,776,399063456,399063.6265,0
25603,16110,0,777,399063464,399063.6345,0
25444,16116,0,772,399063471,399063.6425,0
25289,16120,0,774,399063479,399063.6505,0
25135,16124,0,773,399063486,399063.6584,0
24984,16129,0,773,399063494,399063.6664,0
24838,16132,0,777,399063501,399063.6744,0
24697,16136,0,782,399063509,399063.678,0
24560,16138,0,779,399063516,399063.6863,0
24430,16140,0,780,399063524,399063.6943,0
24312,16143,0,783,399063531,399063.7023,0
24205,16146,0,784,399063539,399063.7103,0
24110,16147,0,786,399063546,399063.7183,0
24028,16149,0,787,399063554,399063.7262,0
23957,16150,0,783,399063561,399063.7342,0
23901,16151,0,785,399063569,399063.7422,0
23855,16152,0,785,399063576,399063.7462,0
23822,16152,0,787,399063584,399063.7542,0
23800,16152,0,786,399063592,399063.7621,0
23786,16153,0,789,399063599,399063.7701,0
23779,16153,0,788,399063607,399063.7782,0
23776,16153,0,786,399063614,399063.7861,0
23776,16153,0,783,399063622,399063.7941,0
23776,16153,0,780,399063629,399063.803,0
23790,16153,0,776,399063637,399063.807,0
23813,16153,0,773,399063644,399063.815,0
23848,16153,0,772,399063652,399063.822,0
23895,16153,0,772,399063659,399063.83,0
23949,16153,0,769,399063667,399063.839,0
24014,16153,0,767,399063674,399063.8469,0
24087,16153,0,764,399063682,399063.8549,0
24168,16150,0,763,399063689,399063.8629,0
24257,16147,0,763,399063697,399063.8668,0
24354,16144,0,763,399063704,399063.8748,0
24460,16141,0,762,399063712,399063.8828,0
24575,16139,0,764,399063719,399063.8908,0
24694,16136,0,762,399063727,399063.8988,0
24822,16133,0,762,399063734,399063.9067,0
24955,16131,0,757,399063742,399063.9147,0
25093,16128,0,754,399063749,399063.9227,0
25239,16124,0,751,399063757,399063.9307,0
25386,16121,0,745,399063764,399063.9347,0
25545,16119,0,743,399063772,399063.9426,0
25709,16114,0,744,399063779,399063.9506,0
25877,16111,0,745,399063787,399063.9586,0
26049,16107,0,747,399063794,399063.9666,0
26225,16103,0,750,399063802,399063.9745,0
26406,16100,0,749,399063810,399063.9825,0
26591,16095,0,746,399063817,399063.9905,0
26780,16092,0,743,399063825,399063.9945,0
26977,16088,0,745,399063832,399064.0025,0
27177,16082,0,746,399063840,399064.0105,0
27383,16075,0,748,399063847,399064.0185,0
27596,16070,0,750,399063855,399064.0265,0
27814,16063,0,746,399063862,399064.0344,0
28038,16056,0,745,399063870,399064.0424,0
28265,16049,0,745,399063877,399064.0504,0
28499,16042,0,745,399063885,399064.0584,0
28737,16036,0,749,399063892,399064.0624,0
28977,16030,0,752,399063900,399064.0703,0
29220,16024,0,747,399063907,399064.0781,0
29466,16016,0,745,399063915,399064.0863,0
29715,16010,0,744,399063922,399064.0942,0
29966,16004,0,748,399063930,399064.1022,0
30220,15997,0,752,399063937,399064.1103,0
30479,15991,0,749,399063945,399064.1183,0
30736,15984,0,746,399063952,399064.1223,0
30994,15978,0,746,399063960,399064.1302,0
31250,15973,0,748,399063967,399064.1382,0
31501,15967,0,751,399063975,399064.1463,0
31746,15962,0,749,399063982,399064.1542,0
31985,15957,0,746,399063990,399064.1624,0
32217,15953,0,747,399063997,399064.1703,0
32442,15948,0,749,399064005,399064.1783,0
32664,15944,0,751,399064013,399064.1863,0
32880,15939,0,753,399064020,399064.1903,0
33091,15935,0,748,399064028,399064.1982,0
33300,15932,0,747,399064035,399064.2062,0
33504,15926,0,750,399064043,399064.2142,0
33702,15922,0,750,399064050,399064.2222,0
33895,15917,0,752,399064058,399064.2302,0
34079,15913,0,755,399064065,399064.2381,0
34257,15908,0,749,399064073,399064.2461,0
34424,15904,0,749,399064080,399064.2501,0
34582,15900,0,748,399064088,399064.2581,0
34733,15897,0,749,399064095,399064.2661,0
34875,15894,0,750,399064103,399064.274,0
35011,15890,0,751,399064110,399064.282,0
35140,15887,0,752,399064118,399064.29,0
35264,15883,0,753,399064125,399064.298,0
35384,15880,0,752,399064133,399064.306,0
35496,15877,0,750,399064140,399064.311,0
35602,15874,0,748,399064148,399064.3189,0
35699,15871,0,748,399064155,399064.3269,0
35787,15870,0,747,399064163,399064.3349,0
35861,15869,0,748,399064170,399064.3429,0
35920,15868,0,749,399064178,399064.3508,0
35964,15867,0,749,399064185,399064.3588,0
35992,15867,0,749,399064193,399064.3668,0
36011,15867,0,749,399064200,399064.3748,0
36015,15867,0,749,399064208,399064.3788,0
36015,15867,0,750,399064216,399064.3867,0
35996,15867,0,750,399064223,399064.3946,0
35960,15867,0,750,399064231,399064.4027,0
35906,15867,0,751,399064238,399064.4107,0
35832,15867,0,750,399064246,399064.4187,0
35737,15867,0,750,399064253,399064.4266,0
35622,15867,0,750,399064261,399064.4346,0
35489,15871,0,749,399064268,399064.4386,0
35337,15875,0,749,399064276,399064.4466,0
35171,15877,0,748,399064283,399064.4545,0
34991,15879,0,750,399064291,399064.4625,0
34802,15882,0,749,399064298,399064.4705,0
34608,15885,0,746,399064306,399064.478,0
34410,15887,0,746,399064313,399064.4865,0
34206,15892,0,746,399064321,399064.4945,0
33999,15895,0,752,399064328,399064.5024,0
33792,15900,0,754,399064336,399064.5064,0
33580,15905,0,756,399064343,399064.5144,0
33364,15909,0,751,399064351,399064.5224,0
33141,15915,0,751,399064358,399064.5304,0
32917,15919,0,750,399064366,399064.5383,0
32687,15924,0,752,399064373,399064.5463,0
32453,15929,0,754,399064381,399064.5543,0
32214,15935,0,752,399064388,399064.5623,0
31972,15941,0,750,399064396,399064.5662,0
31722,15945,0,751,399064403,399064.5742,0
31472,15952,0,751,399064411,399064.5821,0
31215,15958,0,754,399064418,399064.59,0
30959,15965,0,756,399064426,399064.598,0
30702,15972,0,750,399064434,399064.606,0
30438,15977,0,751,399064441,399064.615,0
30179,15984,0,749,399064449,399064.622,0
29916,15992,0,750,399064456,399064.626,0
29656,15999,0,752,399064464,399064.6349,0
29397,16006,0,745,399064471,399064.6429,0
29137,16012,0,741,399064479,399064.6509,0
28887,16019,0,744,399064486,399064.6589,0
28640,16025,0,745,399064494,399064.6669,0
28402,16031,0,748,399064501,399064.6748,0
28174,16038,0,743,399064509,399064.6828,0
27953,16043,0,746,399064516,399064.6908,0
27745,16049,0,748,399064524,399064.6948,0
27543,16053,0,753,399064531,399064.7028,0
27350,16058,0,757,399064539,399064.7108,0
27164,16062,0,757,399064546,399064.7187,0
26982,16066,0,754,399064554,399064.7267,0
26803,16070,0,753,399064561,399064.7347,0
26629,16074,0,753,399064569,399064.7426,0
26457,16078,0,756,399064576,399064.7508,0
26286,16082,0,759,399064584,399064.7548,0
26118,16085,0,756,399064591,399064.7628,0
25954,16089,0,761,399064599,399064.7707,0
25797,16093,0,757,399064606,399064.7787,0
25644,16097,0,756,399064614,399064.7867,0
25505,16101,0,755,399064621,399064.7948,0
25375,16104,0,757,399064629,399064.8026,0
25257,16109,0,758,399064637,399064.8106,0
25151,16111,0,759,399064644,399064.8186,0
25057,16114,0,759,399064652,399064.8226,0
24979,16116,0,761,399064659,399064.8305,0
24916,16118,0,760,399064667,399064.8385,0
24869,16119,0,759,399064674,399064.8465,0
24834,16120,0,758,399064682,399064.8545,0
24814,16121,0,756,399064689,399064.8625,0
24805,16121,0,757,399064697,399064.8705,0
24802,16122,0,754,399064704,399064.878,0
24802,16122,0,748,399064712,399064.8824,0
24812,16122,0,738,399064719,399064.8904,0
24839,16122,0,729,399064727,399064.8983,0
24876,16122,0,729,399064734,399064.9063,0
24923,16122,0,730,399064742,399064.9143,0
24979,16122,0,730,399064749,399064.9223,0
25040,16122,0,729,399064757,399064.9302,0
25104,16122,0,728,399064764,399064.9382,0
25172,16121,0,727,399064772,399064.9462,0
25243,16120,0,729,399064779,399064.9502,0
25321,16118,0,729,399064787,399064.9582,0
25406,16116,0,729,399064794,399064.9662,0
25497,16113,0,729,399064802,399064.9742,0
25601,16111,0,731,399064809,399064.9822,0
25713,16108,0,731,399064817,399064.9902,0
25835,16104,0,730,399064824,399064.9981,0
25964,16101,0,731,399064832,399065.0061,0
26100,16098,0,732,399064839,399065.0101,0
26244,16093,0,733,399064847,399065.0181,0
26394,16090,0,730,399064855,399065.026,0
26547,16087,0,721,399064862,399065.034,0
26706,16083,0,720,399064870,399065.042,0
26868,16080,0,719,399064877,399065.051,0
27036,16077,0,719,399064885,399065.058,0
27206,16072,0,721,399064892,399065.066,0
27378,16068,0,722,399064900,399065.07,0
27556,16062,0,723,399064907,399065.078,0
27734,16058,0,721,399064915,399065.0869,0
27917,16053,0,720,399064922,399065.0948,0
28104,16048,0,720,399064930,399065.1029,0
28300,16043,0,720,399064937,399065.1108,0
28499,16038,0,721,399064945,399065.1188,0
28705,16033,0,724,399064952,399065.1268,0
28913,16027,0,727,399064960,399065.1347,0
29125,16022,0,723,399064967,399065.1387,0
29338,16016,0,721,399064975,399065.1467,0
29549,16011,0,721,399064982,399065.1547,0
29759,16004,0,721,399064990,399065.1627,0
29969,16000,0,723,399064997,399065.1707,0
30176,15994,0,725,399065005,399065.178,0
30378,15988,0,724,399065012,399065.1866,0
30577,15983,0,721,399065020,399065.1947,0
30776,15978,0,722,399065027,399065.1986,0
30970,15974,0,721,399065035,399065.2066,0
31162,15970,0,724,399065042,399065.2145,0
31355,15965,0,725,399065050,399065.2225,0
31548,15961,0,728,399065058,399065.2305,0
31741,15956,0,725,399065065,399065.2385,0
31932,15953,0,722,399065073,399065.2465,0
32127,15949,0,725,399065080,399065.2544,0
32319,15946,0,725,399065088,399065.2624,0
32509,15944,0,727,399065095,399065.2664,0
32697,15942,0,728,399065103,399065.2744,0
32881,15941,0,726,399065110,399065.2824,0
33061,15938,0,725,399065118,399065.2904,0
33236,15937,0,723,399065125,399065.2983,0
33407,15937,0,723,399065133,399065.3063,0
33574,15935,0,726,399065140,399065.3143,0
33738,15933,0,726,399065148,399065.3222,0
33900,15931,0,728,399065155,399065.3263,0
34058,15929,0,728,399065163,399065.3343,0
34215,15927,0,725,399065170,399065.3422,0
34369,15924,0,723,399065178,399065.3502,0
34518,15922,0,723,399065185,399065.3582,0
34664,15919,0,722,399065193,399065.3662,0
34806,15917,0,725,399065200,399065.3741,0
34942,15915,0,725,399065208,399065.3821,0
35071,15913,0,727,399065215,399065.3861,0
35197,15910,0,728,399065223,399065.3941,0
35315,15908,0,727,399065230,399065.402,0
35427,15905,0,726,399065238,399065.41,0
35532,15903,0,724,399065245,399065.418,0
35633,15900,0,724,399065253,399065.426,0
35729,15898,0,724,399065261,399065.434,0
35821,15896,0,725,399065268,399065.442,0
35909,15895,0,726,399065276,399065.45,0
35992,15894,0,726,399065283,399065.4549,0
36071,15894,0,726,399065291,399065.4629,0
36144,15892,0,728,399065298,399065.4709,0
36208,15892,0,728,399065306,399065.4781,0
36263,15892,0,729,399065313,399065.486,0
36308,15890,0,729,399065321,399065.4947,0
36341,15890,0,728,399065328,399065.5029,0
36363,15890,0,728,399065336,399065.5109,0
36377,15890,0,728,399065343,399065.5149,0
36382,15890,0,726,399065351,399065.5229,0
36382,15889,0,728,399065358,399065.5308,0
36378,15888,0,727,399065366,399065.5388,0
36356,15887,0,729,399065373,399065.5468,0
36324,15886,0,731,399065381,399065.5548,0
36281,15885,0,727,399065388,399065.5628,0
36225,15884,0,725,399065396,399065.5708,0
36161,15884,0,721,399065403,399065.5781,0
36087,15884,0,719,399065411,399065.5827,0
36005,15884,0,718,399065418,399065.5907,0
35911,15884,0,714,399065426,399065.5987,0
35808,15884,0,715,399065433,399065.6066,0
35696,15884,0,721,399065441,399065.6146,0
35572,15884,0,720,399065448,399065.6226,0
35441,15884,0,724,399065456,399065.6306,0
35296,15885,0,726,399065463,399065.6385,0
35146,15887,0,729,399065471,399065.6425,0
34988,15890,0,730,399065479,399065.6507,0
34826,15894,0,730,399065486,399065.6587,0
34657,15897,0,728,399065494,399065.6666,0
34486,15900,0,729,399065501,399065.6746,0
34312,15904,0,729,399065509,399065.6826,0
34131,15908,0,729,399065516,399065.6906,0
33944,15912,0,729,399065524,399065.6986,0
33750,15915,0,730,399065531,399065.7025,0
33551,15917,0,728,399065539,399065.7105,0
33343,15919,0,724,399065546,399065.7185,0
33131,15923,0,720,399065554,399065.7265,0
32914,15924,0,724,399065561,399065.7345,0
32691,15928,0,728,399065569,399065.7424,0
32462,15933,0,723,399065576,399065.7504,0
32227,15938,0,726,399065584,399065.7584,0
31990,15945,0,722,399065591,399065.7664,0
31745,15949,0,721,399065599,399065.7704,0
31502,15955,0,723,399065606,399065.7783,0
31258,15962,0,726,399065614,399065.7863,0
31020,15966,0,729,399065621,399065.7943,0
30784,15972,0,727,399065629,399065.8022,0
30553,15976,0,729,399065636,399065.8102,0
30327,15982,0,729,399065644,399065.8182,0
30105,15987,0,724,399065651,399065.8262,0
29887,15992,0,732,399065659,399065.8303,0
29671,15997,0,735,399065666,399065.8381,0
29456,16003,0,727,399065674,399065.8461,0
29242,16009,0,722,399065682,399065.8541,0
29029,16013,0,723,399065689,399065.8621,0
28815,16019,0,717,399065697,399065.87,0
28601,16023,0,717,399065704,399065.878,0
28391,16029,0,710,399065712,399065.886,0
28181,16034,0,708,399065719,399065.894,0
27977,16040,0,709,399065727,399065.898,0
27779,16045,0,711,399065734,399065.906,0
27588,16050,0,718,399065742,399065.9149,0
27404,16055,0,724,399065749,399065.9229,0
27234,16060,0,723,399065757,399065.9309,0
27075,16064,0,722,399065764,399065.938,0
26924,16069,0,717,399065772,399065.946,0
26783,16073,0,718,399065779,399065.9539,0
26653,16078,0,717,399065787,399065.959,0
26531,16081,0,718,399065794,399065.9669,0
26415,16084,0,716,399065802,399065.9748,0
26303,16088,0,720,399065809,399065.9828,0
26197,16090,0,717,399065817,399065.9909,0
26100,16093,0,722,399065824,399065.9988,0
26007,16095,0,720,399065832,399066.0068,0
25920,16098,0,720,399065839,399066.0148,0
25841,16100,0,718,399065847,399066.0228,0
25771,16102,0,719,399065854,399066.0268,0
25708,16103,0,721,399065862,399066.0347,0
25652,16104,0,720,399065869,399066.0427,0
25606,16104,0,720,399065877,399066.0507,0
25566,16104,0,721,399065885,399066.0587,0
25535,16105,0,720,399065892,399066.0666,0
25514,16105,0,721,399065900,399066.0746,0
25501,16105,0,719,399065907,399066.0826,0
25495,16105,0,720,399065915,399066.0866,0
25492,16105,0,719,399065922,399066.0946,0
25492,16105,0,712,399065930,399066.1026,0
25492,16105,0,704,399065937,399066.1105,0
25511,16105,0,701,399065945,399066.1185,0
25542,16105,0,699,399065952,399066.1265,0
25587,16105,0,699,399065960,399066.1345,0
25650,16105,0,699,399065967,399066.1425,0
25728,16105,0,699,399065975,399066.1465,0
25817,16105,0,700,399065982,399066.1544,0
25921,16105,0,700,399065990,399066.1624,0
26029,16105,0,702,399065997,399066.1704,0
26148,16104,0,702,399066005,399066.178,0
26273,16102,0,703,399066012,399066.1863,0
26408,16099,0,699,399066020,399066.1943,0
26550,16097,0,700,399066027,399066.2023,0
26699,16093,0,698,399066035,399066.2103,0
26860,16090,0,699,399066042,399066.2143,0
27028,16085,0,700,399066050,399066.2223,0
27203,16081,0,701,399066057,399066.2302,0
27386,16077,0,703,399066065,399066.2382,0
27573,16072,0,705,399066072,399066.2462,0
27765,16068,0,703,399066080,399066.2541,0
27961,16062,0,701,399066087,399066.2621,0
28160,16059,0,699,399066095,399066.2701,0
28362,16054,0,701,399066103,399066.2741,0
28566,16050,0,703,399066110,399066.2821,0
28770,16044,0,703,399066118,399066.29,0
28977,16039,0,707,399066125,399066.298,0
29187,16034,0,702,399066133,399066.306,0
29400,16030,0,701,399066140,399066.314,0
29616,16025,0,702,399066148,399066.3229,0
29837,16021,0,702,399066155,399066.3309,0
30059,16016,0,705,399066163,399066.3389,0
30282,16013,0,707,399066170,399066.3429,0
30505,16010,0,701,399066178,399066.3509,0
30726,16006,0,699,399066185,399066.3589,0
30944,16003,0,699,399066193,399066.3668,0
31161,16000,0,702,399066200,399066.3748,0
31377,15996,0,704,399066208,399066.3828,0
31590,15993,0,708,399066215,399066.3908,0
31800,15988,0,703,399066223,399066.3988,0
32009,15984,0,701,399066230,399066.4028,0
32216,15980,0,702,399066238,399066.4107,0
32420,15976,0,703,399066245,399066.4187,0
32623,15972,0,706,399066253,399066.4267,0
32824,15968,0,708,399066260,399066.4347,0
33024,15966,0,703,399066268,399066.4427,0
33220,15964,0,702,399066275,399066.4506,0
33414,15961,0,702,399066283,399066.4586,0
33604,15958,0,704,399066290,399066.4626,0
33791,15956,0,705,399066298,399066.4706,0
33975,15955,0,707,399066306,399066.4782,0
34156,15953,0,705,399066313,399066.4865,0
34332,15952,0,702,399066321,399066.4945,0
34504,15952,0,699,399066328,399066.5025,0
34674,15951,0,699,399066336,399066.5104,0
34837,15951,0,702,399066343,399066.5185,0
34993,15949,0,704,399066351,399066.5264,0
35140,15948,0,707,399066358,399066.5304,0
35278,15948,0,708,399066366,399066.5384,0
35406,15947,0,702,399066373,399066.5464,0
35518,15946,0,701,399066381,399066.5544,0
35619,15944,0,701,399066388,399066.5623,0
35707,15942,0,699,399066396,399066.5703,0
35782,15941,0,690,399066403,399066.5781,0
35843,15939,0,688,399066411,399066.5863,0
35893,15938,0,687,399066418,399066.5902,0
35930,15937,0,688,399066426,399066.5982,0
35955,15937,0,689,399066433,399066.6062,0
35971,15937,0,690,399066441,399066.6142,0
35980,15937,0,688,399066448,399066.6221,0
35983,15937,0,691,399066456,399066.6301,0
35983,15937,0,692,399066463,399066.6381,0
35980,15937,0,694,399066471,399066.6461,0
35960,15937,0,697,399066478,399066.6541,0
35933,15937,0,696,399066486,399066.658,0
35894,15937,0,696,399066493,399066.666,0
35843,15937,0,696,399066501,399066.674,0
35783,15937,0,694,399066508,399066.682,0
35713,15937,0,692,399066516,399066.69,0
35633,15937,0,692,399066524,399066.698,0
35545,15937,0,691,399066531,399066.707,0
35449,15937,0,692,399066539,399066.7149,0
35344,15937,0,691,399066546,399066.7189,0
35227,15938,0,690,399066554,399066.7269,0
35101,15939,0,691,399066561,399066.7349,0
34968,15939,0,690,399066569,399066.7428,0
34823,15939,0,687,399066576,399066.7508,0
34673,15939,0,688,399066584,399066.7588,0
34517,15939,0,689,399066591,399066.7668,0
34359,15939,0,686,399066599,399066.7748,0
34191,15939,0,682,399066606,399066.7828,0
34019,15939,0,691,399066614,399066.7867,0
33843,15939,0,690,399066621,399066.7947,0
33661,15939,0,688,399066629,399066.8027,0
33475,15942,0,689,399066636,399066.8107,0
33282,15945,0,685,399066644,399066.8187,0
33090,15949,0,688,399066651,399066.8266,0
32894,15953,0,690,399066659,399066.8346,0
32696,15957,0,690,399066666,399066.8425,0
32499,15962,0,693,399066674,399066.8465,0
32299,15965,0,695,399066681,399066.8545,0
32099,15970,0,685,399066689,399066.8625,0
31897,15974,0,693,399066696,399066.8705,0
31693,15978,0,692,399066704,399066.878,0
31489,15984,0,695,399066711,399066.8865,0
31282,15988,0,697,399066719,399066.8945,0
31074,15992,0,695,399066727,399066.9024,0
30863,15995,0,694,399066734,399066.9064,0
30652,15999,0,691,399066742,399066.9144,0
30441,16002,0,690,399066749,399066.9223,0
30230,16004,0,693,399066757,399066.9303,0
30019,16007,0,703,399066764,399066.9383,0
29810,16011,0,710,399066772,399066.9463,0
29604,16014,0,707,399066779,399066.9542,0
29398,16019,0,705,399066787,399066.9622,0
29200,16023,0,707,399066794,399066.9662,0
29001,16029,0,707,399066802,399066.9742,0
28802,16032,0,706,399066809,399066.9822,0
28608,16038,0,707,399066817,399066.9901,0
28414,16042,0,705,399066824,399066.9981,0
28221,16046,0,703,399066832,399067.0061,0
28029,16051,0,698,399066839,399067.0141,0
27839,16055,0,701,399066847,399067.0221,0
27650,16060,0,699,399066854,399067.0301,0
27463,16064,0,702,399066862,399067.034,0
27280,16070,0,696,399066869,399067.042,0
27097,16074,0,699,399066877,399067.05,0
26919,16079,0,695,399066884,399067.058,0
26746,16084,0,695,399066892,399067.066,0
26580,16089,0,694,399066899,399067.075,0
26416,16093,0,695,399066907,399067.0829,0
26258,16098,0,700,399066914,399067.0909,0
26107,16101,0,698,399066922,399067.0988,0
25964,16105,0,701,399066930,399067.1029,0
25825,16108,0,699,399066937,399067.1109,0
25692,16111,0,697,399066945,399067.1189,0
25567,16114,0,697,399066952,399067.1268,0
25450,16118,0,702,399066960,399067.1348,0
25342,16121,0,701,399066967,399067.1428,0
25243,16124,0,704,399066975,399067.1507,0
25158,16127,0,707,399066982,399067.1587,0
25087,16129,0,710,399066990,399067.1627,0
25030,16130,0,715,399066997,399067.1707,0
24987,16131,0,716,399067005,399067.178,0
24959,16131,0,717,399067012,399067.1866,0
24940,16131,0,718,399067020,399067.1947,0
24931,16131,0,716,399067027,399067.2026,0
24926,16132,0,713,399067035,399067.2106,0
24924,16132,0,712,399067042,399067.2186,0
24924,16132,0,710,399067050,399067.2225,0
24924,16132,0,710,399067057,399067.2305,0
24924,16132,0,709,399067065,399067.2385,0
24924,16132,0,706,399067072,399067.2465,0
24924,16132,0,704,399067080,399067.2545,0
24935,16132,0,702,399067087,399067.2624,0
24955,16132,0,702,399067095,399067.2704,0
24985,16132,0,702,399067102,399067.278,0
25024,16132,0,702,399067110,399067.2864,0
25072,16132,0,701,399067117,399067.2904,0
25130,16132,0,701,399067125,399067.2983,0
25195,16132,0,700,399067132,399067.3063,0
25269,16132,0,701,399067140,399067.3143,0
25352,16132,0,700,399067148,399067.3223,0
25442,16132,0,697,399067155,399067.3303,0
25538,16131,0,698,399067163,399067.3383,0
25644,16130,0,696,399067170,399067.3463,0
25757,16128,0,691,399067178,399067.3502,0
25879,16124,0,688,399067185,399067.3582,0
26007,16122,0,688,399067193,399067.3662,0
26141,16119,0,690,399067200,399067.3741,0
26284,16116,0,691,399067208,399067.3821,0
26431,16112,0,689,399067215,399067.3901,0
26587,16109,0,687,399067223,399067.3981,0
26748,16107,0,687,399067230,399067.4061,0
26916,16103,0,686,399067238,399067.414,0
27092,16100,0,688,399067245,399067.418,0
27275,16097,0,688,399067253,399067.426,0
27462,16093,0,693,399067260,399067.434,0
27655,16090,0,694,399067268,399067.442,0
27851,16087,0,691,399067275,399067.451,0
28051,16083,0,687,399067283,399067.4589,0
28254,16079,0,688,399067290,399067.4669,0
28461,16077,0,689,399067298,399067.4749,0
28673,16074,0,693,399067305,399067.4781,0
28888,16072,0,694,399067313,399067.4869,0
29108,16072,0,694,399067320,399067.4948,0
29328,16072,0,690,399067328,399067.5028,0
29552,16072,0,688,399067335,399067.5108,0
29778,16072,0,690,399067343,399067.5188,0
30002,16072,0,690,399067351,399067.5268,0
30225,16072,0,695,399067358,399067.5347,0
30448,16071,0,692,399067366,399067.5387,0
30670,16068,0,688,399067373,399067.5467,0
30889,16065,0,681,399067381,399067.5547,0
31106,16062,0,663,399067388,399067.5627,0
31320,16058,0,659,399067396,399067.5706,0
31529,16053,0,664,399067403,399067.5781,0
31735,16049,0,655,399067411,399067.5866,0
31934,16043,0,653,399067418,399067.5946,0
32128,16040,0,656,399067426,399067.6026,0
32314,16034,0,651,399067433,399067.6065,0
32492,16030,0,644,399067441,399067.6145,0
32662,16024,0,647,399067448,399067.6225,0
32824,16019,0,646,399067456,399067.6305,0
32978,16015,0,643,399067463,399067.6385,0
33122,16011,0,652,399067471,399067.6464,0
33257,16007,0,646,399067478,399067.6544,0
33382,16005,0,645,399067486,399067.6624,0
33499,16002,0,645,399067493,399067.6664,0
33605,16000,0,640,399067501,399067.6744,0
33702,15997,0,614,399067508,399067.6823,0
33791,15995,0,618,399067516,399067.6903,0
33870,15994,0,618,399067523,399067.6983,0
33940,15992,0,617,399067531,399067.7063,0
33999,15991,0,614,399067538,399067.7143,0
34051,15990,0,614,399067546,399067.7222,0
34094,15988,0,613,399067553,399067.7302,0
34129,15988,0,614,399067561,399067.7342,0
34157,15987,0,614,399067569,399067.7422,0
34175,15987,0,613,399067576,399067.7501,0
34188,15987,0,614,399067584,399067.7581,0
34196,15987,0,614,399067591,399067.7661,0
34198,15987,0,615,399067599,399067.7741,0
34198,15987,0,615,399067606,399067.7821,0
34195,15987,0,618,399067614,399067.79,0
34177,15987,0,625,399067621,399067.794,0
34147,15987,0,630,399067629,399067.802,0
34106,15987,0,634,399067636,399067.81,0
34052,15987,0,631,399067644,399067.818,0
33983,15987,0,636,399067651,399067.827,0
33903,15987,0,637,399067659,399067.8349,0
33813,15986,0,642,399067666,399067.8429,0
33714,15986,0,642,399067674,399067.8509,0
33608,15986,0,643,399067681,399067.8589,0
33492,15986,0,643,399067689,399067.8629,0
33374,15986,0,642,399067696,399067.8708,0
33247,15986,0,647,399067704,399067.878,0
33114,15986,0,649,399067711,399067.8868,0
32974,15986,0,649,399067719,399067.8948,0
32825,15986,0,654,399067726,399067.9028,0
32673,15986,0,653,399067734,399067.9107,0
32512,15988,0,655,399067741,399067.9187,0
32347,15992,0,653,399067749,399067.9227,0
32175,15994,0,651,399067756,399067.9307,0
31996,15996,0,647,399067764,399067.9387,0
31814,16001,0,649,399067772,399067.9466,0
31627,16004,0,650,399067779,399067.9546,0
31435,16007,0,652,399067787,399067.9626,0
31242,16011,0,649,399067794,399067.9705,0
31048,16015,0,654,399067802,399067.978,0
30851,16020,0,649,399067809,399067.9825,0
30652,16024,0,649,399067817,399067.9905,0
30450,16029,0,648,399067824,399067.9984,0
30247,16034,0,650,399067832,399068.0065,0
30040,16039,0,652,399067839,399068.0145,0
29832,16044,0,656,399067847,399068.0224,0
29624,16050,0,662,399067854,399068.0304,0
29414,16055,0,652,399067862,399068.0384,0
29206,16060,0,655,399067869,399068.0464,0
28998,16065,0,657,399067877,399068.0504,0
28791,16071,0,662,399067884,399068.0583,0
28585,16075,0,663,399067892,399068.0663,0
28382,16080,0,662,399067899,399068.0743,0
28178,16084,0,659,399067907,399068.0823,0
27979,16090,0,659,399067914,399068.0902,0
27775,16093,0,659,399067922,399068.0982,0
27572,16098,0,665,399067929,399068.1062,0
27370,16101,0,667,399067937,399068.1102,0
27164,16103,0,671,399067944,399068.1182,0
26959,16107,0,666,399067952,399068.1261,0
26754,16110,0,670,399067959,399068.1341,0
26550,16112,0,667,399067967,399068.1421,0
26350,16116,0,672,399067975,399068.1501,0
26150,16119,0,673,399067982,399068.158,0
25955,16122,0,676,399067990,399068.166,0
25763,16124,0,672,399067997,399068.174,0
25572,16128,0,673,399068005,399068.1781,0
25391,16132,0,671,399068012,399068.186,0
25210,16136,0,672,399068020,399068.1949,0
25034,16138,0,675,399068027,399068.203,0
24866,16141,0,676,399068035,399068.21,0
24709,16146,0,677,399068042,399068.219,0
24561,16149,0,673,399068050,399068.227,0
24423,16152,0,676,399068057,399068.234,0
24300,16156,0,678,399068065,399068.238,0
24189,16160,0,679,399068072,399068.246,0
24093,16165,0,684,399068080,399068.254,0
24008,16169,0,684,399068087,399068.2629,0
23935,16173,0,686,399068095,399068.27,0
23876,16178,0,687,399068102,399068.2782,0
23827,16182,0,686,399068110,399068.2869,0
23787,16186,0,685,399068117,399068.2947,0
23757,16188,0,684,399068125,399068.2989,0
23733,16191,0,686,399068132,399068.3068,0
23717,16192,0,686,399068140,399068.3148,0
23707,16194,0,686,399068147,399068.3228,0
23702,16194,0,684,399068155,399068.3308,0
23700,16194,0,686,399068162,399068.3388,0
23700,16194,0,683,399068170,399068.3467,0
23702,16194,0,680,399068177,399068.3547,0
23722,16194,0,677,399068185,399068.3627,0
23753,16194,0,676,399068193,399068.3667,0
23794,16194,0,676,399068200,399068.3747,0
23848,16194,0,674,399068208,399068.3826,0
23912,16194,0,673,399068215,399068.3906,0
23987,16194,0,673,399068223,399068.3987,0
24068,16194,0,674,399068230,399068.4067,0
24159,16194,0,674,399068238,399068.4147,0
24259,16191,0,673,399068245,399068.4227,0
24368,16189,0,674,399068253,399068.4267,0
24487,16186,0,675,399068260,399068.4346,0
24613,16182,0,675,399068268,399068.4426,0
24747,16178,0,677,399068275,399068.4506,0
24887,16173,0,677,399068283,399068.4585,0
25034,16167,0,677,399068290,399068.4665,0
25186,16161,0,674,399068298,399068.4745,0
25342,16153,0,672,399068305,399068.4825,0
25502,16146,0,670,399068313,399068.4905,0
25670,16139,0,669,399068320,399068.4945,0
25843,16131,0,671,399068328,399068.5024,0
26021,16123,0,673,399068335,399068.5104,0
26204,16116,0,674,399068343,399068.5184,0
26395,16108,0,675,399068350,399068.5264,0
26592,16101,0,671,399068358,399068.5343,0
26793,16094,0,670,399068365,399068.5423,0
27000,16088,0,669,399068373,399068.5503,0
27212,16081,0,671,399068380,399068.5543,0
27425,16074,0,672,399068388,399068.5623,0
27638,16069,0,675,399068396,399068.5703,0
27850,16062,0,674,399068403,399068.5781,0
28063,16055,0,669,399068411,399068.5862,0
28275,16050,0,671,399068418,399068.5942,0
28488,16044,0,672,399068426,399068.6022,0
28702,16038,0,676,399068433,399068.6101,0
28918,16031,0,677,399068441,399068.6142,0
29134,16024,0,676,399068448,399068.6221,0
29350,16017,0,672,399068456,399068.6301,0
29566,16012,0,674,399068463,399068.6381,0
29783,16004,0,675,399068471,399068.6461,0
29998,16000,0,675,399068478,399068.654,0
30214,15994,0,677,399068486,399068.662,0
30433,15990,0,677,399068493,399068.671,0
30652,15985,0,674,399068501,399068.6781,0
30873,15980,0,673,399068508,399068.682,0
31091,15975,0,675,399068516,399068.6909,0
31309,15971,0,675,399068523,399068.6989,0
31522,15965,0,678,399068531,399068.7069,0
31732,15960,0,674,399068538,399068.7149,0
31936,15955,0,671,399068546,399068.7228,0
32138,15949,0,672,399068553,399068.7308,0
32338,15945,0,671,399068561,399068.7388,0
32537,15941,0,672,399068568,399068.7428,0
32735,15936,0,674,399068576,399068.7508,0
32934,15932,0,673,399068583,399068.7587,0
33131,15926,0,671,399068591,399068.7667,0
33329,15923,0,670,399068598,399068.7747,0
33525,15921,0,669,399068606,399068.7827,0
33720,15917,0,672,399068614,399068.7907,0
33913,15915,0,673,399068621,399068.7986,0
34105,15913,0,675,399068629,399068.8066,0
34297,15912,0,671,399068636,399068.8106,0
34488,15909,0,669,399068644,399068.8186,0
34682,15908,0,669,399068651,399068.8266,0
34873,15908,0,671,399068659,399068.8345,0
35064,15907,0,673,399068666,399068.8425,0
35252,15907,0,674,399068674,399068.8505,0
35437,15907,0,675,399068681,399068.8585,0
35615,15907,0,671,399068689,399068.8664,0
35784,15907,0,671,399068696,399068.8704,0
35946,15907,0,671,399068704,399068.878,0
36095,15907,0,673,399068711,399068.8864,0
36230,15906,0,676,399068719,399068.8944,0
36355,15906,0,678,399068726,399068.9024,0
36469,15904,0,680,399068734,399068.9104,0
36573,15903,0,681,399068741,399068.9183,0
36667,15903,0,680,399068749,399068.9263,0
36752,15903,0,682,399068756,399068.9343,0
36831,15903,0,683,399068764,399068.9383,0
36898,15903,0,682,399068771,399068.9463,0
36954,15903,0,683,399068779,399068.9542,0
36999,15903,0,683,399068786,399068.9622,0
37031,15903,0,683,399068794,399068.9702,0
37052,15903,0,683,399068801,399068.978,0
37064,15903,0,682,399068809,399068.9861,0
37069,15903,0,683,399068817,399068.9941,0
37069,15903,0,684,399068824,399068.9981,0
37067,15903,0,683,399068832,399069.0061,0
37047,15903,0,682,399068839,399069.014,0
37016,15903,0,681,399068847,399069.022,0
36975,15903,0,681,399068854,399069.03,0
36921,15903,0,680,399068862,399069.038,0
36857,15905,0,674,399068869,399069.0469,0
36783,15908,0,669,399068877,399069.054,0
36701,15912,0,662,399068884,399069.0589,0
36607,15914,0,658,399068892,399069.0669,0
36502,15916,0,647,399068899,399069.0749,0
36387,15919,0,635,399068907,399069.082,0
36261,15922,0,627,399068914,399069.09,0
36123,15925,0,630,399068922,399069.098,0
35971,15928,0,630,399068929,399069.106,0
35811,15931,0,631,399068937,399069.115,0
35644,15935,0,637,399068944,399069.1229,0
35463,15938,0,654,399068952,399069.1269,0
35272,15941,0,663,399068959,399069.1348,0
35075,15944,0,668,399068967,399069.1428,0
34869,15945,0,673,399068974,399069.1508,0
34656,15946,0,673,399068982,399069.1588,0
34433,15947,0,676,399068989,399069.1668,0
34200,15948,0,677,399068997,399069.1748,0
33959,15948,0,684,399069004,399069.1828,0
33706,15949,0,689,399069012,399069.1867,0
33443,15951,0,695,399069020,399069.1947,0
33169,15953,0,697,399069027,399069.2027,0
32887,15954,0,702,399069035,399069.2107,0
32600,15958,0,711,399069042,399069.2187,0
32303,15964,0,717,399069050,399069.2266,0
32003,15970,0,715,399069057,399069.2346,0
31691,15975,0,715,399069065,399069.2426,0
31372,15982,0,716,399069072,399069.2506,0
31047,15990,0,721,399069080,399069.2546,0
30714,15997,0,717,399069087,399069.2626,0
30384,16004,0,715,399069095,399069.2705,0
30054,16012,0,719,399069102,399069.2781,0
29733,16020,0,725,399069110,399069.2865,0
29424,16027,0,723,399069117,399069.2945,0
29125,16034,0,722,399069125,399069.3025,0
28843,16042,0,725,399069132,399069.3104,0
28569,16050,0,727,399069140,399069.3144,0
28307,16056,0,720,399069147,399069.3224,0
28051,16064,0,717,399069155,399069.3304,0
27796,16071,0,709,399069162,399069.3384,0
27543,16078,0,702,399069170,399069.3463,0
27288,16087,0,692,399069177,399069.3543,0
27031,16093,0,689,399069185,399069.3623,0
26772,16100,0,688,399069192,399069.3703,0
26507,16105,0,684,399069200,399069.3742,0
26249,16111,0,688,399069207,399069.3822,0
25991,16116,0,689,399069215,399069.3902,0
25742,16119,0,687,399069222,399069.3981,0
25507,16121,0,683,399069230,399069.4062,0
25282,16122,0,686,399069238,399069.4141,0
25081,16124,0,687,399069245,399069.4221,0
24895,16127,0,687,399069253,399069.4302,0
24729,16129,0,684,399069260,399069.4381,0
24581,16132,0,682,399069268,399069.4421,0
24448,16137,0,684,399069275,399069.45,0
24333,16141,0,686,399069283,399069.458,0
24232,16148,0,686,399069290,399069.467,0
24147,16152,0,687,399069298,399069.4749,0
24077,16157,0,690,399069305,399069.483,0
24023,16161,0,690,399069313,399069.4909,0
23983,16163,0,691,399069320,399069.4989,0
23956,16166,0,693,399069328,399069.5029,0
23939,16166,0,697,399069335,399069.5109,0
23930,16167,0,699,399069343,399069.5189,0
23930,16167,0,698,399069350,399069.5268,0
23930,16167,0,697,399069358,399069.5348,0
23946,16167,0,696,399069365,399069.5428,0
23977,16167,0,696,399069373,399069.5508,0
24021,16167,0,696,399069380,399069.5588,0
24079,16167,0,696,399069388,399069.5668,0
24150,16167,0,696,399069395,399069.5707,0
24232,16167,0,696,399069403,399069.5782,0
24327,16163,0,696,399069410,399069.5867,0
24434,16160,0,698,399069418,399069.5947,0
24557,16157,0,701,399069425,399069.6026,0
24694,16152,0,701,399069433,399069.6106,0
24846,16148,0,704,399069441,399069.6186,0
25011,16143,0,705,399069448,399069.6266,0
25187,16139,0,703,399069456,399069.6306,0
25374,16134,0,699,399069463,399069.6385,0
25567,16130,0,696,399069471,399069.6465,0
25767,16126,0,697,399069478,399069.6545,0
25969,16121,0,699,399069486,399069.6625,0
26175,16118,0,701,399069493,399069.6705,0
26379,16114,0,705,399069501,399069.6781,0
26585,16110,0,699,399069508,399069.6864,0
26789,16105,0,696,399069516,399069.6904,0
26995,16102,0,697,399069523,399069.6984,0
27202,16098,0,697,399069531,399069.7064,0
27411,16093,0,701,399069538,399069.7145,0
27621,16089,0,704,399069546,399069.7224,0
27832,16085,0,702,399069553,399069.7304,0
28042,16080,0,698,399069561,399069.7384,0
28253,16075,0,697,399069568,399069.7464,0
28465,16071,0,698,399069576,399069.7544,0
28675,16068,0,701,399069583,399069.7583,0
28888,16063,0,703,399069591,399069.7663,0
29104,16061,0,701,399069598,399069.7743,0
29321,16059,0,698,399069606,399069.7823,0
29540,16056,0,697,399069613,399069.7902,0
29762,16055,0,699,399069621,399069.7982,0
29984,16053,0,701,399069628,399069.8062,0
30205,16052,0,703,399069636,399069.8142,0
30428,16051,0,700,399069644,399069.8182,0
30652,16049,0,698,399069651,399069.8261,0
30873,16048,0,697,399069659,399069.8341,0
31093,16045,0,698,399069666,399069.8421,0
31309,16044,0,700,399069674,399069.8501,0
31520,16042,0,702,399069681,399069.8581,0
31727,16039,0,697,399069689,399069.866,0
31925,16035,0,695,399069696,399069.874,0
32118,16032,0,692,399069704,399069.8781,0
32306,16027,0,679,399069711,399069.886,0
32488,16024,0,668,399069719,399069.894,0
32666,16020,0,668,399069726,399069.902,0
32840,16015,0,657,399069734,399069.9109,0
33008,16011,0,653,399069741,399069.9189,0
33170,16006,0,650,399069749,399069.9269,0
33329,16003,0,649,399069756,399069.9348,0
33486,15999,0,653,399069764,399069.9428,0
33637,15995,0,650,399069771,399069.9468,0
33784,15991,0,649,399069779,399069.9548,0
33928,15987,0,658,399069786,399069.9628,0
34067,15985,0,652,399069794,399069.9708,0
34205,15982,0,651,399069801,399069.9781,0
34336,15978,0,649,399069809,399069.9867,0
34461,15977,0,648,399069816,399069.9947,0
34581,15976,0,651,399069824,399070.0027,0
34698,15974,0,652,399069831,399070.0106,0
34810,15973,0,651,399069839,399070.0147,0
34915,15971,0,650,399069846,399070.0226,0
35017,15970,0,651,399069854,399070.0306,0
35114,15968,0,651,399069862,399070.0386,0
35207,15966,0,625,399069869,399070.0466,0
35291,15964,0,623,399069877,399070.0545,0
35368,15963,0,624,399069884,399070.0625,0
35436,15961,0,621,399069892,399070.0705,0
35491,15958,0,623,399069899,399070.0745,0
35533,15958,0,623,399069907,399070.0825,0
35564,15957,0,623,399069914,399070.0905,0
35583,15956,0,622,399069922,399070.0984,0
35595,15956,0,623,399069929,399070.1064,0
35597,15955,0,624,399069937,399070.1144,0
35597,15954,0,626,399069944,399070.1224,0
35588,15953,0,642,399069952,399070.1304,0
35559,15952,0,648,399069959,399070.1343,0
35511,15952,0,656,399069967,399070.1423,0
35447,15952,0,658,399069974,399070.1503,0
35363,15952,0,651,399069982,399070.1583,0
35263,15952,0,651,399069989,399070.1662,0
35154,15952,0,650,399069997,399070.1742,0
35038,15952,0,648,399070004,399070.1822,0
34916,15953,0,654,399070012,399070.1902,0
34785,15955,0,654,399070019,399070.1981,0
34648,15957,0,660,399070027,399070.2021,0
34504,15960,0,667,399070034,399070.2101,0
34349,15964,0,666,399070042,399070.2181,0
34180,15967,0,664,399070049,399070.2261,0
33998,15972,0,665,399070057,399070.234,0
33806,15977,0,665,399070065,399070.2431,0
33600,15983,0,671,399070072,399070.251,0
33385,15988,0,649,399070080,399070.259,0
33158,15993,0,660,399070087,399070.263,0
32924,15997,0,659,399070095,399070.27,0
32682,16002,0,660,399070102,399070.2781,0
32432,16005,0,651,399070110,399070.2869,0
32177,16009,0,666,399070117,399070.2947,0
31916,16012,0,663,399070125,399070.3029,0
31648,16014,0,664,399070132,399070.3108,0
31377,16017,0,667,399070140,399070.3188,0
31098,16021,0,677,399070147,399070.3268,0
30819,16024,0,679,399070155,399070.3308,0
30533,16026,0,683,399070162,399070.3388,0
30243,16030,0,689,399070170,399070.3467,0
29952,16034,0,692,399070177,399070.3547,0
29657,16039,0,698,399070185,399070.3627,0
29360,16044,0,695,399070192,399070.3707,0
29067,16050,0,693,399070200,399070.3781,0
28781,16056,0,697,399070207,399070.3866,0
28502,16064,0,700,399070215,399070.3906,0
28236,16071,0,698,399070222,399070.3986,0
27985,16078,0,697,399070230,399070.4066,0
27750,16084,0,695,399070237,399070.4146,0
27532,16090,0,697,399070245,399070.4226,0
27330,16095,0,697,399070252,399070.4305,0
27145,16100,0,695,399070260,399070.4385,0
26978,16105,0,689,399070267,399070.4465,0
26823,16109,0,689,399070275,399070.4505,0
26683,16113,0,688,399070283,399070.4584,0
26554,16117,0,689,399070290,399070.4664,0
26431,16120,0,688,399070298,399070.4744,0
26311,16122,0,682,399070305,399070.4824,0
26197,16123,0,676,399070313,399070.4904,0
26084,16126,0,678,399070320,399070.4983,0
25974,16127,0,675,399070328,399070.5063,0
25867,16127,0,675,399070335,399070.5143,0
25763,16127,0,676,399070343,399070.5183,0
25667,16127,0,676,399070350,399070.5263,0
25580,16128,0,676,399070358,399070.5342,0
25502,16128,0,676,399070365,399070.5422,0
25433,16128,0,681,399070373,399070.5502,0
25374,16128,0,683,399070380,399070.5582,0
25325,16128,0,684,399070388,399070.5661,0
25288,16128,0,681,399070395,399070.5741,0
25257,16128,0,680,399070403,399070.5782,0
25234,16128,0,676,399070410,399070.5861,0
25215,16128,0,676,399070418,399070.5941,0
25203,16128,0,673,399070425,399070.6021,0
25194,16128,0,669,399070433,399070.61,0
25189,16128,0,668,399070440,399070.619,0
25186,16128,0,667,399070448,399070.626,0
25184,16128,0,667,399070455,399070.634,0
25184,16128,0,665,399070463,399070.642,0
25184,16128,0,660,399070470,399070.646,0
25199,16128,0,654,399070478,399070.6549,0
25226,16128,0,650,399070486,399070.6629,0
25269,16128,0,650,399070493,399070.6709,0
25327,16128,0,649,399070501,399070.6781,0
25401,16128,0,647,399070508,399070.6868,0
25489,16128,0,648,399070516,399070.6948,0
25587,16126,0,647,399070523,399070.7028,0
25697,16122,0,645,399070531,399070.7068,0
25817,16119,0,630,399070538,399070.7148,0
25946,16114,0,634,399070546,399070.7227,0
26080,16111,0,633,399070553,399070.7307,0
26223,16107,0,631,399070561,399070.7387,0
26368,16102,0,624,399070568,399070.7467,0
26522,16098,0,586,399070576,399070.7546,0
26683,16093,0,590,399070583,399070.7626,0
26852,16089,0,588,399070591,399070.7706,0
27031,16083,0,593,399070598,399070.7746,0
27217,16077,0,594,399070606,399070.7826,0
27411,16072,0,598,399070613,399070.7906,0
27611,16065,0,599,399070621,399070.7986,0
27813,16059,0,598,399070628,399070.8065,0
28019,16053,0,598,399070636,399070.8145,0
28228,16046,0,597,399070643,399070.8225,0
28435,16041,0,600,399070651,399070.8305,0
28643,16036,0,603,399070658,399070.8344,0
28850,16031,0,606,399070666,399070.8424,0
29058,16026,0,607,399070673,399070.8504,0
29268,16021,0,611,399070681,399070.8584,0
29478,16016,0,613,399070689,399070.8664,0
29690,16012,0,620,399070696,399070.8744,0
29905,16006,0,623,399070704,399070.8823,0
30121,16001,0,627,399070711,399070.8903,0
30340,15996,0,629,399070719,399070.8943,0
30561,15992,0,627,399070726,399070.9023,0
30781,15985,0,623,399070734,399070.9103,0
31003,15981,0,625,399070741,399070.9183,0
31224,15976,0,628,399070749,399070.9262,0
31442,15972,0,631,399070756,399070.9342,0
31656,15967,0,628,399070764,399070.9422,0
31867,15963,0,628,399070771,399070.9501,0
32074,15962,0,627,399070779,399070.9581,0
32276,15958,0,626,399070786,399070.9621,0
32474,15956,0,631,399070794,399070.9701,0
32668,15955,0,630,399070801,399070.978,0
32860,15953,0,629,399070809,399070.986,0
33048,15951,0,627,399070816,399070.994,0
33236,15948,0,625,399070824,399071.002,0
33420,15946,0,625,399070831,399071.01,0
33599,15945,0,626,399070839,399071.019,0
33773,15944,0,626,399070846,399071.0229,0
33939,15944,0,627,399070854,399071.0309,0
34095,15944,0,628,399070861,399071.0389,0
34241,15944,0,624,399070869,399071.0469,0
34373,15944,0,624,399070876,399071.0549,0
34491,15944,0,622,399070884,399071.0628,0
34598,15944,0,624,399070891,399071.0708,0
34694,15943,0,624,399070899,399071.0781,0
34782,15942,0,625,399070907,399071.0868,0
34858,15941,0,626,399070914,399071.0908,0
34929,15937,0,626,399070922,399071.0987,0
34995,15935,0,626,399070929,399071.1067,0
35053,15933,0,628,399070937,399071.1147,0
35104,15929,0,628,399070944,399071.1226,0
35147,15928,0,627,399070952,399071.1307,0
35181,15926,0,627,399070959,399071.1386,0
35207,15925,0,624,399070967,399071.1466,0
35223,15925,0,623,399070974,399071.1506,0
35229,15924,0,621,399070982,399071.1586,0
35229,15924,0,620,399070989,399071.1665,0
35219,15923,0,614,399070997,399071.1746,0
35187,15922,0,609,399071004,399071.1825,0
35140,15922,0,602,399071012,399071.1905,0
35078,15921,0,599,399071019,399071.1985,0
35001,15921,0,593,399071027,399071.2065,0
34911,15921,0,593,399071034,399071.2105,0
34809,15921,0,592,399071042,399071.2185,0
34697,15921,0,593,399071049,399071.2264,0
34575,15921,0,592,399071057,399071.2344,0
34444,15921,0,592,399071064,399071.2424,0
34307,15921,0,594,399071072,399071.2503,0
34157,15922,0,595,399071079,399071.2583,0
34002,15923,0,598,399071087,399071.2663,0
33840,15924,0,602,399071094,399071.2743,0
33673,15926,0,602,399071102,399071.2782,0
33499,15929,0,620,399071110,399071.2862,0
33321,15933,0,614,399071117,399071.2942,0
33139,15937,0,618,399071125,399071.3022,0
32956,15941,0,613,399071132,399071.3102,0
32767,15945,0,623,399071140,399071.3181,0
32579,15949,0,621,399071147,399071.3261,0
32389,15954,0,627,399071155,399071.3341,0
32197,15957,0,616,399071162,399071.3381,0
32006,15962,0,618,399071170,399071.3461,0
31815,15966,0,617,399071177,399071.3541,0
31619,15972,0,616,399071185,399071.3621,0
31422,15976,0,616,399071192,399071.37,0
31225,15981,0,620,399071200,399071.3781,0
31028,15985,0,620,399071207,399071.387,0
30830,15988,0,617,399071215,399071.394,0
30629,15992,0,616,399071222,399071.4029,0
30432,15993,0,616,399071230,399071.407,0
30235,15995,0,618,399071237,399071.4149,0
30040,15997,0,618,399071245,399071.4229,0
29847,16000,0,620,399071252,399071.4309,0
29655,16002,0,616,399071260,399071.4388,0
29466,16005,0,610,399071267,399071.4468,0
29280,16010,0,613,399071275,399071.4548,0
29092,16014,0,614,399071282,399071.4628,0
28904,16019,0,611,399071290,399071.4667,0
28723,16022,0,617,399071297,399071.4747,0
28545,16026,0,615,399071305,399071.4827,0
28370,16031,0,614,399071312,399071.4907,0
28199,16035,0,608,399071320,399071.4987,0
28031,16040,0,610,399071328,399071.5066,0
27866,16044,0,611,399071335,399071.5146,0
27698,16049,0,612,399071343,399071.5226,0
27532,16053,0,613,399071350,399071.5266,0
27367,16058,0,616,399071358,399071.5346,0
27206,16062,0,615,399071365,399071.5426,0
27046,16066,0,614,399071373,399071.5505,0
26889,16071,0,615,399071380,399071.5585,0
26739,16077,0,618,399071388,399071.5665,0
26592,16082,0,623,399071395,399071.5745,0
26448,16088,0,628,399071403,399071.5824,0
26305,16093,0,634,399071410,399071.5904,0
26167,16098,0,638,399071418,399071.5944,0
26032,16103,0,646,399071425,399071.6024,0
25901,16109,0,651,399071433,399071.6105,0
25772,16113,0,648,399071440,399071.6184,0
25647,16118,0,649,399071448,399071.6263,0
25530,16121,0,648,399071455,399071.6343,0
25417,16124,0,642,399071463,399071.6423,0
25309,16129,0,636,399071470,399071.6503,0
25203,16132,0,636,399071478,399071.6542,0
25103,16134,0,626,399071485,399071.6622,0
25007,16137,0,628,399071493,399071.6702,0
24918,16139,0,620,399071500,399071.6782,0
24833,16141,0,625,399071508,399071.6862,0
24756,16142,0,620,399071515,399071.6941,0
24684,16142,0,621,399071523,399071.7021,0
24620,16143,0,618,399071531,399071.7101,0
24566,16143,0,620,399071538,399071.7181,0
24519,16146,0,618,399071546,399071.7221,0
24480,16147,0,623,399071553,399071.7301,0
24448,16147,0,621,399071561,399071.738,0
24422,16149,0,626,399071568,399071.746,0
24402,16149,0,629,399071576,399071.755,0
24386,16150,0,629,399071583,399071.763,0
24376,16151,0,632,399071591,399071.7709,0
24369,16151,0,633,399071598,399071.7782,0
24363,16152,0,633,399071606,399071.7829,0
24360,16152,0,634,399071613,399071.7909,0
24359,16153,0,634,399071621,399071.7989,0
24359,16153,0,630,399071628,399071.8068,0
24359,16155,0,623,399071636,399071.8148,0
24364,16155,0,615,399071643,399071.8228,0
24382,16155,0,613,399071651,399071.8308,0
24409,16155,0,615,399071658,399071.8388,0
24446,16155,0,613,399071666,399071.8468,0
24493,16155,0,614,399071673,399071.8507,0
24550,16155,0,614,399071681,399071.8587,0
24614,16155,0,615,399071688,399071.8667,0
24688,16155,0,616,399071696,399071.8747,0
24770,16155,0,616,399071703,399071.8826,0
24859,16155,0,616,399071711,399071.8906,0
24954,16155,0,618,399071718,399071.8986,0
25054,16153,0,616,399071726,399071.9066,0
25160,16150,0,613,399071734,399071.9106,0
25267,16147,0,614,399071741,399071.9185,0
25379,16143,0,611,399071749,399071.9265,0
25492,16140,0,612,399071756,399071.9345,0
25612,16136,0,612,399071764,399071.9425,0
25737,16131,0,612,399071771,399071.9505,0
25868,16127,0,611,399071779,399071.9584,0
26002,16122,0,614,399071786,399071.9664,0
26140,16117,0,616,399071794,399071.9704,0
26286,16112,0,617,399071801,399071.9781,0
26435,16108,0,614,399071809,399071.9864,0
26587,16103,0,614,399071816,399071.9944,0
26746,16099,0,611,399071824,399072.0023,0
26910,16095,0,611,399071831,399072.0103,0
27079,16091,0,613,399071839,399072.0183,0
27253,16085,0,614,399071846,399072.0263,0
27430,16082,0,616,399071854,399072.0342,0
27613,16077,0,618,399071861,399072.0382,0
27801,16072,0,616,399071869,399072.0462,0
27995,16068,0,614,399071876,399072.0542,0
28199,16063,0,613,399071884,399072.0622,0
28408,16059,0,615,399071891,399072.0701,0
28624,16053,0,617,399071899,399072.0781,0
28844,16046,0,616,399071906,399072.0861,0
29070,16041,0,618,399071914,399072.0941,0
29299,16035,0,615,399071921,399072.0981,0
29528,16029,0,613,399071929,399072.106,0
29759,16023,0,615,399071936,399072.114,0
29992,16016,0,614,399071944,399072.122,0
30226,16010,0,616,399071952,399072.131,0
30465,16004,0,615,399071959,399072.138,0
30708,15997,0,614,399071967,399072.146,0
30952,15991,0,617,399071974,399072.154,0
31198,15984,0,618,399071982,399072.1629,0
31447,15978,0,622,399071989,399072.1669,0
31696,15972,0,621,399071997,399072.1749,0
31946,15966,0,618,399072004,399072.1829,0
32190,15961,0,620,399072012,399072.1908,0
32435,15955,0,626,399072019,399072.1988,0
32676,15951,0,623,399072027,399072.2068,0
32912,15946,0,623,399072034,399072.2148,0
33141,15942,0,618,399072042,399072.2227,0
33362,15936,0,617,399072049,399072.2267,0
33577,15932,0,619,399072057,399072.2347,0
33781,15927,0,621,399072064,399072.2427,0
33975,15923,0,623,399072072,399072.2507,0
34155,15918,0,622,399072079,399072.2587,0
34321,15914,0,621,399072087,399072.2666,0
34471,15912,0,620,399072094,399072.2746,0
34607,15908,0,621,399072102,399072.2825,0
34729,15906,0,622,399072109,399072.2865,0
34839,15904,0,623,399072117,399072.2945,0
34944,15902,0,625,399072124,399072.3025,0
35041,15899,0,627,399072132,399072.3105,0
35135,15897,0,628,399072139,399072.3185,0
35224,15894,0,630,399072147,399072.3265,0
35310,15892,0,630,399072155,399072.3344,0
35390,15888,0,627,399072162,399072.3424,0
35464,15886,0,625,399072170,399072.3504,0
35530,15884,0,625,399072177,399072.3544,0
35586,15883,0,624,399072185,399072.3624,0
35630,15882,0,623,399072192,399072.3703,0
35661,15880,0,623,399072200,399072.3781,0
35682,15880,0,621,399072207,399072.3863,0
35692,15879,0,622,399072215,399072.3943,0
35692,15879,0,621,399072222,399072.4023,0
35687,15879,0,623,399072230,399072.4103,0
35657,15879,0,621,399072237,399072.4143,0
35613,15879,0,622,399072245,399072.4222,0
35550,15879,0,624,399072252,399072.4302,0
35470,15879,0,626,399072260,399072.4382,0
35373,15879,0,626,399072267,399072.4462,0
35258,15883,0,623,399072275,399072.4541,0
35130,15886,0,624,399072282,399072.4621,0
34993,15889,0,626,399072290,399072.4701,0
34847,15893,0,625,399072297,399072.4781,0
34694,15896,0,631,399072305,399072.4821,0
34533,15900,0,628,399072312,399072.49,0
34369,15904,0,636,399072320,399072.498,0
34194,15907,0,637,399072327,399072.506,0
34010,15912,0,641,399072335,399072.514,0
33819,15916,0,641,399072342,399072.523,0
33621,15921,0,641,399072350,399072.5309,0
33412,15924,0,640,399072357,399072.5389,0
33197,15928,0,639,399072365,399072.5429,0
32977,15931,0,637,399072373,399072.5509,0
32754,15933,0,640,399072380,399072.5589,0
32532,15935,0,641,399072388,399072.5668,0
32312,15938,0,639,399072395,399072.5748,0
32095,15942,0,639,399072403,399072.5828,0
31879,15944,0,634,399072410,399072.5907,0
31666,15949,0,638,399072418,399072.5987,0
31453,15954,0,635,399072425,399072.6067,0
31235,15960,0,637,399072433,399072.6107,0
31012,15964,0,640,399072440,399072.6187,0
30784,15970,0,637,399072448,399072.6267,0
30546,15975,0,632,399072455,399072.6347,0
30308,15981,0,633,399072463,399072.6426,0
30066,15987,0,632,399072470,399072.6506,0
29821,15994,0,638,399072478,399072.6586,0
29579,16001,0,633,399072485,399072.6665,0
29342,16007,0,635,399072493,399072.6705,0
29114,16014,0,633,399072500,399072.6781,0
28896,16020,0,636,399072508,399072.6865,0
28686,16025,0,638,399072515,399072.6945,0
28487,16032,0,636,399072523,399072.7025,0
28295,16036,0,637,399072530,399072.7105,0
28107,16042,0,634,399072538,399072.7184,0
27925,16049,0,635,399072545,399072.7264,0
27739,16055,0,635,399072553,399072.7304,0
27553,16061,0,636,399072560,399072.7384,0
27368,16066,0,638,399072568,399072.7463,0
27182,16072,0,635,399072576,399072.7543,0
26999,16077,0,628,399072583,399072.7623,0
26819,16080,0,624,399072591,399072.7703,0
26654,16083,0,624,399072598,399072.7781,0
26497,16088,0,619,399072606,399072.7862,0
26350,16089,0,616,399072613,399072.7942,0
26217,16090,0,618,399072621,399072.7982,0
26098,16092,0,634,399072628,399072.8062,0
25999,16093,0,617,399072636,399072.8142,0
25911,16095,0,616,399072643,399072.8221,0
25845,16095,0,612,399072651,399072.8301,0
25797,16098,0,621,399072658,399072.8381,0
25765,16099,0,621,399072666,399072.8461,0
25745,16100,0,621,399072673,399072.8541,0
25735,16101,0,620,399072681,399072.858,0
25731,16101,0,620,399072688,399072.867,0
25730,16102,0,620,399072696,399072.874,0
25730,16102,0,621,399072703,399072.883,0
25730,16103,0,620,399072711,399072.8909,0
25730,16103,0,615,399072718,399072.8989,0
25746,16104,0,602,399072726,399072.9069,0
25778,16104,0,603,399072733,399072.9149,0
25822,16104,0,608,399072741,399072.9229,0
25883,16104,0,612,399072748,399072.9269,0
25957,16104,0,613,399072756,399072.9348,0
26039,16104,0,614,399072763,399072.9428,0
26128,16104,0,615,399072771,399072.9508,0
26218,16102,0,615,399072779,399072.9588,0
26311,16100,0,611,399072786,399072.9667,0
26409,16098,0,612,399072794,399072.9747,0
26506,16094,0,607,399072801,399072.9827,0
26612,16091,0,608,399072809,399072.9867,0
26723,16089,0,605,399072816,399072.9947,0
26844,16085,0,607,399072824,399073.0026,0
26972,16082,0,612,399072831,399073.0107,0
27110,16078,0,613,399072839,399073.0186,0
27256,16073,0,612,399072846,399073.0266,0
27408,16069,0,617,399072854,399073.0346,0
27565,16064,0,614,399072861,399073.0425,0
27727,16059,0,612,399072869,399073.0465,0
27888,16054,0,609,399072876,399073.0545,0
28051,16049,0,607,399072884,399073.0625,0
28216,16045,0,607,399072891,399073.0705,0
28383,16041,0,607,399072899,399073.0781,0
28551,16036,0,608,399072906,399073.0864,0
28722,16032,0,609,399072914,399073.0944,0
28897,16029,0,610,399072921,399073.1024,0
29073,16024,0,610,399072929,399073.1104,0
29248,16020,0,609,399072936,399073.1143,0
29426,16016,0,609,399072944,399073.1224,0
29603,16012,0,611,399072951,399073.1303,0
29780,16006,0,613,399072959,399073.1383,0
29956,16003,0,613,399072966,399073.1463,0
30134,15999,0,616,399072974,399073.1542,0
30312,15995,0,617,399072981,399073.1622,0
30490,15991,0,618,399072989,399073.1702,0
30668,15987,0,617,399072997,399073.1742,0
30848,15983,0,619,399073004,399073.1822,0
31028,15980,0,616,399073012,399073.1901,0
31207,15975,0,621,399073019,399073.1981,0
31383,15973,0,619,399073027,399073.2061,0
31559,15971,0,621,399073034,399073.2141,0
31732,15968,0,616,399073042,399073.2221,0
31897,15966,0,619,399073049,399073.23,0
32060,15966,0,617,399073057,399073.238,0
32218,15965,0,618,399073064,399073.242,0
32370,15964,0,619,399073072,399073.25,0
32515,15962,0,619,399073079,399073.258,0
32653,15961,0,620,399073087,399073.266,0
32785,15960,0,620,399073094,399073.274,0
32908,15957,0,618,399073102,399073.2829,0
33022,15957,0,616,399073109,399073.2909,0
33132,15956,0,618,399073117,399073.2989,0
33236,15955,0,617,399073124,399073.3028,0
33334,15953,0,619,399073132,399073.3108,0
33431,15952,0,619,399073139,399073.3188,0
33528,15952,0,619,399073147,399073.3268,0
33621,15952,0,620,399073154,399073.3348,0
33714,15952,0,621,399073162,399073.3427,0
33802,15952,0,621,399073169,399073.3507,0
33887,15952,0,621,399073177,399073.3587,0
33965,15952,0,619,399073184,399073.3627,0
34037,15952,0,617,399073192,399073.3707,0
34102,15952,0,616,399073200,399073.3781,0
34158,15952,0,615,399073207,399073.3866,0
34207,15952,0,615,399073215,399073.3946,0
34251,15952,0,614,399073222,399073.4028,0
34285,15953,0,614,399073230,399073.4107,0
34312,15954,0,614,399073237,399073.4187,0
34333,15954,0,614,399073245,399073.4267,0
34347,15954,0,614,399073252,399073.4307,0
34355,15954,0,614,399073260,399073.4387,0
34359,15954,0,615,399073267,399073.4468,0
34359,15954,0,615,399073275,399073.4548,0
34359,15954,0,616,399073282,399073.4627,0
34343,15954,0,611,399073290,399073.4707,0
34316,15955,0,612,399073297,399073.4782,0
34280,15957,0,611,399073305,399073.4867,0
34231,15960,0,610,399073312,399073.4907,0
34173,15963,0,609,399073320,399073.4986,0
34105,15967,0,608,399073327,399073.5066,0
34029,15971,0,607,399073335,399073.5146,0
33940,15974,0,606,399073342,399073.5226,0
33842,15977,0,606,399073350,399073.5305,0
33733,15981,0,608,399073357,399073.5385,0
33613,15983,0,606,399073365,399073.5465,0
33481,15984,0,597,399073372,399073.5544,0
33335,15986,0,604,399073380,399073.5585,0
33184,15987,0,592,399073387,399073.5666,0
33021,15990,0,594,399073395,399073.5745,0
32848,15991,0,603,399073403,399073.5826,0
32666,15992,0,606,399073410,399073.5905,0
32479,15993,0,607,399073418,399073.5985,0
32287,15994,0,609,399073425,399073.6065,0
32091,15994,0,603,399073433,399073.6144,0
31893,15994,0,602,399073440,399073.6184,0
31695,15995,0,599,399073448,399073.6264,0
31496,15996,0,606,399073455,399073.6344,0
31299,15997,0,607,399073463,399073.6424,0
31103,16000,0,609,399073470,399073.6503,0
30909,16003,0,604,399073478,399073.6583,0
30716,16005,0,599,399073485,399073.6663,0
30529,16010,0,597,399073493,399073.6743,0
30342,16012,0,597,399073500,399073.6823,0
30156,16015,0,594,399073508,399073.6862,0
29974,16017,0,595,399073515,399073.6942,0
29793,16020,0,592,399073523,399073.7022,0
29612,16022,0,590,399073530,399073.7102,0
29430,16025,0,587,399073538,399073.7181,0
29253,16029,0,587,399073545,399073.7261,0
29074,16032,0,595,399073553,399073.7341,0
28895,16036,0,586,399073560,399073.7421,0
28716,16041,0,598,399073568,399073.7461,0
28540,16045,0,605,399073575,399073.754,0
28364,16050,0,605,399073583,399073.763,0
28189,16054,0,605,399073590,399073.77,0
28019,16059,0,608,399073598,399073.778,0
27852,16064,0,606,399073605,399073.7869,0
27685,16068,0,605,399073613,399073.7948,0
27521,16070,0,601,399073621,399073.8029,0
27362,16073,0,606,399073628,399073.8069,0
27208,16075,0,612,399073636,399073.8149,0
27057,16077,0,610,399073643,399073.8229,0
26910,16078,0,609,399073651,399073.8309,0
26768,16080,0,613,399073658,399073.8388,0
26635,16082,0,618,399073666,399073.8468,0
26505,16084,0,620,399073673,399073.8548,0
26378,16087,0,621,399073681,399073.8628,0
26251,16089,0,620,399073688,399073.8708,0
26127,16091,0,621,399073696,399073.8748,0
26007,16094,0,624,399073703,399073.8827,0
25889,16097,0,622,399073711,399073.8907,0
25773,16099,0,620,399073718,399073.8987,0
25662,16101,0,619,399073726,399073.9066,0
25558,16103,0,620,399073733,399073.9146,0
25455,16107,0,621,399073741,399073.9226,0
25357,16108,0,623,399073748,399073.9306,0
25262,16110,0,621,399073756,399073.9346,0
25172,16111,0,621,399073763,399073.9426,0
25086,16113,0,620,399073771,399073.9505,0
25006,16116,0,622,399073778,399073.9585,0
24933,16117,0,622,399073786,399073.9665,0
24868,16118,0,622,399073793,399073.9745,0
24810,16120,0,621,399073801,399073.9825,0
24761,16121,0,618,399073808,399073.9904,0
24721,16122,0,619,399073816,399073.9984,0
24690,16124,0,617,399073824,399074.0024,0
24669,16124,0,618,399073831,399074.0105,0
24655,16126,0,618,399073839,399074.0184,0
24646,16127,0,619,399073846,399074.0264,0
24642,16127,0,620,399073854,399074.0344,0
24642,16128,0,614,399073861,399074.0424,0
24642,16128,0,602,399073869,399074.0504,0
24647,16129,0,605,399073876,399074.0584,0
24667,16130,0,605,399073884,399074.0624,0
24695,16131,0,606,399073891,399074.0703,0
24732,16131,0,606,399073899,399074.0781,0
24780,16131,0,607,399073906,399074.0863,0
24834,16131,0,609,399073914,399074.0943,0
24892,16131,0,609,399073921,399074.1022,0
24956,16131,0,609,399073929,399074.1102,0
25024,16131,0,608,399073936,399074.1182,0
25098,16131,0,607,399073944,399074.1222,0
25178,16131,0,606,399073951,399074.1302,0
25264,16131,0,606,399073959,399074.1382,0
25359,16131,0,604,399073966,399074.1461,0
25458,16130,0,604,399073974,399074.1541,0
25564,16128,0,601,399073981,399074.1621,0
25676,16126,0,601,399073989,399074.171,0
25794,16123,0,600,399073996,399074.1781,0
25917,16120,0,600,399074004,399074.186,0
26045,16118,0,601,399074011,399074.19,0
26180,16114,0,602,399074019,399074.199,0
26319,16112,0,601,399074026,399074.206,0
26463,16110,0,589,399074034,399074.2149,0
26614,16108,0,587,399074042,399074.2229,0
26771,16104,0,587,399074049,399074.2309,0
26935,16102,0,586,399074057,399074.2389,0
27106,16098,0,588,399074064,399074.2468,0
27283,16093,0,589,399074072,399074.2508,0
27467,16088,0,590,399074079,399074.2588,0
27655,16083,0,592,399074087,399074.2668,0
27846,16079,0,589,399074094,399074.2748,0
28040,16073,0,587,399074102,399074.2827,0
28237,16070,0,586,399074109,399074.2907,0
28434,16064,0,588,399074117,399074.2987,0
28630,16060,0,589,399074124,399074.3067,0
28824,16055,0,593,399074132,399074.3147,0
29019,16050,0,591,399074139,399074.3187,0
29210,16045,0,591,399074147,399074.3267,0
29401,16041,0,592,399074154,399074.3346,0
29594,16036,0,590,399074162,399074.3426,0
29786,16032,0,595,399074169,399074.3507,0
29981,16027,0,595,399074177,399074.3587,0
30174,16025,0,599,399074184,399074.3667,0
30369,16023,0,598,399074192,399074.3747,0
30561,16021,0,596,399074199,399074.3781,0
30751,16021,0,595,399074207,399074.3866,0
30936,16021,0,595,399074214,399074.3946,0
31116,16021,0,597,399074222,399074.4026,0
31289,16021,0,597,399074229,399074.4106,0
31458,16021,0,600,399074237,399074.4185,0
31619,16021,0,595,399074245,399074.4265,0
31772,16021,0,596,399074252,399074.4345,0
31920,16020,0,592,399074260,399074.4385,0
32058,16019,0,594,399074267,399074.4465,0
32193,16017,0,595,399074275,399074.4544,0
32324,16017,0,597,399074282,399074.4624,0
32451,16016,0,596,399074290,399074.4704,0
32575,16015,0,599,399074297,399074.4782,0
32696,16015,0,599,399074305,399074.4864,0
32817,16014,0,597,399074312,399074.4943,0
32933,16013,0,597,399074320,399074.5023,0
33046,16013,0,592,399074327,399074.5063,0
33153,16012,0,593,399074335,399074.5143,0
33254,16011,0,594,399074342,399074.5223,0
33350,16009,0,596,399074350,399074.5303,0
33438,16007,0,596,399074357,399074.5382,0
33516,16005,0,593,399074365,399074.5462,0
33587,16003,0,591,399074372,399074.5542,0
33649,16001,0,587,399074380,399074.5621,0
33705,16000,0,586,399074387,399074.5661,0
33750,15999,0,589,399074395,399074.5741,0
33790,15997,0,592,399074402,399074.5821,0
33821,15996,0,592,399074410,399074.5901,0
33844,15994,0,592,399074417,399074.598,0
33859,15993,0,591,399074425,399074.606,0
33869,15992,0,591,399074432,399074.615,0
33874,15992,0,590,399074440,399074.622,0
33874,15991,0,590,399074448,399074.626,0
33874,15991,0,592,399074455,399074.634,0
33864,15991,0,593,399074463,399074.642,0
33842,15991,0,594,399074470,399074.6509,0
33807,15991,0,595,399074478,399074.6589,0
33762,15991,0,594,399074485,399074.6669,0
33702,15991,0,590,399074493,399074.6749,0
33635,15991,0,583,399074500,399074.6828,0
33557,15991,0,571,399074508,399074.6908,0
33467,15991,0,567,399074515,399074.6948,0
33369,15992,0,565,399074523,399074.7028,0
33259,15994,0,573,399074530,399074.7108,0
33142,15995,0,576,399074538,399074.7187,0
33016,15996,0,581,399074545,399074.7267,0
32882,15999,0,585,399074553,399074.7347,0
32743,16000,0,592,399074560,399074.7427,0
32597,16001,0,593,399074568,399074.7508,0
32447,16002,0,597,399074575,399074.7587,0
32293,16002,0,593,399074583,399074.7627,0
32133,16002,0,592,399074590,399074.7706,0
31970,16002,0,583,399074598,399074.778,0
31805,16002,0,587,399074605,399074.7866,0
31633,16002,0,581,399074613,399074.7947,0
31458,16002,0,590,399074620,399074.8026,0
31282,16002,0,594,399074628,399074.8106,0
31103,16002,0,599,399074635,399074.8186,0
30922,16002,0,595,399074643,399074.8226,0
30740,16002,0,592,399074650,399074.8306,0
30559,16004,0,597,399074658,399074.8385,0
30373,16007,0,596,399074666,399074.8465,0
30186,16011,0,600,399074673,399074.8545,0
29998,16014,0,600,399074681,399074.8625,0
29807,16019,0,606,399074688,399074.8704,0
29614,16023,0,600,399074696,399074.8781,0
29418,16026,0,597,399074703,399074.8824,0
29223,16032,0,593,399074711,399074.8904,0
29028,16036,0,598,399074718,399074.8984,0
28829,16041,0,598,399074726,399074.9064,0
28636,16045,0,602,399074733,399074.9143,0
28443,16049,0,602,399074741,399074.9223,0
28250,16054,0,600,399074748,399074.9303,0
28061,16058,0,599,399074756,399074.9383,0
27875,16063,0,603,399074763,399074.9462,0
27690,16066,0,601,399074771,399074.9502,0
27504,16070,0,608,399074778,399074.9582,0
27323,16073,0,605,399074786,399074.9662,0
27144,16075,0,607,399074793,399074.9742,0
26969,16077,0,606,399074801,399074.9822,0
26798,16078,0,606,399074808,399074.9901,0
26634,16081,0,601,399074816,399074.9981,0
26474,16082,0,598,399074823,399075.0061,0
26316,16084,0,599,399074831,399075.0101,0
26164,16087,0,598,399074838,399075.018,0
26012,16090,0,598,399074846,399075.0261,0
25864,16093,0,597,399074853,399075.034,0
25718,16097,0,593,399074861,399075.043,0
25575,16100,0,592,399074869,399075.0509,0
25434,16103,0,594,399074876,399075.059,0
25296,16107,0,595,399074884,399075.0669,0
25160,16110,0,599,399074891,399075.0709,0
25024,16112,0,600,399074899,399075.0781,0
24891,16116,0,602,399074906,399075.0869,0
24762,16119,0,604,399074914,399075.0948,0
24639,16121,0,603,399074921,399075.1028,0
24522,16123,0,601,399074929,399075.1108,0
24413,16127,0,601,399074936,399075.1189,0
24313,16129,0,600,399074944,399075.1269,0
24223,16132,0,602,399074951,399075.1349,0
24138,16134,0,600,399074959,399075.1389,0
24062,16137,0,600,399074966,399075.1469,0
23991,16139,0,602,399074974,399075.1548,0
23927,16141,0,601,399074981,399075.1628,0
23866,16143,0,601,399074989,399075.1708,0
23812,16146,0,602,399074996,399075.1782,0
23763,16148,0,602,399075004,399075.1867,0
23717,16150,0,602,399075011,399075.1948,0
23677,16152,0,603,399075019,399075.1987,0
23637,16153,0,603,399075026,399075.2067,0
23604,16155,0,606,399075034,399075.2147,0
23573,16155,0,609,399075041,399075.2226,0
23550,16156,0,611,399075049,399075.2306,0
23530,16156,0,615,399075056,399075.2386,0
23519,16156,0,616,399075064,399075.2466,0
23511,16156,0,616,399075071,399075.2545,0
23508,16156,0,616,399075079,399075.2625,0
23508,16157,0,611,399075087,399075.2665,0
23508,16157,0,607,399075094,399075.2745,0
23508,16157,0,605,399075102,399075.2825,0
23508,16157,0,602,399075109,399075.2905,0
23521,16157,0,601,399075117,399075.2984,0
23544,16157,0,601,399075124,399075.3064,0
23574,16157,0,601,399075132,399075.3144,0
23615,16157,0,602,399075139,399075.3224,0
23667,16157,0,602,399075147,399075.3263,0
23730,16157,0,603,399075154,399075.3343,0
23803,16157,0,603,399075162,399075.3423,0
23887,16157,0,601,399075169,399075.3503,0
23982,16157,0,602,399075177,399075.3583,0
24088,16157,0,600,399075184,399075.3663,0
24201,16157,0,598,399075192,399075.3742,0
24323,16157,0,598,399075199,399075.3822,0
24450,16156,0,597,399075207,399075.3902,0
24586,16153,0,599,399075214,399075.3942,0
24724,16150,0,597,399075222,399075.4022,0
24868,16146,0,598,399075229,399075.4101,0
25017,16142,0,599,399075237,399075.4181,0
25173,16138,0,597,399075244,399075.4261,0
25337,16133,0,595,399075252,399075.434,0
25511,16129,0,595,399075259,399075.442,0
25696,16126,0,594,399075267,399075.4501,0
25890,16120,0,595,399075274,399075.454,0
26095,16113,0,597,399075282,399075.462,0
26310,16107,0,599,399075290,399075.47,0
26538,16101,0,598,399075297,399075.478,0
26777,16094,0,594,399075305,399075.4869,0
27023,16087,0,596,399075312,399075.4948,0
27280,16080,0,595,399075320,399075.5029,0
27541,16072,0,600,399075327,399075.5109,0
27806,16065,0,599,399075335,399075.5188,0
28074,16059,0,598,399075342,399075.5228,0
28340,16051,0,596,399075350,399075.5308,0
28609,16044,0,597,399075357,399075.5388,0
28880,16038,0,599,399075365,399075.5468,0
29153,16031,0,602,399075372,399075.5547,0
29428,16024,0,603,399075380,399075.5627,0
29703,16015,0,605,399075387,399075.5707,0
29975,16009,0,606,399075395,399075.5782,0
30243,16002,0,613,399075402,399075.5827,0
30505,15996,0,614,399075410,399075.5906,0
30751,15990,0,616,399075417,399075.5986,0
30985,15985,0,618,399075425,399075.6066,0
31203,15981,0,621,399075432,399075.6146,0
31404,15976,0,627,399075440,399075.6225,0
31591,15973,0,630,399075447,399075.6305,0
31766,15968,0,629,399075455,399075.6385,0
31935,15965,0,630,399075462,399075.6425,0
32100,15962,0,633,399075470,399075.6505,0
32265,15957,0,636,399075477,399075.6584,0
32431,15953,0,635,399075485,399075.6664,0
32597,15948,0,640,399075493,399075.6744,0
32764,15945,0,638,399075500,399075.6824,0
32929,15941,0,635,399075508,399075.6904,0
33087,15937,0,631,399075515,399075.6984,0
33237,15936,0,628,399075523,399075.7064,0
33380,15934,0,625,399075530,399075.7104,0
33515,15933,0,625,399075538,399075.7183,0
33646,15931,0,623,399075545,399075.7263,0
33769,15928,0,621,399075553,399075.7343,0
33890,15926,0,621,399075560,399075.7423,0
34008,15924,0,622,399075568,399075.7502,0
34124,15922,0,619,399075575,399075.7582,0
34237,15919,0,619,399075583,399075.7662,0
34345,15917,0,619,399075590,399075.7702,0
34450,15915,0,619,399075598,399075.7782,0
34547,15915,0,621,399075605,399075.7861,0
34636,15915,0,622,399075613,399075.7941,0
34713,15914,0,623,399075620,399075.8021,0
34775,15914,0,624,399075628,399075.8101,0
34822,15914,0,625,399075635,399075.818,0
34853,15914,0,625,399075643,399075.8271,0
34873,15914,0,626,399075650,399075.835,0
34881,15914,0,627,399075658,399075.838,0
34881,15914,0,630,399075665,399075.847,0
34881,15914,0,638,399075673,399075.8549,0
34870,15913,0,638,399075680,399075.8629,0
34854,15913,0,638,399075688,399075.8709,0
34832,15913,0,639,399075695,399075.8782,0
34802,15913,0,638,399075703,399075.8869,0
34768,15913,0,635,399075711,399075.8949,0
34729,15913,0,634,399075718,399075.8988,0
34681,15913,0,630,399075726,399075.9068,0
34624,15913,0,630,399075733,399075.9147,0
34560,15913,0,629,399075741,399075.9227,0
34488,15913,0,629,399075748,399075.9307,0
34410,15913,0,629,399075756,399075.9387,0
34321,15913,0,630,399075763,399075.9467,0
34225,15913,0,630,399075771,399075.9547,0
34120,15913,0,632,399075778,399075.9587,0
34004,15915,0,632,399075786,399075.9666,0
33879,15917,0,634,399075793,399075.9746,0
33744,15921,0,634,399075801,399075.9826,0
33598,15924,0,631,399075808,399075.9906,0
33439,15927,0,630,399075816,399075.9986,0
33266,15932,0,630,399075823,399076.0065,0
33085,15936,0,628,399075831,399076.0145,0
32888,15939,0,630,399075838,399076.0225,0
32679,15943,0,627,399075846,399076.0265,0
32458,15946,0,632,399075853,399076.0345,0
32224,15952,0,632,399075861,399076.0424,0
31978,15957,0,624,399075868,399076.0504,0
31717,15962,0,619,399075876,399076.0584,0
31448,15970,0,628,399075883,399076.0664,0
31165,15977,0,628,399075891,399076.0744,0
30877,15985,0,631,399075898,399076.0823,0
30579,15992,0,627,399075906,399076.0863,0
30279,16000,0,624,399075914,399076.0943,0
29981,16007,0,625,399075921,399076.1023,0
29684,16015,0,627,399075929,399076.1103,0
29390,16022,0,623,399075936,399076.1182,0
29100,16029,0,613,399075944,399076.1262,0
28819,16036,0,618,399075951,399076.1342,0
28541,16044,0,624,399075959,399076.1421,0
28266,16051,0,622,399075966,399076.1501,0
27990,16058,0,621,399075974,399076.1541,0
27717,16064,0,618,399075981,399076.1621,0
27445,16071,0,612,399075989,399076.1701,0
27171,16078,0,611,399075996,399076.1781,0
26903,16082,0,611,399076004,399076.1861,0
26635,16085,0,609,399076011,399076.194,0
26383,16089,0,613,399076019,399076.202,0
26145,16092,0,614,399076026,399076.21,0
25925,16097,0,616,399076034,399076.215,0
25728,16099,0,617,399076041,399076.2229,0
25551,16103,0,619,399076049,399076.2309,0
25397,16108,0,616,399076056,399076.2389,0
25264,16112,0,616,399076064,399076.2469,0
25146,16117,0,619,399076071,399076.2549,0
25041,16120,0,621,399076079,399076.2629,0
24949,16123,0,623,399076086,399076.2708,0
24868,16126,0,621,399076094,399076.2748,0
24795,16128,0,617,399076101,399076.2828,0
24725,16129,0,615,399076109,399076.2908,0
24657,16131,0,613,399076116,399076.2988,0
24592,16132,0,613,399076124,399076.3068,0
24530,16133,0,611,399076132,399076.3148,0
24470,16134,0,612,399076139,399076.3228,0
24408,16136,0,617,399076147,399076.3308,0
24354,16138,0,624,399076154,399076.3388,0
24306,16139,0,627,399076162,399076.3427,0
24264,16139,0,628,399076169,399076.3509,0
24230,16140,0,632,399076177,399076.3588,0
24203,16140,0,634,399076184,399076.3668,0
24185,16140,0,636,399076192,399076.3748,0
24175,16140,0,637,399076199,399076.3828,0
24172,16140,0,635,399076207,399076.3907,0
24172,16140,0,634,399076214,399076.3987,0
24172,16140,0,620,399076222,399076.4027,0
24180,16140,0,608,399076229,399076.4107,0
24210,16140,0,587,399076237,399076.4187,0
24257,16140,0,584,399076244,399076.4266,0
24326,16140,0,587,399076252,399076.4346,0
24418,16140,0,591,399076259,399076.4426,0
24531,16140,0,594,399076267,399076.4506,0
24661,16140,0,596,399076274,399076.4586,0
24800,16140,0,597,399076282,399076.4665,0
24947,16139,0,598,399076289,399076.4705,0
25098,16137,0,600,399076297,399076.4782,0
25253,16136,0,597,399076304,399076.4865,0
25411,16133,0,594,399076312,399076.4945,0
25574,16130,0,597,399076319,399076.5025,0
25741,16127,0,594,399076327,399076.5105,0
25911,16122,0,595,399076335,399076.5184,0
26087,16116,0,598,399076342,399076.5264,0
26263,16109,0,600,399076350,399076.5304,0
26446,16101,0,601,399076357,399076.5384,0
26639,16094,0,598,399076365,399076.5463,0
26841,16087,0,599,399076372,399076.5543,0
27055,16080,0,596,399076380,399076.5623,0
27280,16073,0,601,399076387,399076.5703,0
27519,16066,0,606,399076395,399076.5782,0
27769,16060,0,609,399076402,399076.5862,0
28026,16053,0,606,399076410,399076.5942,0
28286,16045,0,609,399076417,399076.5982,0
28555,16039,0,610,399076425,399076.6062,0
28827,16031,0,612,399076432,399076.6142,0
29104,16023,0,617,399076440,399076.6221,0
29384,16014,0,612,399076447,399076.6301,0
29664,16006,0,611,399076455,399076.6381,0
29945,15999,0,611,399076462,399076.6461,0
30224,15992,0,617,399076470,399076.6541,0
30501,15985,0,615,399076477,399076.658,0
30771,15977,0,612,399076485,399076.667,0
31034,15972,0,614,399076492,399076.674,0
31289,15967,0,617,399076500,399076.6821,0
31536,15962,0,620,399076507,399076.6901,0
31770,15957,0,620,399076515,399076.6981,0
31991,15953,0,622,399076522,399076.7061,0
32201,15951,0,623,399076530,399076.714,0
32394,15948,0,627,399076538,399076.718,0
32575,15947,0,630,399076545,399076.726,0
32740,15946,0,633,399076553,399076.7349,0
32893,15946,0,630,399076560,399076.7429,0
33035,15945,0,629,399076568,399076.751,0
33168,15945,0,628,399076575,399076.7589,0
33293,15945,0,627,399076583,399076.7669,0
33414,15944,0,629,399076590,399076.7749,0
33531,15943,0,631,399076598,399076.7828,0
33648,15941,0,630,399076605,399076.7869,0
33760,15938,0,630,399076613,399076.7949,0
33869,15936,0,631,399076620,399076.8028,0
33970,15934,0,628,399076628,399076.8108,0
34062,15932,0,623,399076635,399076.8188,0
34146,15928,0,620,399076643,399076.8268,0
34217,15926,0,618,399076650,399076.8347,0
34276,15925,0,615,399076658,399076.8427,0
34323,15923,0,615,399076665,399076.8467,0
34358,15922,0,614,399076673,399076.8547,0
34380,15921,0,615,399076680,399076.8627,0
34393,15919,0,615,399076688,399076.8706,0
34397,15918,0,616,399076695,399076.8781,0
34397,15918,0,617,399076703,399076.8865,0
34387,15918,0,613,399076710,399076.8945,0
34361,15918,0,616,399076718,399076.9025,0
34325,15918,0,616,399076725,399076.9105,0
34276,15918,0,615,399076733,399076.9145,0
34217,15918,0,616,399076740,399076.9225,0
34150,15918,0,616,399076748,399076.9305,0
34074,15918,0,616,399076756,399076.9385,0
33991,15918,0,617,399076763,399076.9464,0
33901,15919,0,618,399076771,399076.9544,0
33806,15921,0,619,399076778,399076.9624,0
33705,15923,0,618,399076786,399076.9704,0
33600,15924,0,617,399076793,399076.9744,0
33484,15926,0,616,399076801,399076.9823,0
33361,15929,0,614,399076808,399076.9903,0
33226,15932,0,614,399076816,399076.9983,0
33078,15935,0,614,399076823,399077.0062,0
32915,15938,0,611,399076831,399077.0142,0
32744,15943,0,603,399076838,399077.0222,0
32567,15946,0,609,399076846,399077.0302,0
32386,15949,0,611,399076853,399077.0342,0
32201,15954,0,608,399076861,399077.0421,0
32012,15957,0,610,399076868,399077.0501,0
31825,15962,0,613,399076876,399077.0581,0
31630,15966,0,611,399076883,399077.0661,0
31430,15970,0,607,399076891,399077.0741,0
31224,15975,0,610,399076898,399077.082,0
31016,15980,0,609,399076906,399077.09,0
30804,15984,0,605,399076913,399077.098,0
30591,15990,0,603,399076921,399077.102,0
30379,15994,0,604,399076928,399077.11,0
30168,16001,0,605,399076936,399077.1189,0
29960,16006,0,611,399076943,399077.1269,0
29754,16012,0,606,399076951,399077.1349,0
29550,16016,0,602,399076959,399077.1429,0
29345,16020,0,601,399076966,399077.1509,0
29141,16022,0,602,399076974,399077.1588,0
28939,16024,0,600,399076981,399077.1629,0
28741,16026,0,599,399076989,399077.1708,0
28546,16029,0,600,399076996,399077.1781,0
28354,16032,0,600,399077004,399077.1868,0
28164,16036,0,596,399077011,399077.1948,0
27984,16043,0,597,399077019,399077.2028,0
27803,16049,0,598,399077026,399077.2107,0
27622,16053,0,599,399077034,399077.2187,0
27446,16059,0,602,399077041,399077.2267,0
27276,16062,0,603,399077049,399077.2307,0
27110,16066,0,602,399077056,399077.2387,0
26947,16071,0,601,399077064,399077.2466,0
26792,16074,0,600,399077071,399077.2546,0
26639,16078,0,602,399077079,399077.2626,0
26490,16081,0,602,399077086,399077.2706,0
26342,16084,0,606,399077094,399077.2781,0
26199,16087,0,607,399077101,399077.2865,0
26064,16089,0,609,399077109,399077.2905,0
25934,16091,0,608,399077116,399077.2984,0
25811,16094,0,606,399077124,399077.3064,0
25694,16098,0,607,399077131,399077.3146,0
25586,16100,0,608,399077139,399077.3225,0
25479,16102,0,606,399077146,399077.3305,0
25372,16104,0,609,399077154,399077.3385,0
25263,16108,0,611,399077162,399077.3465,0
25154,16110,0,613,399077169,399077.3505,0
25040,16113,0,616,399077177,399077.3584,0
24927,16117,0,619,399077184,399077.3664,0
24811,16119,0,622,399077192,399077.3744,0
24697,16122,0,621,399077199,399077.3824,0
24588,16124,0,622,399077207,399077.3904,0
24486,16128,0,622,399077214,399077.3983,0
24396,16130,0,622,399077222,399077.4063,0
24317,16131,0,624,399077229,399077.4143,0
24252,16132,0,624,399077237,399077.4183,0
24200,16134,0,625,399077244,399077.4263,0
24161,16136,0,625,399077252,399077.4343,0
24135,16137,0,624,399077259,399077.4422,0
24116,16138,0,621,399077267,399077.4502,0
24106,16138,0,622,399077274,399077.4582,0
24102,16139,0,622,399077282,399077.4662,0
24098,16140,0,620,399077289,399077.4741,0
24098,16141,0,620,399077297,399077.4782,0
24098,16142,0,617,399077304,399077.4861,0
24098,16143,0,618,399077312,399077.4941,0
24100,16146,0,617,399077319,399077.5021,0
24118,16148,0,618,399077327,399077.51,0
24147,16151,0,619,399077334,399077.519,0
24188,16155,0,618,399077342,399077.527,0
24242,16158,0,620,399077349,399077.5349,0
24310,16160,0,620,399077357,399077.5429,0
24390,16160,0,619,399077364,399077.5469,0
24481,16160,0,621,399077372,399077.5549,0
24582,16160,0,622,399077380,399077.5629,0
24690,16160,0,624,399077387,399077.5709,0
24804,16158,0,628,399077395,399077.5782,0
24923,16151,0,633,399077402,399077.5868,0
25048,16143,0,639,399077410,399077.5948,0
25176,16137,0,639,399077417,399077.6028,0
25309,16130,0,639,399077425,399077.6068,0
25449,16123,0,648,399077432,399077.6148,0
25596,16117,0,651,399077440,399077.6227,0
25751,16111,0,657,399077447,399077.6307,0
25912,16105,0,663,399077455,399077.6387,0
26082,16100,0,668,399077462,399077.6467,0
26256,16094,0,669,399077470,399077.6547,0
26432,16091,0,670,399077477,399077.6626,0
26612,16087,0,668,399077485,399077.6706,0
26792,16082,0,670,399077492,399077.6746,0
26972,16079,0,669,399077500,399077.6826,0
27149,16073,0,669,399077507,399077.6906,0
27329,16069,0,672,399077515,399077.6985,0
27508,16062,0,675,399077522,399077.7065,0
27690,16056,0,675,399077530,399077.7145,0
27873,16051,0,673,399077537,399077.7225,0
28062,16045,0,671,399077545,399077.7305,0
28258,16041,0,670,399077552,399077.7344,0
28457,16035,0,672,399077560,399077.7424,0
28662,16030,0,675,399077567,399077.7504,0
28870,16024,0,676,399077575,399077.7584,0
29083,16019,0,674,399077583,399077.7664,0
29297,16013,0,673,399077590,399077.7744,0
29513,16006,0,673,399077598,399077.7823,0
29730,16001,0,674,399077605,399077.7903,0
29948,15996,0,674,399077613,399077.7943,0
30165,15991,0,676,399077620,399077.8023,0
30379,15986,0,674,399077628,399077.8102,0
30590,15982,0,672,399077635,399077.8182,0
30798,15978,0,672,399077643,399077.8262,0
31001,15974,0,671,399077650,399077.8342,0
31201,15971,0,673,399077658,399077.8422,0
31396,15966,0,675,399077665,399077.8501,0
31590,15962,0,675,399077673,399077.8581,0
31782,15957,0,675,399077680,399077.8621,0
31972,15952,0,671,399077688,399077.8701,0
32160,15948,0,673,399077695,399077.8781,0
32347,15944,0,674,399077703,399077.8861,0
32532,15939,0,674,399077710,399077.894,0
32713,15936,0,676,399077718,399077.902,0
32891,15933,0,675,399077725,399077.9109,0
33062,15928,0,672,399077733,399077.918,0
33226,15925,0,672,399077740,399077.922,0
33380,15922,0,672,399077748,399077.9309,0
33521,15918,0,673,399077755,399077.9389,0
33653,15916,0,675,399077763,399077.9469,0
33773,15912,0,676,399077770,399077.9549,0
33879,15909,0,677,399077778,399077.9628,0
33975,15906,0,677,399077785,399077.9708,0
34061,15904,0,673,399077793,399077.9782,0
34139,15902,0,674,399077801,399077.9868,0
34212,15899,0,673,399077808,399077.9908,0
34283,15897,0,673,399077816,399077.9987,0
34353,15896,0,673,399077823,399078.0067,0
34427,15895,0,673,399077831,399078.0147,0
34501,15894,0,674,399077838,399078.0227,0
34578,15893,0,673,399077846,399078.0307,0
34661,15892,0,673,399077853,399078.0386,0
34746,15890,0,674,399077861,399078.0466,0
34833,15888,0,673,399077868,399078.0506,0
34923,15887,0,673,399077876,399078.0586,0
35016,15885,0,673,399077883,399078.0666,0
35110,15883,0,674,399077891,399078.0746,0
35205,15880,0,674,399077898,399078.0825,0
35300,15878,0,674,399077906,399078.0905,0
35390,15877,0,673,399077913,399078.0985,0
35475,15875,0,672,399077921,399078.1065,0
35550,15875,0,672,399077928,399078.1105,0
35614,15874,0,674,399077936,399078.1184,0
35665,15873,0,675,399077943,399078.1264,0
35699,15871,0,677,399077951,399078.1344,0
35721,15869,0,679,399077958,399078.1424,0
35734,15869,0,679,399077966,399078.1504,0
35740,15868,0,680,399077973,399078.1583,0
35740,15867,0,682,399077981,399078.1663,0
35740,15867,0,682,399077988,399078.1743,0
35726,15867,0,683,399077996,399078.1781,0
35698,15867,0,683,399078004,399078.1863,0
35656,15867,0,679,399078011,399078.1942,0
35596,15867,0,674,399078019,399078.2022,0
35517,15868,0,671,399078026,399078.2102,0
35420,15873,0,668,399078034,399078.2182,0
35301,15877,0,665,399078041,399078.2261,0
35163,15883,0,663,399078049,399078.2342,0
35008,15888,0,665,399078056,399078.2381,0
34834,15893,0,660,399078064,399078.2461,0
34645,15898,0,651,399078071,399078.2541,0
34442,15904,0,660,399078079,399078.2621,0
34225,15909,0,663,399078086,399078.2701,0
33998,15915,0,666,399078094,399078.278,0
33759,15919,0,674,399078101,399078.286,0
33513,15925,0,674,399078109,399078.294,0
33258,15931,0,673,399078116,399078.302,0
32994,15935,0,672,399078124,399078.306,0
32728,15941,0,673,399078131,399078.3149,0
32455,15947,0,677,399078139,399078.3229,0
32179,15954,0,676,399078146,399078.3309,0
31897,15960,0,668,399078154,399078.3389,0
31611,15966,0,664,399078161,399078.3469,0
31324,15974,0,675,399078169,399078.3548,0
31033,15981,0,678,399078176,399078.3628,0
30744,15988,0,676,399078184,399078.3668,0
30449,15995,0,679,399078191,399078.3748,0
30160,16003,0,677,399078199,399078.3827,0
29871,16010,0,684,399078207,399078.3907,0
29588,16015,0,691,399078214,399078.3987,0
29307,16022,0,693,399078222,399078.4066,0
29030,16027,0,695,399078229,399078.4147,0
28762,16033,0,703,399078237,399078.4226,0
28492,16040,0,704,399078244,399078.4266,0
28223,16048,0,697,399078252,399078.4346,0
27953,16054,0,691,399078259,399078.4426,0
27687,16061,0,682,399078267,399078.4505,0
27423,16069,0,672,399078274,399078.4585,0
27163,16074,0,653,399078282,399078.4665,0
26916,16080,0,655,399078289,399078.4745,0
26688,16083,0,659,399078297,399078.4825,0
26480,16087,0,653,399078304,399078.4905,0
26298,16089,0,665,399078312,399078.4944,0
26143,16090,0,646,399078319,399078.5024,0
26012,16093,0,654,399078327,399078.5105,0
25905,16094,0,654,399078334,399078.5184,0
25815,16097,0,653,399078342,399078.5263,0
25736,16100,0,654,399078349,399078.5343,0
25661,16103,0,657,399078357,399078.5423,0
25592,16105,0,652,399078364,399078.5503,0
25523,16107,0,647,399078372,399078.5542,0
25449,16109,0,647,399078379,399078.5622,0
25373,16111,0,649,399078387,399078.5702,0
25295,16112,0,649,399078394,399078.5782,0
25219,16113,0,649,399078402,399078.5862,0
25142,16116,0,650,399078409,399078.5942,0
25073,16118,0,652,399078417,399078.6021,0
25017,16119,0,655,399078425,399078.6101,0
24974,16120,0,657,399078432,399078.6181,0
24947,16120,0,660,399078440,399078.6221,0
24931,16120,0,660,399078447,399078.63,0
24927,16120,0,659,399078455,399078.638,0
24927,16120,0,654,399078462,399078.646,0
24928,16120,0,644,399078470,399078.654,0
24951,16120,0,630,399078477,399078.662,0
24992,16120,0,616,399078485,399078.6709,0
25053,16120,0,610,399078492,399078.6782,0
25136,16120,0,607,399078500,399078.6829,0
25247,16120,0,542,399078507,399078.6909,0
25378,16119,0,541,399078515,399078.6989,0
25528,16117,0,536,399078522,399078.7068,0
25694,16113,0,543,399078530,399078.7148,0
25869,16109,0,544,399078537,399078.7228,0
26050,16105,0,551,399078545,399078.7308,0
26236,16101,0,559,399078552,399078.7388,0
26428,16097,0,556,399078560,399078.7468,0
26624,16092,0,557,399078567,399078.7509,0
26824,16088,0,566,399078575,399078.7587,0
27030,16082,0,570,399078582,399078.7667,0
27243,16078,0,578,399078590,399078.7747,0
27460,16072,0,585,399078597,399078.7827,0
27682,16065,0,585,399078605,399078.7907,0
27909,16060,0,588,399078612,399078.7987,0
28144,16053,0,587,399078620,399078.8067,0
28385,16046,0,592,399078628,399078.8107,0
28631,16040,0,592,399078635,399078.8187,0
28879,16032,0,596,399078643,399078.8267,0
29127,16025,0,595,399078650,399078.8346,0
29375,16019,0,595,399078658,399078.8426,0
29616,16011,0,593,399078665,399078.8506,0
29855,16004,0,596,399078673,399078.8586,0
30088,15999,0,597,399078680,399078.8666,0
30320,15992,0,596,399078688,399078.8705,0
30548,15986,0,599,399078695,399078.8782,0
30773,15981,0,595,399078703,399078.8865,0
30995,15975,0,596,399078710,399078.8945,0
31214,15970,0,598,399078718,399078.9025,0
31432,15964,0,602,399078725,399078.9105,0
31647,15961,0,602,399078733,399078.9184,0
31861,15956,0,605,399078740,399078.9264,0
32074,15953,0,607,399078748,399078.9343,0
32286,15949,0,614,399078755,399078.9383,0
32498,15946,0,619,399078763,399078.9463,0
32707,15942,0,625,399078770,399078.9543,0
32918,15938,0,631,399078778,399078.9623,0
33128,15933,0,632,399078785,399078.9703,0
33338,15929,0,634,399078793,399078.9783,0
33548,15925,0,637,399078800,399078.9862,0
33758,15921,0,643,399078808,399078.9942,0
33969,15917,0,647,399078815,399078.9982,0
34179,15914,0,647,399078823,399079.0061,0
34389,15910,0,646,399078830,399079.0141,0
34597,15907,0,646,399078838,399079.0221,0
34802,15905,0,645,399078846,399079.03,0
35003,15902,0,646,399078853,399079.038,0
35199,15899,0,649,399078861,399079.047,0
35389,15896,0,648,399078868,399079.054,0
35570,15894,0,644,399078876,399079.063,0
35741,15890,0,642,399078883,399079.0659,0
35899,15887,0,638,399078891,399079.074,0
36044,15884,0,641,399078898,399079.083,0
36173,15880,0,640,399078906,399079.0909,0
36284,15878,0,642,399078913,399079.0989,0
36379,15875,0,643,399078921,399079.1069,0
36456,15871,0,643,399078928,399079.1149,0
36515,15870,0,643,399078936,399079.1228,0
36558,15869,0,641,399078943,399079.1268,0
36587,15868,0,642,399078951,399079.1348,0
36607,15868,0,642,399078958,399079.1428,0
36617,15868,0,642,399078966,399079.1508,0
36622,15868,0,642,399078973,399079.1587,0
36624,15868,0,643,399078981,399079.1668,0
36624,15868,0,643,399078988,399079.1748,0
36624,15868,0,644,399078996,399079.1827,0
36619,15868,0,646,399079003,399079.1867,0
36598,15868,0,639,399079011,399079.1947,0
36562,15868,0,645,399079018,399079.2028,0
36510,15868,0,644,399079026,399079.2108,0
36438,15868,0,645,399079033,399079.2188,0
36353,15868,0,644,399079041,399079.2267,0
36257,15868,0,642,399079049,399079.2347,0
36150,15870,0,638,399079056,399079.2427,0
36034,15873,0,637,399079064,399079.2507,0
35915,15875,0,638,399079071,399079.2547,0
35790,15877,0,639,399079079,399079.2627,0
35661,15880,0,641,399079086,399079.2706,0
35526,15884,0,643,399079094,399079.2782,0
35381,15887,0,646,399079101,399079.2866,0
35234,15890,0,645,399079109,399079.2946,0
35080,15893,0,647,399079116,399079.3025,0
34921,15896,0,647,399079124,399079.3105,0
34756,15899,0,645,399079131,399079.3145,0
34586,15903,0,642,399079139,399079.3225,0
34414,15906,0,642,399079146,399079.3305,0
34237,15908,0,643,399079154,399079.3384,0
34055,15913,0,642,399079161,399079.3464,0
33867,15914,0,642,399079169,399079.3544,0
33672,15915,0,641,399079176,399079.3624,0
33472,15916,0,640,399079184,399079.3704,0
33271,15918,0,639,399079191,399079.3782,0
33068,15922,0,638,399079199,399079.3823,0
32859,15924,0,640,399079206,399079.3903,0
32648,15928,0,644,399079214,399079.3983,0
32436,15933,0,643,399079221,399079.4062,0
32223,15939,0,644,399079229,399079.4142,0
32005,15945,0,642,399079236,399079.4222,0
31783,15949,0,644,399079244,399079.4303,0
31563,15954,0,644,399079252,399079.4382,0
31341,15960,0,646,399079259,399079.4421,0
31117,15964,0,647,399079267,399079.4501,0
30891,15970,0,648,399079274,399079.4581,0
30666,15974,0,645,399079282,399079.4661,0
30439,15980,0,642,399079289,399079.4741,0
30213,15985,0,646,399079297,399079.482,0
29987,15990,0,646,399079304,399079.49,0
29761,15996,0,651,399079312,399079.498,0
29535,16001,0,647,399079319,399079.506,0
29308,16007,0,643,399079327,399079.51,0
29082,16013,0,645,399079334,399079.518,0
28858,16017,0,649,399079342,399079.5269,0
28635,16023,0,654,399079349,399079.5349,0
28417,16029,0,662,399079357,399079.5429,0
28205,16033,0,664,399079364,399079.5508,0
28002,16038,0,675,399079372,399079.5589,0
27806,16043,0,683,399079379,399079.5668,0
27618,16048,0,689,399079387,399079.5708,0
27439,16052,0,695,399079394,399079.5782,0
27267,16056,0,697,399079402,399079.5868,0
27102,16061,0,691,399079409,399079.5947,0
26945,16065,0,690,399079417,399079.6027,0
26798,16070,0,685,399079424,399079.6107,0
26663,16073,0,679,399079432,399079.6187,0
26534,16077,0,672,399079439,399079.6267,0
26417,16080,0,676,399079447,399079.6307,0
26315,16081,0,676,399079454,399079.6386,0
26225,16083,0,675,399079462,399079.6466,0
26150,16085,0,676,399079470,399079.6546,0
26088,16087,0,678,399079477,399079.6626,0
26042,16088,0,676,399079485,399079.6706,0
26008,16089,0,676,399079492,399079.6782,0
25987,16089,0,677,399079500,399079.6865,0
25974,16090,0,679,399079507,399079.6945,0
25969,16090,0,683,399079515,399079.6984,0
25967,16090,0,685,399079522,399079.7064,0
25967,16090,0,686,399079530,399079.7144,0
25967,16090,0,686,399079537,399079.7224,0
25968,16090,0,684,399079545,399079.7305,0
25983,16090,0,686,399079552,399079.7384,0
26006,16090,0,687,399079560,399079.7463,0
26040,16090,0,686,399079567,399079.7543,0
26086,16090,0,687,399079575,399079.7583,0
26140,16090,0,687,399079582,399079.7663,0
26203,16090,0,688,399079590,399079.7743,0
26273,16090,0,689,399079597,399079.7822,0
26348,16088,0,687,399079605,399079.7902,0
26427,16085,0,685,399079612,399079.7982,0
26510,16083,0,684,399079620,399079.8062,0
26597,16082,0,684,399079627,399079.8141,0
26691,16080,0,683,399079635,399079.8221,0
26788,16078,0,682,399079642,399079.8261,0
26889,16077,0,681,399079650,399079.8341,0
26994,16074,0,682,399079657,399079.8421,0
27105,16072,0,683,399079665,399079.8501,0
27218,16070,0,684,399079673,399079.8581,0
27330,16066,0,685,399079680,399079.866,0
27445,16064,0,685,399079688,399079.874,0
27557,16061,0,687,399079695,399079.882,0
27668,16059,0,684,399079703,399079.886,0
27774,16056,0,683,399079710,399079.8949,0
27877,16053,0,683,399079718,399079.903,0
27976,16051,0,680,399079725,399079.9109,0
28070,16049,0,681,399079733,399079.9189,0
28164,16046,0,683,399079740,399079.9269,0
28258,16043,0,683,399079748,399079.9349,0
28354,16041,0,684,399079755,399079.9429,0
28450,16038,0,684,399079763,399079.9468,0
28552,16035,0,685,399079770,399079.9548,0
28657,16032,0,687,399079778,399079.9628,0
28764,16029,0,689,399079785,399079.9707,0
28872,16025,0,689,399079793,399079.9782,0
28983,16023,0,685,399079800,399079.9867,0
29094,16021,0,685,399079808,399079.9947,0
29204,16017,0,686,399079815,399080.0027,0
29313,16014,0,686,399079823,399080.0107,0
29418,16013,0,686,399079830,399080.0147,0
29519,16010,0,687,399079838,399080.0227,0
29615,16007,0,687,399079845,399080.0306,0
29704,16005,0,688,399079853,399080.0386,0
29786,16003,0,688,399079860,399080.0466,0
29864,16002,0,688,399079868,399080.0546,0
29937,16000,0,690,399079875,399080.0625,0
30006,15997,0,690,399079883,399080.0705,0
30071,15996,0,690,399079891,399080.0745,0
30135,15995,0,688,399079898,399080.0825,0
30198,15994,0,688,399079906,399080.0904,0
30261,15993,0,688,399079913,399080.0984,0
30324,15991,0,687,399079921,399080.1064,0
30386,15990,0,688,399079928,399080.1144,0
30448,15988,0,686,399079936,399080.1223,0
30510,15987,0,688,399079943,399080.1303,0
30566,15987,0,688,399079951,399080.1383,0
30623,15986,0,688,399079958,399080.1423,0
30680,15984,0,689,399079966,399080.1503,0
30737,15983,0,690,399079973,399080.1583,0
30798,15981,0,691,399079981,399080.1662,0
30864,15980,0,691,399079988,399080.1742,0
30939,15976,0,693,399079996,399080.1822,0
31022,15974,0,693,399080003,399080.1902,0
31111,15973,0,693,399080011,399080.1981,0
31207,15971,0,696,399080018,399080.2021,0
31305,15968,0,696,399080026,399080.2101,0
31408,15966,0,697,399080033,399080.2181,0
31509,15966,0,695,399080041,399080.2261,0
31607,15966,0,693,399080048,399080.2342,0
31699,15966,0,693,399080056,399080.2422,0
31786,15966,0,692,399080063,399080.2501,0
31863,15966,0,693,399080071,399080.2581,0
31930,15966,0,693,399080078,399080.2621,0
31988,15966,0,693,399080086,399080.2701,0
32035,15966,0,693,399080094,399080.278,0
32073,15966,0,692,399080101,399080.286,0
32100,15966,0,694,399080109,399080.294,0
32121,15966,0,693,399080116,399080.302,0
32133,15966,0,694,399080124,399080.31,0
32140,15966,0,694,399080131,399080.319,0
32144,15966,0,694,399080139,399080.3269,0
32145,15966,0,693,399080146,399080.331,0
32147,15966,0,695,399080154,399080.3389,0
32147,15966,0,696,399080161,399080.3469,0
32147,15966,0,696,399080169,399080.3549,0
32147,15966,0,696,399080176,399080.3629,0
32147,15966,0,697,399080184,399080.3708,0
32147,15966,0,698,399080191,399080.3781,0
32148,15966,0,699,399080199,399080.3867,0
32150,15966,0,699,399080206,399080.3907,0
32154,15966,0,699,399080214,399080.3987,0
32161,15966,0,697,399080221,399080.4067,0
32176,15965,0,697,399080229,399080.4147,0
32195,15964,0,698,399080236,399080.4226,0
32222,15963,0,698,399080244,399080.4307,0
32254,15963,0,698,399080251,399080.4386,0
32290,15962,0,698,399080259,399080.4466,0
32324,15962,0,697,399080266,399080.4546,0
32354,15962,0,697,399080274,399080.4586,0
32377,15962,0,697,399080281,399080.4666,0
32394,15962,0,697,399080289,399080.4746,0
32404,15962,0,697,399080297,399080.4826,0
32408,15962,0,697,399080304,399080.4905,0
32408,15962,0,697,399080312,399080.4985,0
32408,15962,0,699,399080319,399080.5065,0
32393,15962,0,699,399080327,399080.5145,0
32367,15962,0,698,399080334,399080.5185,0
32335,15962,0,697,399080342,399080.5264,0
32296,15962,0,696,399080349,399080.5344,0
32251,15962,0,697,399080357,399080.5424,0
32205,15962,0,698,399080364,399080.5503,0
32158,15962,0,699,399080372,399080.5583,0
32112,15962,0,699,399080379,399080.5663,0
32067,15962,0,705,399080387,399080.5743,0
32023,15962,0,703,399080394,399080.5823,0
31979,15962,0,703,399080402,399080.5863,0
31937,15962,0,705,399080409,399080.5942,0
31898,15962,0,708,399080417,399080.6022,0
31857,15962,0,704,399080424,399080.6102,0
31820,15963,0,708,399080432,399080.6182,0
31782,15963,0,707,399080439,399080.6261,0
31744,15963,0,702,399080447,399080.6341,0
31706,15964,0,704,399080454,399080.6421,0
31665,15965,0,702,399080462,399080.6461,0
31622,15965,0,699,399080469,399080.6541,0
31574,15966,0,700,399080477,399080.662,0
31523,15967,0,696,399080484,399080.67,0
31467,15967,0,694,399080492,399080.678,0
31406,15968,0,695,399080499,399080.687,0
31339,15970,0,697,399080507,399080.695,0
31267,15972,0,698,399080515,399080.703,0
31192,15973,0,699,399080522,399080.707,0
31114,15975,0,696,399080530,399080.7149,0
31037,15976,0,695,399080537,399080.7229,0
30957,15978,0,695,399080545,399080.7309,0
30879,15981,0,692,399080552,399080.7389,0
30800,15983,0,695,399080560,399080.7468,0
30721,15985,0,695,399080567,399080.7548,0
30641,15987,0,695,399080575,399080.7628,0
30560,15991,0,696,399080582,399080.7708,0
30479,15993,0,696,399080590,399080.7748,0
30399,15995,0,698,399080597,399080.7828,0
30319,15997,0,698,399080605,399080.7907,0
30240,16000,0,698,399080612,399080.7987,0
30160,16002,0,699,399080620,399080.8067,0
30077,16004,0,700,399080627,399080.8147,0
29992,16005,0,702,399080635,399080.8226,0
29903,16007,0,704,399080642,399080.8306,0
29812,16009,0,703,399080650,399080.8346,0
29716,16012,0,703,399080657,399080.8426,0
29616,16014,0,701,399080665,399080.8506,0
29515,16015,0,703,399080672,399080.8585,0
29412,16019,0,704,399080680,399080.8665,0
29307,16021,0,704,399080687,399080.8745,0
29199,16024,0,705,399080695,399080.8825,0
29093,16026,0,705,399080702,399080.8905,0
28987,16027,0,704,399080710,399080.8945,0
28879,16031,0,706,399080718,399080.9024,0
28773,16033,0,706,399080725,399080.9105,0
28667,16035,0,706,399080733,399080.9184,0
28561,16038,0,705,399080740,399080.9264,0
28455,16040,0,703,399080748,399080.9344,0
28350,16042,0,700,399080755,399080.9423,0
28247,16044,0,702,399080763,399080.9502,0
28144,16048,0,702,399080770,399080.9582,0
28042,16051,0,702,399080778,399080.9622,0
27942,16053,0,704,399080785,399080.9702,0
27844,16056,0,705,399080793,399080.9782,0
27747,16059,0,707,399080800,399080.9862,0
27650,16062,0,707,399080808,399080.9942,0
27556,16065,0,705,399080815,399081.0021,0
27463,16066,0,705,399080823,399081.0101,0
27375,16069,0,703,399080830,399081.0181,0
27288,16071,0,702,399080838,399081.0221,0
27206,16072,0,698,399080845,399081.0302,0
27128,16074,0,699,399080853,399081.0382,0
27054,16077,0,697,399080860,399081.0462,0
26983,16079,0,697,399080868,399081.0542,0
26915,16080,0,698,399080875,399081.0621,0
26849,16082,0,698,399080883,399081.0701,0
26783,16083,0,700,399080890,399081.0781,0
26722,16084,0,702,399080898,399081.0861,0
26663,16085,0,705,399080905,399081.0902,0
26607,16087,0,704,399080913,399081.0982,0
26555,16087,0,706,399080921,399081.1061,0
26506,16087,0,707,399080928,399081.1141,0
26463,16087,0,707,399080936,399081.1221,0
26425,16087,0,708,399080943,399081.1301,0
26393,16087,0,709,399080951,399081.138,0
26366,16087,0,711,399080958,399081.146,0
26347,16087,0,712,399080966,399081.15,0
26335,16087,0,712,399080973,399081.158,0
26327,16087,0,712,399080981,399081.166,0
26323,16087,0,712,399080988,399081.174,0
26321,16087,0,711,399080996,399081.1829,0
26321,16087,0,711,399081003,399081.1909,0
26321,16087,0,708,399081011,399081.1989,0
26321,16087,0,707,399081018,399081.2068,0
26320,16087,0,705,399081026,399081.2148,0
26320,16087,0,706,399081033,399081.2188,0
26320,16087,0,706,399081041,399081.2268,0
26320,16088,0,706,399081048,399081.2348,0
26320,16088,0,706,399081056,399081.2427,0
26327,16089,0,705,399081063,399081.2507,0
26342,16089,0,705,399081071,399081.2587,0
26362,16089,0,705,399081078,399081.2667,0
26387,16089,0,704,399081086,399081.2747,0
26416,16089,0,703,399081093,399081.2782,0
26448,16089,0,705,399081101,399081.2867,0
26484,16089,0,705,399081108,399081.2946,0
26525,16089,0,705,399081116,399081.3026,0
26571,16089,0,706,399081123,399081.3106,0
26626,16089,0,706,399081131,399081.3185,0
26687,16089,0,707,399081139,399081.3265,0
26756,16087,0,707,399081146,399081.3345,0
26834,16084,0,707,399081154,399081.3425,0
26919,16082,0,708,399081161,399081.3465,0
27010,16079,0,707,399081169,399081.3545,0
27107,16077,0,709,399081176,399081.3626,0
27206,16074,0,709,399081184,399081.3705,0
27306,16073,0,711,399081191,399081.3782,0
27407,16071,0,711,399081199,399081.3865,0
27508,16069,0,712,399081206,399081.3945,0
27610,16066,0,710,399081214,399081.4025,0
27712,16064,0,710,399081221,399081.4064,0
27818,16062,0,709,399081229,399081.4144,0
27929,16059,0,707,399081236,399081.4224,0
28046,16056,0,709,399081244,399081.4304,0
28169,16054,0,710,399081251,399081.4384,0
28298,16050,0,711,399081259,399081.4463,0
28439,16046,0,712,399081266,399081.4543,0
28583,16041,0,712,399081274,399081.4623,0
28734,16035,0,713,399081281,399081.4663,0
28890,16030,0,714,399081289,399081.4742,0
29050,16024,0,713,399081296,399081.4822,0
29209,16020,0,711,399081304,399081.4902,0
29366,16015,0,708,399081311,399081.4982,0
29524,16012,0,709,399081319,399081.5062,0
29681,16007,0,710,399081326,399081.5141,0
29831,16003,0,712,399081334,399081.5222,0
29975,15999,0,713,399081342,399081.5302,0
30112,15994,0,713,399081349,399081.5341,0
30243,15991,0,712,399081357,399081.5421,0
30365,15986,0,709,399081364,399081.5501,0
30477,15983,0,709,399081372,399081.5581,0
30583,15981,0,709,399081379,399081.5661,0
30680,15978,0,710,399081387,399081.574,0
30768,15976,0,711,399081394,399081.583,0
30853,15974,0,712,399081402,399081.591,0
30935,15972,0,711,399081409,399081.595,0
31016,15971,0,714,399081417,399081.6029,0
31100,15968,0,714,399081424,399081.6109,0
31182,15967,0,715,399081432,399081.6189,0
31265,15965,0,717,399081439,399081.6268,0
31346,15964,0,717,399081447,399081.6348,0
31422,15962,0,716,399081454,399081.6428,0
31494,15961,0,714,399081462,399081.6509,0
31558,15961,0,713,399081469,399081.6589,0
31618,15960,0,712,399081477,399081.6629,0
31669,15958,0,712,399081484,399081.6709,0
31713,15958,0,712,399081492,399081.6782,0
31749,15957,0,713,399081499,399081.6868,0
31776,15956,0,712,399081507,399081.6948,0
31793,15956,0,712,399081514,399081.7028,0
31803,15955,0,712,399081522,399081.7108,0
31808,15955,0,712,399081529,399081.7188,0
31809,15955,0,712,399081537,399081.7227,0
31809,15955,0,712,399081544,399081.7307,0
31809,15954,0,710,399081552,399081.7387,0
31807,15954,0,712,399081560,399081.7467,0
31792,15954,0,715,399081567,399081.7546,0
31771,15954,0,716,399081575,399081.7626,0
31740,15954,0,719,399081582,399081.7706,0
31703,15954,0,719,399081590,399081.7782,0
31659,15954,0,720,399081597,399081.7826,0
31608,15954,0,721,399081605,399081.7906,0
31553,15954,0,720,399081612,399081.7985,0
31491,15954,0,721,399081620,399081.8065,0
31425,15954,0,721,399081627,399081.8145,0
31351,15954,0,722,399081635,399081.8225,0
31272,15954,0,722,399081642,399081.8304,0
31187,15957,0,722,399081650,399081.8384,0
31100,15958,0,718,399081657,399081.8464,0
31011,15961,0,719,399081665,399081.8504,0
30921,15963,0,718,399081672,399081.8584,0
30830,15966,0,718,399081680,399081.8664,0
30741,15968,0,716,399081687,399081.8743,0
30652,15972,0,719,399081695,399081.8823,0
30562,15974,0,717,399081702,399081.8903,0
30473,15976,0,718,399081710,399081.8983,0
30384,15978,0,718,399081717,399081.9063,0
30296,15982,0,719,399081725,399081.9102,0
30208,15984,0,720,399081732,399081.9182,0
30120,15986,0,720,399081740,399081.9262,0
30033,15988,0,721,399081747,399081.9342,0
29948,15991,0,722,399081755,399081.9422,0
29863,15993,0,720,399081763,399081.9501,0
29780,15994,0,719,399081770,399081.9581,0
29699,15995,0,717,399081778,399081.9661,0
29621,15997,0,718,399081785,399081.9741,0
29545,15999,0,716,399081793,399081.9781,0
29471,16000,0,719,399081800,399081.986,0
29400,16001,0,719,399081808,399081.994,0
29326,16003,0,720,399081815,399082.003,0
29253,16004,0,721,399081823,399082.011,0
29178,16005,0,720,399081830,399082.0189,0
29103,16007,0,722,399081838,399082.0269,0
29026,16010,0,721,399081845,399082.0349,0
28949,16012,0,722,399081853,399082.0389,0
28872,16013,0,722,399081860,399082.0469,0
28796,16015,0,722,399081868,399082.0548,0
28721,16017,0,722,399081875,399082.0628,0
28647,16019,0,722,399081883,399082.0708,0
28577,16021,0,718,399081890,399082.0782,0
28508,16023,0,714,399081898,399082.0868,0
28441,16025,0,713,399081905,399082.0947,0
28377,16027,0,713,399081913,399082.0987,0
28316,16030,0,713,399081920,399082.1067,0
28255,16032,0,714,399081928,399082.1147,0
28194,16034,0,715,399081935,399082.1227,0
28133,16036,0,715,399081943,399082.1306,0
28075,16038,0,714,399081950,399082.1386,0
28016,16039,0,716,399081958,399082.1466,0
27958,16041,0,716,399081966,399082.1546,0
27903,16042,0,715,399081973,399082.1626,0
27850,16043,0,717,399081981,399082.1665,0
27799,16045,0,717,399081988,399082.1745,0
27749,16045,0,718,399081996,399082.1825,0
27701,16048,0,719,399082003,399082.1905,0
27652,16049,0,718,399082011,399082.1985,0
27605,16050,0,719,399082018,399082.2064,0
27556,16050,0,719,399082026,399082.2144,0
27508,16051,0,718,399082033,399082.2224,0
27460,16051,0,718,399082041,399082.2264,0
27413,16052,0,718,399082048,399082.2344,0
27366,16052,0,716,399082056,399082.2423,0
27319,16052,0,715,399082063,399082.2503,0
27275,16053,0,714,399082071,399082.2583,0
27232,16054,0,714,399082078,399082.2663,0
27192,16055,0,714,399082086,399082.2743,0
27155,16056,0,714,399082093,399082.2823,0
27123,16059,0,715,399082101,399082.2902,0
27099,16059,0,715,399082108,399082.2942,0
27076,16060,0,715,399082116,399082.3022,0
27060,16061,0,716,399082123,399082.3102,0
27049,16062,0,716,399082131,399082.3181,0
27039,16062,0,716,399082138,399082.3261,0
27033,16062,0,714,399082146,399082.3341,0
27027,16062,0,716,399082153,399082.3421,0
27023,16063,0,716,399082161,399082.35,0
27021,16063,0,715,399082168,399082.354,0
27017,16063,0,718,399082176,399082.363,0
27016,16063,0,720,399082184,399082.37,0
27015,16064,0,721,399082191,399082.3782,0
27015,16064,0,723,399082199,399082.3869,0
27015,16064,0,725,399082206,399082.395,0
27014,16064,0,727,399082214,399082.4029,0
27014,16064,0,728,399082221,399082.4109,0
27014,16064,0,728,399082229,399082.4189,0
27014,16064,0,728,399082236,399082.4228,0
27014,16064,0,728,399082244,399082.4308,0
27014,16064,0,727,399082251,399082.4388,0
27014,16064,0,727,399082259,399082.4468,0
27014,16064,0,726,399082266,399082.4547,0
27014,16064,0,726,399082274,399082.4627,0
27014,16064,0,726,399082281,399082.4707,0
27014,16064,0,722,399082289,399082.4783,0
27015,16064,0,719,399082296,399082.4827,0
27023,16064,0,715,399082304,399082.4907,0
27036,16064,0,715,399082311,399082.4986,0
27054,16064,0,716,399082319,399082.5066,0
27079,16064,0,717,399082326,399082.5146,0
27110,16064,0,717,399082334,399082.5226,0
27147,16064,0,718,399082341,399082.5306,0
27189,16064,0,719,399082349,399082.5386,0
27233,16064,0,719,399082356,399082.5425,0
27281,16064,0,718,399082364,399082.5505,0
27330,16064,0,718,399082371,399082.5585,0
27379,16064,0,718,399082379,399082.5665,0
27431,16063,0,717,399082387,399082.5745,0
27483,16062,0,716,399082394,399082.5824,0
27533,16061,0,715,399082402,399082.5904,0
27584,16060,0,713,399082409,399082.5984,0
27634,16059,0,711,399082417,399082.6064,0
27689,16056,0,711,399082424,399082.6103,0
27745,16055,0,709,399082432,399082.6183,0
27804,16053,0,712,399082439,399082.6263,0
27868,16052,0,711,399082447,399082.6343,0
27936,16050,0,713,399082454,399082.6423,0
28010,16048,0,713,399082462,399082.6502,0
28087,16045,0,713,399082469,399082.6582,0
28167,16042,0,714,399082477,399082.6662,0
28252,16040,0,714,399082484,399082.6702,0
28339,16038,0,715,399082492,399082.6782,0
28431,16034,0,716,399082499,399082.6862,0
28526,16032,0,716,399082507,399082.6941,0
28625,16029,0,717,399082514,399082.7021,0
28728,16026,0,718,399082522,399082.7101,0
28835,16024,0,717,399082529,399082.7181,0
28946,16021,0,716,399082537,399082.7261,0
29061,16019,0,714,399082544,399082.735,0
29178,16016,0,712,399082552,399082.738,0
29297,16013,0,712,399082559,399082.746,0
29418,16011,0,712,399082567,399082.7549,0
29539,16009,0,713,399082574,399082.7629,0
29660,16006,0,713,399082582,399082.7709,0
29778,16004,0,715,399082589,399082.7783,0
29896,16001,0,716,399082597,399082.7869,0
30011,15999,0,717,399082605,399082.7949,0
30124,15995,0,717,399082612,399082.7988,0
30236,15993,0,715,399082620,399082.8068,0
30348,15991,0,714,399082627,399082.8148,0
30463,15987,0,714,399082635,399082.8228,0
30581,15985,0,714,399082642,399082.8308,0
30703,15982,0,715,399082650,399082.8387,0
30829,15980,0,715,399082657,399082.8467,0
30957,15976,0,716,399082665,399082.8547,0
31087,15973,0,717,399082672,399082.8587,0
31218,15968,0,718,399082680,399082.8667,0
31348,15965,0,719,399082687,399082.8747,0
31477,15962,0,720,399082695,399082.8826,0
31601,15957,0,716,399082702,399082.8906,0
31722,15954,0,714,399082710,399082.8986,0
31837,15952,0,714,399082717,399082.9066,0
31947,15948,0,714,399082725,399082.9146,0
32049,15946,0,716,399082732,399082.9225,0
32147,15944,0,716,399082740,399082.9265,0
32239,15942,0,717,399082747,399082.9345,0
32325,15939,0,718,399082755,399082.9424,0
32409,15938,0,720,399082762,399082.9505,0
32489,15936,0,720,399082770,399082.9584,0
32567,15935,0,721,399082777,399082.9664,0
32642,15934,0,721,399082785,399082.9744,0
32715,15933,0,719,399082792,399082.9824,0
32786,15932,0,718,399082800,399082.9864,0
32854,15931,0,717,399082808,399082.9943,0
32921,15929,0,717,399082815,399083.0023,0
32986,15928,0,718,399082823,399083.0103,0
33047,15927,0,717,399082830,399083.0183,0
33105,15926,0,718,399082838,399083.0262,0
33159,15926,0,717,399082845,399083.0342,0
33210,15925,0,718,399082853,399083.0422,0
33255,15924,0,719,399082860,399083.0502,0
33297,15924,0,718,399082868,399083.0542,0
33333,15923,0,719,399082875,399083.0621,0
33365,15922,0,720,399082883,399083.0701,0
33393,15922,0,720,399082890,399083.0781,0
33418,15921,0,721,399082898,399083.0861,0
33441,15919,0,721,399082905,399083.094,0
33460,15918,0,721,399082913,399083.1021,0
33477,15917,0,722,399082920,399083.11,0
33491,15916,0,722,399082928,399083.115,0
33502,15916,0,722,399082935,399083.122,0
33509,15915,0,722,399082943,399083.13,0
33514,15915,0,722,399082950,399083.1389,0
33516,15915,0,723,399082958,399083.147,0
33518,15914,0,723,399082965,399083.1548,0
33518,15914,0,724,399082973,399083.1629,0
33518,15914,0,726,399082980,399083.1709,0
33518,15914,0,727,399082988,399083.1783,0
33518,15914,0,730,399082995,399083.1829,0
33518,15914,0,734,399083003,399083.1908,0
33518,15914,0,736,399083011,399083.1988,0
33518,15914,0,740,399083018,399083.2068,0
33518,15914,0,743,399083026,399083.2147,0
33518,15914,0,746,399083033,399083.2227,0
33518,15914,0,748,399083041,399083.2307,0
33515,15914,0,749,399083048,399083.2387,0
33509,15914,0,750,399083056,399083.2427,0
33500,15914,0,750,399083063,399083.2506,0
33488,15914,0,750,399083071,399083.2586,0
33472,15914,0,750,399083078,399083.2666,0
33450,15914,0,750,399083086,399083.2746,0
33424,15914,0,749,399083093,399083.2826,0
33391,15914,0,749,399083101,399083.2905,0
33351,15914,0,745,399083108,399083.2985,0
33307,15914,0,744,399083116,399083.3025,0
33258,15914,0,742,399083123,399083.3106,0
33204,15914,0,740,399083131,399083.3185,0
33146,15914,0,738,399083138,399083.3265,0
33084,15915,0,737,399083146,399083.3344,0
33019,15916,0,735,399083153,399083.3424,0
32947,15918,0,735,399083161,399083.3504,0
32871,15919,0,732,399083168,399083.3584,0
32787,15921,0,728,399083176,399083.3624,0
32694,15922,0,726,399083183,399083.3703,0
32591,15924,0,724,399083191,399083.3782,0
32483,15926,0,722,399083198,399083.3863,0
32367,15927,0,717,399083206,399083.3943,0
32243,15929,0,713,399083213,399083.4022,0
32112,15933,0,712,399083221,399083.4102,0
31978,15937,0,713,399083229,399083.4182,0
31839,15941,0,714,399083236,399083.4262,0
31696,15945,0,715,399083244,399083.4302,0
31552,15948,0,716,399083251,399083.4381,0
31406,15953,0,719,399083259,399083.4461,0
31265,15956,0,721,399083266,399083.4541,0
31128,15960,0,724,399083274,399083.4621,0
30996,15962,0,721,399083281,399083.4701,0
30870,15965,0,723,399083289,399083.4781,0
30753,15967,0,724,399083296,399083.4862,0
30645,15971,0,726,399083304,399083.4942,0
30543,15974,0,726,399083311,399083.4982,0
30444,15977,0,726,399083319,399083.5061,0
30351,15980,0,728,399083326,399083.5141,0
30257,15982,0,727,399083334,399083.5221,0
30163,15984,0,727,399083341,399083.5301,0
30071,15985,0,727,399083349,399083.5381,0
29980,15987,0,728,399083356,399083.546,0
29891,15988,0,727,399083364,399083.554,0
29805,15991,0,726,399083371,399083.558,0
29724,15992,0,726,399083379,399083.566,0
29648,15993,0,723,399083386,399083.5739,0
29576,15995,0,724,399083394,399083.583,0
29509,15997,0,725,399083401,399083.591,0
29444,15999,0,725,399083409,399083.5989,0
29382,16000,0,725,399083416,399083.6068,0
29323,16002,0,727,399083424,399083.6149,0
29265,16004,0,728,399083432,399083.6189,0
29212,16005,0,731,399083439,399083.6268,0
29161,16007,0,732,399083447,399083.6348,0
29114,16009,0,734,399083454,399083.6428,0
29071,16011,0,735,399083462,399083.6508,0
29031,16012,0,736,399083469,399083.6588,0
28992,16013,0,738,399083477,399083.6667,0
28952,16014,0,738,399083484,399083.6747,0
28913,16015,0,739,399083492,399083.6827,0
28871,16017,0,739,399083499,399083.6867,0
28826,16019,0,738,399083507,399083.6946,0
28775,16020,0,738,399083514,399083.7026,0
28722,16022,0,739,399083522,399083.7106,0
28667,16023,0,737,399083529,399083.7186,0
28608,16024,0,737,399083537,399083.7266,0
28547,16025,0,736,399083544,399083.7346,0
28484,16026,0,735,399083552,399083.7425,0
28420,16027,0,735,399083559,399083.7465,0
28358,16030,0,734,399083567,399083.7545,0
28293,16031,0,734,399083574,399083.7625,0
28229,16032,0,733,399083582,399083.7704,0
28164,16034,0,734,399083589,399083.7783,0
28100,16036,0,735,399083597,399083.7865,0
28037,16038,0,735,399083604,399083.7944,0
27977,16039,0,735,399083612,399083.8024,0
27919,16040,0,736,399083619,399083.8104,0
27868,16040,0,734,399083627,399083.8143,0
27824,16041,0,734,399083634,399083.8222,0
27791,16041,0,737,399083642,399083.8303,0
27765,16042,0,738,399083650,399083.8383,0
27747,16042,0,739,399083657,399083.8462,0
27737,16043,0,739,399083665,399083.8542,0
27731,16044,0,741,399083672,399083.8621,0
27728,16044,0,742,399083680,399083.8701,0
27727,16045,0,741,399083687,399083.8741,0
27727,16045,0,741,399083695,399083.8821,0
27727,16045,0,741,399083702,399083.8901,0
27727,16045,0,739,399083710,399083.8981,0
27727,16045,0,736,399083717,399083.9061,0
27727,16046,0,739,399083725,399083.9141,0
27738,16046,0,739,399083732,399083.922,0
27755,16046,0,740,399083740,399083.93,0
27779,16046,0,739,399083747,399083.934,0
27806,16046,0,740,399083755,399083.942,0
27838,16046,0,739,399083762,399083.951,0
27873,16046,0,740,399083770,399083.959,0
27909,16046,0,740,399083777,399083.9669,0
27945,16046,0,740,399083785,399083.9749,0
27979,16046,0,740,399083792,399083.9829,0
28011,16046,0,740,399083800,399083.9908,0
28042,16046,0,739,399083807,399083.9988,0
28073,16046,0,739,399083815,399084.0028,0
28104,16046,0,740,399083822,399084.0108,0
28137,16045,0,739,399083830,399084.0188,0
28175,16044,0,740,399083837,399084.0268,0
28218,16043,0,740,399083845,399084.0348,0
28266,16041,0,740,399083853,399084.0427,0
28318,16040,0,738,399083860,399084.0507,0
28377,16039,0,739,399083868,399084.0587,0
28439,16036,0,739,399083875,399084.0627,0
28505,16035,0,739,399083883,399084.0707,0
28574,16033,0,739,399083890,399084.0782,0
28645,16032,0,741,399083898,399084.0866,0
28715,16030,0,741,399083905,399084.0946,0
28786,16029,0,741,399083913,399084.1026,0
28855,16027,0,740,399083920,399084.1106,0
28925,16026,0,739,399083928,399084.1185,0
28996,16025,0,738,399083935,399084.1265,0
29071,16024,0,739,399083943,399084.1304,0
29150,16023,0,737,399083950,399084.1385,0
29232,16021,0,740,399083958,399084.1465,0
29320,16019,0,739,399083965,399084.1544,0
29413,16016,0,740,399083973,399084.1623,0
29511,16014,0,742,399083980,399084.1703,0
29612,16012,0,742,399083988,399084.1783,0
29717,16009,0,743,399083995,399084.1863,0
29827,16006,0,743,399084003,399084.1903,0
29940,16003,0,744,399084010,399084.1983,0
30057,16000,0,745,399084018,399084.2062,0
30176,15996,0,746,399084025,399084.2143,0
30295,15993,0,740,399084033,399084.2222,0
30415,15990,0,740,399084040,399084.2302,0
30532,15986,0,739,399084048,399084.2382,0
30646,15983,0,740,399084056,399084.2462,0
30755,15980,0,740,399084063,399084.2541,0
30859,15977,0,741,399084071,399084.2581,0
30958,15974,0,742,399084078,399084.2661,0
31053,15972,0,743,399084086,399084.2741,0
31146,15970,0,744,399084093,399084.2822,0
31238,15967,0,745,399084101,399084.2902,0
31329,15966,0,746,399084108,399084.2982,0
31420,15964,0,747,399084116,399084.3061,0
31511,15962,0,743,399084123,399084.3141,0
31601,15960,0,743,399084131,399084.3181,0
31690,15956,0,742,399084138,399084.3261,0
31778,15955,0,743,399084146,399084.334,0
31865,15953,0,743,399084153,399084.342,0
31947,15951,0,743,399084161,399084.35,0
32026,15949,0,743,399084168,399084.358,0
32102,15949,0,744,399084176,399084.367,0
32172,15948,0,745,399084183,399084.375,0
32237,15948,0,745,399084191,399084.3783,0
32294,15947,0,746,399084198,399084.3869,0
32347,15946,0,746,399084206,399084.3949,0
32392,15945,0,747,399084213,399084.4029,0
32427,15944,0,748,399084221,399084.4109,0
32455,15943,0,748,399084228,399084.4188,0
32474,15942,0,748,399084236,399084.4268,0
32487,15941,0,749,399084243,399084.4348,0
32494,15941,0,748,399084251,399084.4428,0
32498,15941,0,748,399084258,399084.4468,0
32499,15939,0,748,399084266,399084.4547,0
32499,15939,0,750,399084274,399084.4627,0
32499,15939,0,751,399084281,399084.4707,0
32499,15939,0,751,399084289,399084.4783,0
32499,15939,0,753,399084296,399084.4866,0
32500,15939,0,753,399084304,399084.4946,0
32500,15938,0,753,399084311,399084.5026,0
32501,15938,0,754,399084319,399084.5066,0
32501,15937,0,753,399084326,399084.5146,0
32501,15937,0,753,399084334,399084.5226,0
32501,15937,0,754,399084341,399084.5305,0
32501,15937,0,754,399084349,399084.5385,0
32501,15937,0,755,399084356,399084.5465,0
32501,15937,0,758,399084364,399084.5544,0
32498,15937,0,762,399084371,399084.5626,0
32488,15937,0,766,399084379,399084.5705,0
32472,15937,0,768,399084386,399084.5745,0
32451,15937,0,770,399084394,399084.5825,0
32423,15937,0,770,399084401,399084.5905,0
32389,15937,0,771,399084409,399084.5985,0
32350,15937,0,769,399084416,399084.6065,0
32306,15937,0,769,399084424,399084.6145,0
32256,15937,0,769,399084431,399084.6224,0
32205,15937,0,769,399084439,399084.6304,0
32148,15938,0,768,399084446,399084.6344,0
32088,15939,0,768,399084454,399084.6424,0
32025,15939,0,768,399084461,399084.6504,0
31959,15942,0,768,399084469,399084.6583,0
31893,15943,0,769,399084477,399084.6663,0
31828,15944,0,769,399084484,399084.6743,0
31764,15944,0,769,399084492,399084.6822,0
31699,15946,0,771,399084499,399084.6902,0
31637,15946,0,769,399084507,399084.6942,0
31574,15947,0,770,399084514,399084.7022,0
31511,15949,0,770,399084522,399084.7102,0
31446,15951,0,769,399084529,399084.7182,0
31377,15953,0,769,399084537,399084.7261,0
31305,15954,0,769,399084544,399084.7341,0
31230,15956,0,768,399084552,399084.7421,0
31150,15958,0,765,399084559,399084.7501,0
31068,15960,0,763,399084567,399084.7581,0
30980,15962,0,761,399084574,399084.762,0
30889,15964,0,762,399084582,399084.77,0
30793,15966,0,761,399084589,399084.7782,0
30693,15970,0,761,399084597,399084.7869,0
30588,15972,0,762,399084604,399084.7939,0
30480,15975,0,762,399084612,399084.8029,0
30368,15978,0,763,399084619,399084.8108,0
30253,15982,0,763,399084627,399084.8189,0
30135,15985,0,763,399084634,399084.8229,0
30013,15988,0,764,399084642,399084.8308,0
29890,15992,0,764,399084649,399084.8388,0
29765,15995,0,759,399084657,399084.8468,0
29640,15997,0,757,399084664,399084.8548,0
29515,16001,0,755,399084672,399084.8628,0
29393,16004,0,754,399084680,399084.8708,0
29275,16006,0,752,399084687,399084.8783,0
29161,16010,0,750,399084695,399084.8867,0
29049,16012,0,749,399084702,399084.8907,0
28941,16015,0,743,399084710,399084.8987,0
28839,16017,0,744,399084717,399084.9066,0
28742,16020,0,743,399084725,399084.9146,0
28652,16022,0,743,399084732,399084.9226,0
28567,16024,0,740,399084740,399084.9306,0
28489,16025,0,739,399084747,399084.9385,0
28417,16026,0,739,399084755,399084.9465,0
28349,16029,0,737,399084762,399084.9505,0
28285,16029,0,738,399084770,399084.9585,0
28221,16031,0,739,399084777,399084.9667,0
28158,16032,0,739,399084785,399084.9747,0
28096,16034,0,740,399084792,399084.9826,0
28037,16036,0,741,399084800,399084.9906,0
27979,16039,0,740,399084807,399084.9986,0
27925,16041,0,742,399084815,399085.0065,0
27875,16043,0,743,399084822,399085.0105,0
27829,16045,0,744,399084830,399085.0185,0
27787,16046,0,745,399084837,399085.0265,0
27751,16048,0,746,399084845,399085.0345,0
27721,16049,0,747,399084852,399085.0424,0
27695,16050,0,748,399084860,399085.0504,0
27675,16050,0,747,399084867,399085.0584,0
27662,16050,0,749,399084875,399085.0664,0
27652,16051,0,749,399084882,399085.0744,0
27646,16051,0,750,399084890,399085.0783,0
27643,16051,0,750,399084898,399085.0863,0
27642,16051,0,751,399084905,399085.0943,0
27642,16051,0,751,399084913,399085.1023,0
27642,16051,0,752,399084920,399085.1102,0
27642,16051,0,752,399084928,399085.1182,0
27642,16051,0,753,399084935,399085.1262,0
27642,16051,0,754,399084943,399085.1342,0
27642,16051,0,754,399084950,399085.1382,0
27642,16051,0,753,399084958,399085.1461,0
27642,16051,0,754,399084965,399085.1541,0
27642,16051,0,754,399084973,399085.1621,0
27642,16051,0,754,399084980,399085.1701,0
27642,16051,0,752,399084988,399085.1781,0
27642,16051,0,752,399084995,399085.1861,0
27642,16051,0,752,399085003,399085.194,0
27642,16051,0,750,399085010,399085.203,0
27642,16051,0,750,399085018,399085.206,0
27642,16051,0,750,399085025,399085.215,0
27642,16051,0,748,399085033,399085.222,0
27642,16051,0,746,399085040,399085.231,0
27642,16051,0,746,399085048,399085.2389,0
27642,16051,0,744,399085055,399085.2469,0
27642,16051,0,743,399085063,399085.2549,0
27642,16051,0,739,399085070,399085.2628,0
27642,16051,0,735,399085078,399085.2668,0
27642,16051,0,732,399085085,399085.2748,0
27648,16052,0,727,399085093,399085.2828,0
27665,16052,0,727,399085101,399085.2908,0
27692,16052,0,726,399085108,399085.2988,0
27729,16052,0,725,399085116,399085.3067,0
27775,16052,0,723,399085123,399085.3147,0
27830,16052,0,724,399085131,399085.3227,0
27892,16052,0,723,399085138,399085.3307,0
27956,16052,0,724,399085146,399085.3347,0
28024,16051,0,724,399085153,399085.3426,0
28096,16050,0,722,399085161,399085.3506,0
28172,16046,0,721,399085168,399085.3586,0
28248,16044,0,722,399085176,399085.3666,0
28325,16042,0,721,399085183,399085.3746,0
28404,16039,0,720,399085191,399085.3825,0
28486,16036,0,718,399085198,399085.3905,0
28567,16034,0,718,399085206,399085.3945,0
28651,16033,0,718,399085213,399085.4024,0
28738,16031,0,718,399085221,399085.4105,0
28831,16029,0,717,399085228,399085.4184,0
28928,16026,0,716,399085236,399085.4264,0
29031,16024,0,714,399085243,399085.4344,0
29142,16022,0,713,399085251,399085.4424,0
29257,16019,0,713,399085258,399085.4504,0
29375,16016,0,713,399085266,399085.4543,0
29497,16013,0,715,399085273,399085.4623,0
29623,16011,0,716,399085281,399085.4703,0
29752,16009,0,719,399085288,399085.4782,0
29883,16005,0,720,399085296,399085.4862,0
30017,16002,0,722,399085303,399085.4942,0
30155,16000,0,723,399085311,399085.5022,0
30294,15996,0,719,399085319,399085.5102,0
30433,15992,0,721,399085326,399085.5182,0
30572,15988,0,719,399085334,399085.5221,0
30713,15985,0,719,399085341,399085.5302,0
30851,15982,0,718,399085349,399085.5382,0
30989,15978,0,719,399085356,399085.5462,0
31121,15975,0,721,399085364,399085.5542,0
31247,15972,0,722,399085371,399085.5621,0
31371,15968,0,723,399085379,399085.5701,0
31486,15964,0,721,399085386,399085.5781,0
31598,15961,0,720,399085394,399085.5821,0
31703,15957,0,718,399085401,399085.5901,0
31804,15955,0,717,399085409,399085.5981,0
31904,15953,0,719,399085416,399085.606,0
32003,15951,0,720,399085424,399085.614,0
32101,15948,0,720,399085431,399085.622,0
32203,15946,0,720,399085439,399085.631,0
32307,15945,0,722,399085446,399085.639,0
32413,15943,0,723,399085454,399085.642,0
32520,15941,0,725,399085461,399085.6509,0
32627,15938,0,726,399085469,399085.6589,0
32734,15938,0,725,399085476,399085.6669,0
32839,15936,0,722,399085484,399085.6748,0
32941,15936,0,721,399085491,399085.6828,0
33040,15936,0,721,399085499,399085.6908,0
33136,15935,0,720,399085506,399085.6988,0
33226,15935,0,722,399085514,399085.7068,0
33312,15935,0,722,399085522,399085.7108,0
33393,15934,0,723,399085529,399085.7187,0
33470,15933,0,724,399085537,399085.7267,0
33539,15932,0,725,399085544,399085.7347,0
33603,15931,0,725,399085552,399085.7426,0
33659,15929,0,726,399085559,399085.7506,0
33710,15928,0,725,399085567,399085.7586,0
33752,15927,0,726,399085574,399085.7666,0
33786,15926,0,726,399085582,399085.7706,0
33816,15925,0,725,399085589,399085.7784,0
33838,15925,0,725,399085597,399085.7866,0
33858,15924,0,724,399085604,399085.7946,0
33871,15923,0,723,399085612,399085.8025,0
33884,15922,0,723,399085619,399085.8105,0
33891,15922,0,722,399085627,399085.8185,0
33897,15922,0,723,399085634,399085.8264,0
33901,15921,0,722,399085642,399085.8344,0
33902,15921,0,722,399085649,399085.8384,0
33902,15921,0,722,399085657,399085.8464,0
33902,15921,0,723,399085664,399085.8544,0
33902,15921,0,723,399085672,399085.8624,0
33902,15921,0,724,399085679,399085.8704,0
33902,15921,0,724,399085687,399085.8783,0
33901,15921,0,725,399085694,399085.8863,0
33891,15921,0,722,399085702,399085.8943,0
33874,15921,0,722,399085709,399085.8983,0
33849,15921,0,722,399085717,399085.9062,0
33817,15921,0,719,399085725,399085.9142,0
33778,15921,0,719,399085732,399085.9222,0
33731,15921,0,719,399085740,399085.9302,0
33677,15921,0,718,399085747,399085.9382,0
33616,15923,0,718,399085755,399085.9462,0
33550,15925,0,718,399085762,399085.9541,0
33476,15926,0,716,399085770,399085.9621,0
33392,15928,0,715,399085777,399085.9661,0
33301,15931,0,716,399085785,399085.974,0
33202,15932,0,717,399085792,399085.9821,0
33098,15933,0,719,399085800,399085.99,0
32987,15935,0,717,399085807,399085.998,0
32875,15936,0,715,399085815,399086.006,0
32756,15937,0,722,399085822,399086.014,0
32638,15938,0,720,399085830,399086.022,0
32519,15939,0,725,399085837,399086.026,0
32397,15941,0,722,399085845,399086.0349,0
32274,15943,0,719,399085852,399086.0429,0
32144,15945,0,719,399085860,399086.0509,0
32012,15947,0,718,399085867,399086.0589,0
31876,15951,0,718,399085875,399086.0668,0
31734,15954,0,722,399085882,399086.0748,0
31581,15956,0,721,399085890,399086.0828,0
31422,15961,0,726,399085897,399086.0868,0
31256,15964,0,727,399085905,399086.0948,0
31081,15968,0,729,399085912,399086.1027,0
30899,15973,0,728,399085920,399086.1107,0
30709,15978,0,727,399085927,399086.1187,0
30518,15984,0,728,399085935,399086.1267,0
30320,15990,0,728,399085943,399086.1347,0
30121,15994,0,732,399085950,399086.1426,0
29926,15997,0,733,399085958,399086.1506,0
29737,16001,0,735,399085965,399086.1546,0
29552,16004,0,730,399085973,399086.1626,0
29376,16007,0,720,399085980,399086.1705,0
29211,16011,0,701,399085988,399086.1783,0
29058,16014,0,697,399085995,399086.1865,0
28914,16017,0,678,399086003,399086.1945,0
28782,16021,0,680,399086010,399086.2024,0
28664,16024,0,677,399086018,399086.2104,0
28563,16026,0,675,399086025,399086.2146,0
28477,16029,0,677,399086033,399086.2225,0
28406,16031,0,678,399086040,399086.2305,0
28350,16032,0,678,399086048,399086.2385,0
28305,16033,0,679,399086055,399086.2464,0
28266,16034,0,686,399086063,399086.2545,0
28231,16034,0,691,399086070,399086.2624,0
28196,16035,0,697,399086078,399086.2704,0
28163,16035,0,699,399086085,399086.2783,0
28126,16036,0,702,399086093,399086.2823,0
28088,16036,0,707,399086100,399086.2903,0
28047,16038,0,710,399086108,399086.2983,0
28008,16039,0,713,399086115,399086.3062,0
27966,16040,0,717,399086123,399086.3143,0
27925,16042,0,720,399086130,399086.3222,0
27884,16043,0,721,399086138,399086.3302,0
27846,16044,0,722,399086146,399086.3382,0
27808,16044,0,721,399086153,399086.3422,0
27772,16046,0,722,399086161,399086.3502,0
27740,16046,0,720,399086168,399086.3582,0
27711,16048,0,719,399086176,399086.3661,0
27682,16049,0,717,399086183,399086.3741,0
27659,16050,0,715,399086191,399086.3821,0
27638,16051,0,715,399086198,399086.3901,0
27621,16052,0,713,399086206,399086.3981,0
27607,16053,0,712,399086213,399086.406,0
27596,16053,0,712,399086221,399086.41,0
27589,16053,0,712,399086228,399086.419,0
27585,16053,0,712,399086236,399086.426,0
27583,16053,0,712,399086243,399086.435,0
27583,16053,0,712,399086251,399086.4429,0
27583,16053,0,708,399086258,399086.4509,0
27583,16053,0,704,399086266,399086.4589,0
27583,16053,0,701,399086273,399086.4669,0
27583,16053,0,700,399086281,399086.4709,0
27583,16053,0,698,399086288,399086.4783,0
27583,16053,0,696,399086296,399086.4868,0
27583,16053,0,695,399086303,399086.4948,0
27583,16053,0,693,399086311,399086.5029,0
27585,16053,0,693,399086318,399086.5108,0
27595,16053,0,693,399086326,399086.5189,0
27609,16053,0,693,399086333,399086.5269,0
27627,16053,0,694,399086341,399086.5309,0
27652,16053,0,694,399086348,399086.5388,0
27682,16053,0,694,399086356,399086.5468,0
27716,16053,0,693,399086364,399086.5547,0
27753,16053,0,692,399086371,399086.5627,0
27793,16053,0,692,399086379,399086.5707,0
27836,16053,0,691,399086386,399086.5783,0
27880,16053,0,691,399086394,399086.5867,0
27925,16053,0,691,399086401,399086.5947,0
27974,16053,0,690,399086409,399086.5987,0
28025,16052,0,692,399086416,399086.6066,0
28077,16051,0,690,399086424,399086.6147,0
28131,16050,0,688,399086431,399086.6226,0
28186,16049,0,689,399086439,399086.6306,0
28243,16046,0,690,399086446,399086.6386,0
28301,16045,0,689,399086454,399086.6466,0
28356,16044,0,689,399086461,399086.6545,0
28413,16042,0,687,399086469,399086.6585,0
28470,16041,0,687,399086476,399086.6665,0
28525,16039,0,688,399086484,399086.6745,0
28580,16038,0,687,399086491,399086.6825,0
28637,16035,0,688,399086499,399086.6905,0
28694,16033,0,688,399086506,399086.6984,0
28752,16031,0,687,399086514,399086.7064,0
28812,16029,0,687,399086521,399086.7144,0
28875,16027,0,683,399086529,399086.7223,0
28940,16025,0,684,399086536,399086.7264,0
29012,16024,0,683,399086544,399086.7343,0
29088,16022,0,679,399086551,399086.7423,0
29171,16020,0,679,399086559,399086.7503,0
29258,16017,0,675,399086567,399086.7583,0
29349,16016,0,677,399086574,399086.7662,0
29446,16013,0,677,399086582,399086.7742,0
29546,16011,0,673,399086589,399086.7822,0
29647,16010,0,678,399086597,399086.7862,0
29747,16007,0,674,399086604,399086.7942,0
29843,16005,0,674,399086612,399086.8021,0
29937,16003,0,678,399086619,399086.8101,0
30024,16001,0,678,399086627,399086.8181,0
30108,16000,0,678,399086634,399086.8261,0
30189,15997,0,674,399086642,399086.834,0
30269,15996,0,675,399086649,399086.842,0
30347,15994,0,675,399086657,399086.846,0
30427,15992,0,675,399086664,399086.854,0
30507,15991,0,675,399086672,399086.8629,0
30588,15988,0,676,399086679,399086.8709,0
30668,15986,0,677,399086687,399086.8784,0
30746,15985,0,677,399086694,399086.8869,0
30825,15982,0,676,399086702,399086.894,0
30901,15981,0,677,399086709,399086.9029,0
30975,15978,0,678,399086717,399086.9108,0
31047,15977,0,678,399086724,399086.9148,0
31116,15975,0,678,399086732,399086.9228,0
31185,15974,0,679,399086739,399086.9308,0
31249,15972,0,679,399086747,399086.9388,0
31309,15970,0,679,399086754,399086.9467,0
31367,15968,0,680,399086762,399086.9547,0
31424,15966,0,677,399086770,399086.9627,0
31479,15964,0,678,399086777,399086.9707,0
31533,15963,0,677,399086785,399086.9747,0
31587,15961,0,676,399086792,399086.9827,0
31642,15960,0,677,399086800,399086.9906,0
31695,15958,0,677,399086807,399086.9986,0
31746,15957,0,676,399086815,399087.0066,0
31796,15957,0,677,399086822,399087.0146,0
31842,15956,0,676,399086830,399087.0226,0
31887,15956,0,676,399086837,399087.0305,0
31926,15956,0,677,399086845,399087.0385,0
31966,15955,0,676,399086852,399087.0425,0
32003,15954,0,677,399086860,399087.0505,0
32038,15954,0,678,399086867,399087.0585,0
32073,15953,0,676,399086875,399087.0664,0
32106,15953,0,678,399086882,399087.0743,0
32140,15952,0,678,399086890,399087.0824,0
32171,15952,0,679,399086897,399087.0904,0
32203,15952,0,679,399086905,399087.0984,0
32233,15952,0,678,399086912,399087.1023,0
32259,15952,0,680,399086920,399087.1103,0
32282,15951,0,680,399086927,399087.1182,0
32301,15951,0,680,399086935,399087.1262,0
32315,15948,0,681,399086942,399087.1342,0
32328,15947,0,681,399086950,399087.1423,0
32333,15947,0,682,399086957,399087.1502,0
32336,15947,0,683,399086965,399087.1582,0
32339,15946,0,684,399086972,399087.1622,0
32340,15946,0,687,399086980,399087.1701,0
32340,15946,0,690,399086988,399087.1781,0
32340,15946,0,694,399086995,399087.1861,0
32340,15946,0,698,399087003,399087.1941,0
32340,15945,0,699,399087010,399087.2021,0
32333,15944,0,702,399087018,399087.21,0
32319,15944,0,701,399087025,399087.218,0
32302,15944,0,704,399087033,399087.226,0
32278,15944,0,705,399087040,399087.23,0
32254,15944,0,704,399087048,399087.239,0
32222,15944,0,702,399087055,399087.247,0
32190,15944,0,703,399087063,399087.2549,0
32154,15944,0,702,399087070,399087.2629,0
32113,15944,0,702,399087078,399087.2709,0
32073,15944,0,702,399087085,399087.2783,0
32027,15944,0,702,399087093,399087.2869,0
31980,15944,0,702,399087100,399087.2908,0
31929,15945,0,702,399087108,399087.2988,0
31874,15947,0,702,399087115,399087.3068,0
31819,15948,0,700,399087123,399087.3148,0
31759,15949,0,701,399087130,399087.3227,0
31697,15951,0,701,399087138,399087.3307,0
31632,15953,0,701,399087145,399087.3386,0
31565,15954,0,700,399087153,399087.3467,0
31496,15955,0,700,399087160,399087.3547,0
31425,15957,0,700,399087168,399087.3587,0
31352,15958,0,700,399087175,399087.3666,0
31278,15960,0,701,399087183,399087.3746,0
31206,15960,0,699,399087191,399087.3826,0
31132,15961,0,697,399087198,399087.3906,0
31058,15962,0,695,399087206,399087.3986,0
30985,15963,0,695,399087213,399087.4065,0
30912,15964,0,694,399087221,399087.4144,0
30838,15966,0,692,399087228,399087.4185,0
30765,15967,0,692,399087236,399087.4265,0
30689,15970,0,690,399087243,399087.4345,0
30612,15972,0,691,399087251,399087.4424,0
30533,15974,0,691,399087258,399087.4504,0
30452,15976,0,691,399087266,399087.4584,0
30370,15978,0,689,399087273,399087.4663,0
30285,15982,0,689,399087281,399087.4744,0
30195,15984,0,684,399087288,399087.4784,0
30101,15987,0,685,399087296,399087.4863,0
30002,15990,0,684,399087303,399087.4943,0
29902,15993,0,684,399087311,399087.5023,0
29800,15995,0,681,399087318,399087.5103,0
29698,15999,0,681,399087326,399087.5182,0
29597,16001,0,678,399087333,399087.5262,0
29497,16003,0,679,399087341,399087.5342,0
29397,16006,0,675,399087348,399087.5421,0
29301,16009,0,673,399087356,399087.5461,0
29204,16012,0,675,399087363,399087.5541,0
29108,16014,0,675,399087371,399087.562,0
29012,16016,0,677,399087378,399087.5701,0
28918,16019,0,675,399087386,399087.578,0
28824,16020,0,677,399087393,399087.586,0
28731,16022,0,678,399087401,399087.594,0
28642,16024,0,677,399087409,399087.6029,0
28556,16026,0,675,399087416,399087.607,0
28473,16027,0,676,399087424,399087.6149,0
28394,16030,0,677,399087431,399087.6229,0
28318,16032,0,676,399087439,399087.6309,0
28242,16034,0,676,399087446,399087.6389,0
28163,16035,0,673,399087454,399087.6469,0
28082,16036,0,676,399087461,399087.6548,0
27999,16039,0,675,399087469,399087.6629,0
27913,16041,0,677,399087476,399087.6708,0
27825,16043,0,675,399087484,399087.6748,0
27737,16046,0,676,399087491,399087.6828,0
27646,16050,0,678,399087499,399087.6908,0
27554,16053,0,677,399087506,399087.6988,0
27463,16055,0,679,399087514,399087.7067,0
27371,16059,0,680,399087521,399087.7147,0
27278,16061,0,677,399087529,399087.7227,0
27189,16063,0,678,399087536,399087.7307,0
27105,16065,0,671,399087544,399087.7346,0
27023,16068,0,673,399087551,399087.7426,0
26948,16070,0,673,399087559,399087.7506,0
26877,16072,0,675,399087566,399087.7586,0
26812,16074,0,674,399087574,399087.7665,0
26754,16075,0,674,399087581,399087.7745,0
26702,16078,0,674,399087589,399087.7824,0
26659,16078,0,675,399087596,399087.7904,0
26626,16079,0,675,399087604,399087.7985,0
26602,16079,0,676,399087612,399087.8025,0
26589,16079,0,676,399087619,399087.8105,0
26581,16079,0,679,399087627,399087.8184,0
26578,16079,0,682,399087634,399087.8264,0
26578,16079,0,683,399087642,399087.8344,0
26578,16079,0,681,399087649,399087.8424,0
26578,16079,0,682,399087657,399087.8503,0
26582,16079,0,682,399087664,399087.8583,0
26600,16079,0,680,399087672,399087.8623,0
26629,16079,0,682,399087679,399087.8703,0
26672,16079,0,682,399087687,399087.8783,0
26727,16079,0,683,399087694,399087.8862,0
26792,16079,0,683,399087702,399087.8942,0
26865,16080,0,685,399087709,399087.9022,0
26941,16080,0,684,399087717,399087.9102,0
27019,16080,0,686,399087724,399087.9181,0
27096,16080,0,685,399087732,399087.9221,0
27175,16080,0,686,399087739,399087.9301,0
27254,16080,0,687,399087747,399087.938,0
27334,16080,0,687,399087754,399087.946,0
27411,16080,0,688,399087762,399087.9541,0
27489,16080,0,688,399087769,399087.962,0
27567,16080,0,687,399087777,399087.97,0
27643,16080,0,686,399087784,399087.978,0
27718,16080,0,684,399087792,399087.987,0
27795,16080,0,684,399087799,399087.991,0
27872,16080,0,686,399087807,399087.999,0
27950,16080,0,686,399087815,399088.0069,0
28029,16080,0,686,399087822,399088.0149,0
28109,16080,0,686,399087830,399088.0229,0
28191,16079,0,688,399087837,399088.0309,0
28276,16077,0,688,399087845,399088.0389,0
28364,16074,0,691,399087852,399088.0468,0
28452,16071,0,691,399087860,399088.0508,0
28545,16068,0,690,399087867,399088.0588,0
28638,16065,0,692,399087875,399088.0668,0
28733,16062,0,693,399087882,399088.0747,0
28829,16059,0,693,399087890,399088.0827,0
28928,16055,0,691,399087897,399088.0907,0
29025,16053,0,688,399087905,399088.0986,0
29124,16051,0,689,399087912,399088.1066,0
29222,16049,0,688,399087920,399088.1146,0
29322,16046,0,689,399087927,399088.1186,0
29424,16045,0,690,399087935,399088.1266,0
29529,16043,0,689,399087942,399088.1346,0
29639,16041,0,690,399087950,399088.1425,0
29754,16039,0,691,399087957,399088.1505,0
29876,16035,0,691,399087965,399088.1585,0
30004,16033,0,692,399087972,399088.1665,0
30139,16030,0,694,399087980,399088.1745,0
30280,16025,0,689,399087987,399088.1783,0
30423,16023,0,688,399087995,399088.1865,0
30570,16020,0,686,399088002,399088.1944,0
30720,16016,0,686,399088010,399088.2024,0
30870,16013,0,688,399088017,399088.2104,0
31020,16009,0,689,399088025,399088.2184,0
31166,16005,0,690,399088033,399088.2263,0
31309,16001,0,693,399088040,399088.2343,0
31449,15995,0,694,399088048,399088.2423,0
31584,15991,0,692,399088055,399088.2463,0
31713,15985,0,691,399088063,399088.2543,0
31837,15981,0,688,399088070,399088.2623,0
31956,15976,0,691,399088078,399088.2701,0
32068,15973,0,691,399088085,399088.2782,0
32174,15968,0,691,399088093,399088.2862,0
32277,15966,0,693,399088100,399088.2941,0
32376,15963,0,691,399088108,399088.3021,0
32469,15960,0,692,399088115,399088.3061,0
32561,15957,0,692,399088123,399088.3141,0
32647,15954,0,691,399088130,399088.322,0
32726,15953,0,691,399088138,399088.33,0
32798,15952,0,688,399088145,399088.3391,0
32861,15951,0,686,399088153,399088.347,0
32919,15949,0,688,399088160,399088.355,0
32967,15948,0,687,399088168,399088.362,0
33008,15948,0,686,399088175,399088.367,0
33042,15947,0,688,399088183,399088.375,0
33068,15946,0,688,399088190,399088.3829,0
33089,15946,0,690,399088198,399088.3909,0
33101,15946,0,690,399088205,399088.3989,0
33110,15945,0,690,399088213,399088.4069,0
33116,15945,0,690,399088220,399088.4148,0
33117,15945,0,690,399088228,399088.4228,0
33117,15945,0,691,399088236,399088.4308,0
33117,15945,0,691,399088243,399088.4348,0
33116,15945,0,692,399088251,399088.4427,0
33100,15945,0,692,399088258,399088.4507,0
33075,15945,0,695,399088266,399088.4587,0
33042,15945,0,696,399088273,399088.4667,0
33000,15945,0,696,399088281,399088.4747,0
32951,15945,0,694,399088288,399088.4827,0
32897,15945,0,691,399088296,399088.4906,0
32840,15945,0,695,399088303,399088.4946,0
32782,15945,0,695,399088311,399088.5026,0
32722,15945,0,698,399088318,399088.5106,0
32658,15945,0,697,399088326,399088.5186,0
32594,15945,0,699,399088333,399088.5265,0
32528,15945,0,700,399088341,399088.5345,0
32462,15945,0,699,399088348,399088.5424,0
32395,15946,0,700,399088356,399088.5505,0
32329,15948,0,700,399088363,399088.5584,0
32265,15951,0,700,399088371,399088.5624,0
32198,15953,0,702,399088378,399088.5704,0
32128,15955,0,704,399088386,399088.5783,0
32057,15957,0,703,399088393,399088.5864,0
31982,15960,0,704,399088401,399088.5943,0
31903,15961,0,703,399088408,399088.6023,0
31819,15962,0,707,399088416,399088.6103,0
31732,15963,0,702,399088423,399088.6182,0
31642,15964,0,703,399088431,399088.6222,0
31549,15965,0,706,399088439,399088.6303,0
31453,15966,0,708,399088446,399088.6382,0
31352,15966,0,710,399088454,399088.6462,0
31249,15967,0,710,399088461,399088.6542,0
31145,15967,0,709,399088469,399088.6621,0
31040,15968,0,707,399088476,399088.6701,0
30933,15970,0,702,399088484,399088.6781,0
30826,15970,0,703,399088491,399088.6821,0
30720,15972,0,704,399088499,399088.6901,0
30613,15974,0,703,399088506,399088.6981,0
30507,15976,0,705,399088514,399088.706,0
30402,15978,0,706,399088521,399088.714,0
30300,15981,0,705,399088529,399088.723,0
30197,15983,0,705,399088536,399088.73,0
30089,15985,0,707,399088544,399088.739,0
29981,15987,0,707,399088551,399088.7469,0
29870,15991,0,707,399088559,399088.751,0
29758,15993,0,702,399088566,399088.7589,0
29644,15995,0,702,399088574,399088.7669,0
29527,15997,0,700,399088581,399088.7748,0
29414,16001,0,700,399088589,399088.7829,0
29299,16004,0,700,399088596,399088.7908,0
29185,16007,0,701,399088604,399088.7988,0
29073,16011,0,700,399088611,399088.8068,0
28962,16014,0,701,399088619,399088.8107,0
28850,16017,0,702,399088626,399088.8187,0
28741,16021,0,703,399088634,399088.8267,0
28633,16024,0,705,399088641,399088.8347,0
28529,16026,0,701,399088649,399088.8426,0
28425,16030,0,699,399088657,399088.8507,0
28325,16033,0,699,399088664,399088.8587,0
28229,16035,0,698,399088672,399088.8666,0
28137,16039,0,697,399088679,399088.8745,0
28047,16041,0,697,399088687,399088.8783,0
27962,16043,0,697,399088694,399088.8865,0
27882,16044,0,699,399088702,399088.8945,0
27808,16046,0,699,399088709,399088.9025,0
27742,16048,0,701,399088717,399088.9105,0
27685,16050,0,701,399088724,399088.9186,0
27638,16050,0,702,399088732,399088.9266,0
27600,16051,0,704,399088739,399088.9346,0
27572,16052,0,704,399088747,399088.9386,0
27551,16052,0,705,399088754,399088.9466,0
27537,16052,0,704,399088762,399088.9546,0
27530,16052,0,704,399088769,399088.9625,0
27525,16052,0,703,399088777,399088.9705,0
27522,16052,0,701,399088784,399088.9783,0
27522,16052,0,699,399088792,399088.9865,0
27520,16052,0,700,399088799,399088.9944,0
27520,16052,0,702,399088807,399088.9984,0
27519,16052,0,703,399088814,399089.0063,0
27517,16052,0,705,399088822,399089.0144,0
27515,16052,0,708,399088829,399089.0223,0
27514,16052,0,709,399088837,399089.0304,0
27514,16052,0,711,399088844,399089.0383,0
27514,16052,0,710,399088852,399089.0463,0
27514,16052,0,711,399088860,399089.0543,0
27512,16052,0,710,399088867,399089.0622,0
27512,16052,0,710,399088875,399089.0662,0
27512,16052,0,710,399088882,399089.0742,0
27511,16052,0,710,399088890,399089.0822,0
27511,16052,0,710,399088897,399089.0901,0
27511,16052,0,710,399088905,399089.0981,0
27511,16053,0,710,399088912,399089.1061,0
27511,16053,0,710,399088920,399089.1151,0
27511,16053,0,709,399088927,399089.122,0
27511,16053,0,708,399088935,399089.126,0
27511,16053,0,707,399088942,399089.134,0
27511,16053,0,707,399088950,399089.142,0
27520,16053,0,705,399088957,399089.151,0
27532,16053,0,705,399088965,399089.158,0
27548,16053,0,703,399088972,399089.166,0
27567,16053,0,703,399088980,399089.1749,0
27590,16053,0,702,399088987,399089.1829,0
27616,16053,0,701,399088995,399089.1909,0
27646,16053,0,701,399089002,399089.194,0
27680,16053,0,700,399089010,399089.2029,0
27721,16053,0,700,399089017,399089.2108,0
27766,16052,0,700,399089025,399089.2188,0
27818,16051,0,700,399089032,399089.2268,0
27875,16050,0,700,399089040,399089.2348,0
27936,16049,0,699,399089047,399089.2427,0
28002,16048,0,700,399089055,399089.2507,0
28069,16045,0,698,399089062,399089.2547,0
28141,16044,0,698,399089070,399089.2627,0
28215,16042,0,700,399089078,399089.2707,0
28293,16041,0,701,399089085,399089.2783,0
28376,16040,0,701,399089093,399089.2866,0
28463,16038,0,701,399089100,399089.2946,0
28557,16036,0,702,399089108,399089.3026,0
28656,16035,0,703,399089115,399089.3106,0
28758,16032,0,704,399089123,399089.3185,0
28866,16030,0,704,399089130,399089.3225,0
28978,16026,0,702,399089138,399089.3305,0
29093,16023,0,700,399089145,399089.3385,0
29209,16021,0,703,399089153,399089.3465,0
29326,16017,0,702,399089160,399089.3544,0
29443,16015,0,703,399089168,399089.3624,0
29559,16012,0,704,399089175,399089.3704,0
29674,16010,0,708,399089183,399089.3784,0
29788,16006,0,709,399089190,399089.3824,0
29900,16003,0,711,399089198,399089.3904,0
30011,16000,0,712,399089205,399089.3983,0
30118,15996,0,713,399089213,399089.4063,0
30223,15993,0,706,399089220,399089.4143,0
30321,15990,0,705,399089228,399089.4223,0
30415,15987,0,704,399089235,399089.4303,0
30505,15985,0,703,399089243,399089.4382,0
30588,15983,0,702,399089250,399089.4422,0
30665,15982,0,703,399089258,399089.4502,0
30736,15981,0,705,399089265,399089.4582,0
30800,15980,0,703,399089273,399089.4662,0
30859,15978,0,707,399089281,399089.4741,0
30914,15977,0,705,399089288,399089.4821,0
30967,15976,0,707,399089296,399089.4901,0
31016,15976,0,707,399089303,399089.498,0
31064,15975,0,707,399089311,399089.506,0
31112,15975,0,708,399089318,399089.51,0
31157,15974,0,707,399089326,399089.519,0
31203,15974,0,707,399089333,399089.527,0
31245,15974,0,708,399089341,399089.535,0
31284,15973,0,708,399089348,399089.5429,0
31321,15973,0,707,399089356,399089.5509,0
31353,15972,0,705,399089363,399089.5589,0
31383,15972,0,703,399089371,399089.5669,0
31409,15971,0,705,399089378,399089.5709,0
31428,15970,0,704,399089386,399089.5784,0
31446,15970,0,704,399089393,399089.5868,0
31459,15968,0,705,399089401,399089.5948,0
31470,15967,0,704,399089408,399089.6028,0
31478,15966,0,705,399089416,399089.6107,0
31483,15966,0,705,399089423,399089.6187,0
31486,15966,0,705,399089431,399089.6267,0
31489,15966,0,706,399089438,399089.6347,0
31490,15966,0,706,399089446,399089.6387,0
31490,15966,0,707,399089453,399089.6467,0
31490,15966,0,708,399089461,399089.6546,0
31490,15965,0,707,399089468,399089.6626,0
31490,15965,0,708,399089476,399089.6706,0
31490,15965,0,708,399089484,399089.6783,0
31490,15964,0,708,399089491,399089.6866,0
31490,15964,0,710,399089499,399089.6945,0
31490,15964,0,710,399089506,399089.6985,0
31490,15964,0,710,399089514,399089.7065,0
31490,15964,0,712,399089521,399089.7145,0
31490,15964,0,711,399089529,399089.7225,0
31490,15964,0,713,399089536,399089.7305,0
31490,15964,0,713,399089544,399089.7384,0
31490,15964,0,713,399089551,399089.7464,0
31490,15964,0,716,399089559,399089.7544,0
31490,15964,0,716,399089566,399089.7584,0
31490,15964,0,717,399089574,399089.7663,0
31490,15964,0,718,399089581,399089.7743,0
31490,15964,0,719,399089589,399089.7825,0
31490,15964,0,721,399089596,399089.7904,0
31489,15964,0,722,399089604,399089.7984,0
31484,15964,0,721,399089611,399089.8064,0
31474,15964,0,722,399089619,399089.8144,0
31460,15964,0,722,399089626,399089.8223,0
31442,15964,0,721,399089634,399089.8262,0
31421,15964,0,721,399089641,399089.8342,0
31395,15964,0,720,399089649,399089.8422,0
31364,15964,0,719,399089656,399089.8503,0
31329,15964,0,718,399089664,399089.8582,0
31286,15964,0,717,399089671,399089.8662,0
31240,15964,0,717,399089679,399089.8741,0
31187,15964,0,713,399089686,399089.8821,0
31129,15964,0,712,399089694,399089.8861,0
31068,15964,0,708,399089702,399089.8941,0
31003,15965,0,705,399089709,399089.9021,0
30936,15966,0,702,399089717,399089.9101,0
30866,15968,0,702,399089724,399089.9181,0
30790,15971,0,700,399089732,399089.926,0
30715,15972,0,689,399089739,399089.934,0
30640,15974,0,677,399089747,399089.9429,0
30562,15976,0,671,399089754,399089.951,0
30484,15980,0,668,399089762,399089.954,0
30404,15982,0,638,399089769,399089.963,0
30324,15986,0,615,399089777,399089.97,0
30243,15988,0,572,399089784,399089.9783,0
30162,15992,0,563,399089792,399089.9869,0
30078,15994,0,543,399089799,399089.9949,0
29998,15996,0,494,399089807,399090.0029,0
29921,15999,0,484,399089814,399090.0108,0
29846,16000,0,483,399089822,399090.0148,0
29774,16002,0,484,399089829,399090.0228,0
29708,16003,0,478,399089837,399090.0308,0
29646,16004,0,470,399089844,399090.0388,0
29586,16005,0,475,399089852,399090.0467,0
29529,16006,0,479,399089859,399090.0547,0
29472,16007,0,480,399089867,399090.0627,0
29417,16009,0,478,399089874,399090.0706,0
29363,16010,0,478,399089882,399090.0746,0
29310,16011,0,475,399089889,399090.0827,0
29258,16013,0,481,399089897,399090.0906,0
29206,16014,0,486,399089905,399090.0986,0
29155,16014,0,489,399089912,399090.1066,0
29102,16016,0,496,399089920,399090.1146,0
29047,16017,0,503,399089927,399090.1225,0
28992,16019,0,500,399089935,399090.1305,0
28936,16021,0,503,399089942,399090.1385,0
28879,16022,0,501,399089950,399090.1425,0
28821,16024,0,503,399089957,399090.1505,0
28762,16026,0,510,399089965,399090.1584,0
28701,16029,0,512,399089972,399090.1664,0
28640,16030,0,512,399089980,399090.1744,0
28576,16032,0,510,399089987,399090.1824,0
28510,16034,0,507,399089995,399090.1904,0
28444,16036,0,512,399090002,399090.1984,0
28377,16039,0,516,399090010,399090.2023,0
28312,16041,0,515,399090017,399090.2103,0
28245,16043,0,517,399090025,399090.2183,0
28180,16043,0,521,399090032,399090.2262,0
28115,16045,0,524,399090040,399090.2344,0
28052,16046,0,529,399090047,399090.2423,0
27992,16048,0,529,399090055,399090.2503,0
27931,16050,0,535,399090062,399090.2583,0
27875,16050,0,538,399090070,399090.2663,0
27818,16051,0,539,399090077,399090.2703,0
27761,16052,0,540,399090085,399090.2783,0
27706,16052,0,545,399090092,399090.2862,0
27648,16054,0,547,399090100,399090.2942,0
27589,16054,0,547,399090107,399090.3022,0
27525,16055,0,552,399090115,399090.3101,0
27461,16056,0,560,399090123,399090.3181,0
27397,16058,0,563,399090130,399090.3261,0
27331,16059,0,562,399090138,399090.3301,0
27266,16061,0,563,399090145,399090.3381,0
27202,16063,0,569,399090153,399090.3461,0
27142,16064,0,569,399090160,399090.354,0
27081,16066,0,567,399090168,399090.363,0
27025,16069,0,567,399090175,399090.37,0
26970,16070,0,568,399090183,399090.378,0
26920,16072,0,571,399090190,399090.386,0
26872,16074,0,572,399090198,399090.394,0
26829,16075,0,573,399090205,399090.398,0
26789,16078,0,572,399090213,399090.4069,0
26752,16081,0,575,399090220,399090.4149,0
26717,16082,0,580,399090228,399090.4229,0
26683,16084,0,587,399090235,399090.4308,0
26648,16087,0,593,399090243,399090.4388,0
26610,16088,0,593,399090250,399090.4468,0
26569,16089,0,593,399090258,399090.4548,0
26529,16089,0,596,399090265,399090.4588,0
26494,16089,0,594,399090273,399090.4667,0
26462,16089,0,600,399090280,399090.4747,0
26436,16089,0,606,399090288,399090.4827,0
26417,16090,0,609,399090295,399090.4907,0
26405,16090,0,611,399090303,399090.4987,0
26394,16090,0,614,399090310,399090.5066,0
26385,16090,0,616,399090318,399090.5146,0
26379,16090,0,618,399090326,399090.5186,0
26374,16090,0,619,399090333,399090.5266,0
26369,16090,0,620,399090341,399090.5346,0
26368,16090,0,620,399090348,399090.5425,0
26368,16090,0,620,399090356,399090.5505,0
26368,16090,0,623,399090363,399090.5585,0
26368,16090,0,620,399090371,399090.5665,0
26368,16090,0,615,399090378,399090.5745,0
26369,16090,0,619,399090386,399090.5824,0
26385,16090,0,619,399090393,399090.5864,0
26412,16090,0,622,399090401,399090.5944,0
26447,16090,0,623,399090408,399090.6024,0
26491,16090,0,627,399090416,399090.6103,0
26543,16090,0,628,399090423,399090.6183,0
26598,16090,0,628,399090431,399090.6263,0
26656,16090,0,629,399090438,399090.6343,0
26712,16090,0,630,399090446,399090.6423,0
26767,16090,0,631,399090453,399090.6463,0
26821,16088,0,634,399090461,399090.6542,0
26873,16087,0,634,399090468,399090.6622,0
26921,16084,0,635,399090476,399090.6702,0
26968,16082,0,637,399090483,399090.6782,0
27015,16081,0,636,399090491,399090.6861,0
27060,16080,0,636,399090498,399090.6941,0
27110,16079,0,635,399090506,399090.7021,0
27165,16077,0,635,399090513,399090.7101,0
27228,16075,0,636,399090521,399090.7141,0
27299,16073,0,638,399090529,399090.7221,0
27379,16070,0,640,399090536,399090.73,0
27467,16066,0,639,399090544,399090.738,0
27562,16063,0,642,399090551,399090.746,0
27660,16061,0,639,399090559,399090.754,0
27766,16056,0,638,399090566,399090.763,0
27875,16054,0,636,399090574,399090.7709,0
27982,16051,0,637,399090581,399090.7749,0
28091,16049,0,636,399090589,399090.7829,0
28201,16045,0,636,399090596,399090.7909,0
28309,16043,0,639,399090604,399090.7988,0
28418,16040,0,639,399090611,399090.8068,0
28526,16036,0,641,399090619,399090.8148,0
28635,16033,0,641,399090626,399090.8228,0
28746,16031,0,642,399090634,399090.8308,0
28858,16029,0,644,399090641,399090.8347,0
28973,16025,0,642,399090649,399090.8427,0
29088,16022,0,642,399090656,399090.8507,0
29204,16020,0,643,399090664,399090.8587,0
29318,16017,0,643,399090671,399090.8666,0
29432,16015,0,643,399090679,399090.8746,0
29543,16012,0,644,399090686,399090.8826,0
29648,16010,0,645,399090694,399090.8906,0
29752,16009,0,647,399090701,399090.8986,0
29852,16005,0,648,399090709,399090.9025,0
29952,16003,0,649,399090716,399090.9106,0
30051,16000,0,651,399090724,399090.9185,0
30152,15997,0,653,399090731,399090.9265,0
30257,15994,0,649,399090739,399090.9345,0
30367,15991,0,649,399090747,399090.9425,0
30480,15986,0,650,399090754,399090.9504,0
30598,15984,0,649,399090762,399090.9584,0
30720,15981,0,649,399090769,399090.9624,0
30847,15977,0,648,399090777,399090.9704,0
30976,15975,0,648,399090784,399090.9783,0
31107,15972,0,649,399090792,399090.9863,0
31238,15968,0,651,399090799,399090.9943,0
31368,15965,0,652,399090807,399091.0023,0
31497,15961,0,651,399090814,399091.0103,0
31622,15957,0,649,399090822,399091.0183,0
31740,15955,0,649,399090829,399091.0263,0
31851,15953,0,650,399090837,399091.0303,0
31954,15951,0,651,399090844,399091.0382,0
32047,15949,0,652,399090852,399091.0462,0
32131,15948,0,654,399090859,399091.0542,0
32203,15946,0,655,399090867,399091.0621,0
32267,15946,0,655,399090874,399091.0701,0
32323,15944,0,657,399090882,399091.0781,0
32372,15943,0,657,399090889,399091.0861,0
32416,15943,0,658,399090897,399091.0901,0
32457,15942,0,659,399090904,399091.0981,0
32494,15941,0,658,399090912,399091.106,0
32531,15941,0,659,399090919,399091.114,0
32564,15941,0,659,399090927,399091.122,0
32593,15939,0,659,399090934,399091.131,0
32617,15939,0,658,399090942,399091.1389,0
32636,15939,0,657,399090950,399091.1469,0
32648,15938,0,657,399090957,399091.1549,0
32654,15938,0,657,399090965,399091.1589,0
32658,15937,0,658,399090972,399091.1669,0
32659,15936,0,662,399090980,399091.1748,0
32659,15936,0,677,399090987,399091.1828,0
32658,15935,0,688,399090995,399091.1908,0
32643,15935,0,691,399091002,399091.198,0
32618,15935,0,694,399091010,399091.206,0
32584,15935,0,695,399091017,399091.2149,0
32540,15935,0,695,399091025,399091.2189,0
32485,15935,0,691,399091032,399091.226,0
32425,15935,0,693,399091040,399091.235,0
32357,15935,0,692,399091047,399091.2429,0
32288,15935,0,691,399091055,399091.25,0
32216,15935,0,691,399091062,399091.2581,0
32142,15935,0,691,399091070,399091.267,0
32067,15935,0,692,399091077,399091.274,0
31991,15938,0,691,399091085,399091.278,0
31918,15939,0,692,399091092,399091.286,0
31842,15943,0,692,399091100,399091.294,0
31767,15945,0,692,399091107,399091.3029,0
31691,15947,0,691,399091115,399091.3109,0
31614,15951,0,690,399091122,399091.3189,0
31534,15953,0,688,399091130,399091.3269,0
31451,15955,0,687,399091137,399091.3348,0
31362,15956,0,688,399091145,399091.3428,0
31271,15958,0,687,399091152,399091.3468,0
31176,15961,0,687,399091160,399091.3548,0
31076,15962,0,684,399091168,399091.3628,0
30974,15964,0,684,399091175,399091.3707,0
30867,15966,0,683,399091183,399091.3783,0
30761,15968,0,682,399091190,399091.3867,0
30652,15972,0,682,399091198,399091.3947,0
30543,15974,0,684,399091205,399091.4026,0
30433,15977,0,683,399091213,399091.4066,0
30324,15980,0,685,399091220,399091.4146,0
30213,15982,0,684,399091228,399091.4226,0
30098,15984,0,684,399091235,399091.4306,0
29981,15986,0,685,399091243,399091.4386,0
29863,15987,0,685,399091250,399091.4466,0
29743,15991,0,681,399091258,399091.4545,0
29624,15994,0,680,399091265,399091.4625,0
29504,15997,0,680,399091273,399091.4705,0
29389,16001,0,680,399091280,399091.4745,0
29275,16004,0,681,399091288,399091.4824,0
29163,16007,0,680,399091295,399091.4904,0
29055,16011,0,683,399091303,399091.4984,0
28948,16013,0,683,399091310,399091.5064,0
28840,16016,0,685,399091318,399091.5144,0
28734,16019,0,688,399091325,399091.5223,0
28629,16022,0,686,399091333,399091.5303,0
28525,16024,0,684,399091340,399091.5343,0
28420,16027,0,684,399091348,399091.5423,0
28313,16030,0,682,399091355,399091.5503,0
28207,16034,0,683,399091363,399091.5582,0
28100,16038,0,682,399091371,399091.5662,0
27993,16040,0,683,399091378,399091.5742,0
27884,16044,0,682,399091386,399091.5822,0
27777,16046,0,684,399091393,399091.5901,0
27673,16050,0,685,399091401,399091.5942,0
27569,16052,0,688,399091408,399091.6021,0
27472,16053,0,691,399091416,399091.6101,0
27381,16055,0,692,399091423,399091.6181,0
27297,16056,0,690,399091431,399091.626,0
27223,16059,0,691,399091438,399091.6351,0
27158,16060,0,689,399091446,399091.642,0
27107,16061,0,689,399091453,399091.65,0
27064,16062,0,690,399091461,399091.658,0
27030,16062,0,689,399091468,399091.662,0
27001,16063,0,690,399091476,399091.67,0
26982,16063,0,691,399091483,399091.6784,0
26967,16064,0,690,399091491,399091.6869,0
26954,16064,0,691,399091498,399091.6949,0
26947,16064,0,692,399091506,399091.7029,0
26942,16064,0,691,399091513,399091.7109,0
26940,16064,0,694,399091521,399091.7188,0
26937,16065,0,696,399091528,399091.7228,0
26937,16065,0,698,399091536,399091.7308,0
26935,16066,0,701,399091543,399091.7388,0
26935,16066,0,702,399091551,399091.7468,0
26935,16066,0,705,399091558,399091.7547,0
26934,16066,0,707,399091566,399091.7627,0
26934,16066,0,708,399091574,399091.7707,0
26934,16066,0,711,399091581,399091.7784,0
26934,16068,0,712,399091589,399091.7867,0
26934,16068,0,714,399091596,399091.7906,0
26934,16068,0,714,399091604,399091.7986,0
26934,16068,0,713,399091611,399091.8066,0
26934,16068,0,711,399091619,399091.8146,0
26937,16068,0,712,399091626,399091.8226,0
26950,16068,0,713,399091634,399091.8306,0
26968,16068,0,715,399091641,399091.8385,0
26991,16068,0,715,399091649,399091.8465,0
27020,16068,0,715,399091656,399091.8505,0
27052,16068,0,716,399091664,399091.8584,0
27086,16068,0,716,399091671,399091.8664,0
27121,16068,0,717,399091679,399091.8744,0
27156,16068,0,716,399091686,399091.8824,0
27192,16066,0,715,399091694,399091.8904,0
27227,16065,0,716,399091701,399091.8983,0
27260,16064,0,715,399091709,399091.9063,0
27294,16064,0,715,399091716,399091.9103,0
27328,16063,0,715,399091724,399091.9183,0
27361,16063,0,715,399091731,399091.9263,0
27395,16062,0,716,399091739,399091.9342,0
27434,16061,0,716,399091746,399091.9422,0
27478,16061,0,716,399091754,399091.9502,0
27528,16060,0,715,399091761,399091.9582,0
27585,16059,0,715,399091769,399091.9662,0
27647,16058,0,713,399091776,399091.9741,0
27716,16055,0,713,399091784,399091.9781,0
27790,16053,0,712,399091792,399091.9861,0
27865,16052,0,713,399091799,399091.9941,0
27942,16050,0,711,399091807,399092.0021,0
28022,16049,0,713,399091814,399092.01,0
28105,16046,0,714,399091822,399092.018,0
28190,16044,0,715,399091829,399092.027,0
28276,16043,0,715,399091837,399092.035,0
28369,16040,0,716,399091844,399092.039,0
28466,16038,0,716,399091852,399092.0469,0
28567,16035,0,718,399091859,399092.0549,0
28673,16032,0,719,399091867,399092.0629,0
28784,16029,0,720,399091874,399092.0709,0
28901,16024,0,721,399091882,399092.0783,0
29019,16021,0,717,399091889,399092.0868,0
29140,16019,0,716,399091897,399092.0948,0
29260,16014,0,716,399091904,399092.1028,0
29381,16012,0,716,399091912,399092.1068,0
29501,16009,0,716,399091919,399092.1148,0
29618,16005,0,718,399091927,399092.1227,0
29731,16003,0,719,399091934,399092.1307,0
29843,16000,0,720,399091942,399092.1387,0
29952,15996,0,721,399091949,399092.1467,0
30061,15994,0,722,399091957,399092.1546,0
30171,15991,0,722,399091964,399092.1626,0
30279,15988,0,720,399091972,399092.1666,0
30391,15986,0,719,399091979,399092.1746,0
30503,15985,0,719,399091987,399092.1826,0
30618,15983,0,718,399091995,399092.1906,0
30731,15981,0,719,399092002,399092.1985,0
30843,15978,0,719,399092010,399092.2065,0
30954,15976,0,719,399092017,399092.2145,0
31063,15974,0,720,399092025,399092.2225,0
31165,15972,0,720,399092032,399092.2305,0
31260,15970,0,721,399092040,399092.2344,0
31350,15968,0,721,399092047,399092.2424,0
31431,15965,0,719,399092055,399092.2504,0
31504,15964,0,720,399092062,399092.2584,0
31569,15962,0,718,399092070,399092.2663,0
31629,15960,0,718,399092077,399092.2743,0
31682,15958,0,718,399092085,399092.2823,0
31730,15956,0,718,399092092,399092.2903,0
31777,15954,0,719,399092100,399092.2943,0
31823,15953,0,719,399092107,399092.3022,0
31869,15952,0,719,399092115,399092.3102,0
31916,15951,0,720,399092122,399092.3182,0
31968,15949,0,719,399092130,399092.3262,0
32020,15947,0,720,399092137,399092.3342,0
32074,15946,0,720,399092145,399092.3421,0
32128,15945,0,719,399092152,399092.3501,0
32182,15944,0,721,399092160,399092.3541,0
32237,15943,0,721,399092167,399092.3621,0
32291,15942,0,722,399092175,399092.3701,0
32342,15941,0,722,399092182,399092.378,0
32393,15941,0,722,399092190,399092.387,0
32441,15939,0,722,399092198,399092.395,0
32487,15939,0,723,399092205,399092.4029,0
32527,15938,0,723,399092213,399092.4109,0
32564,15938,0,724,399092220,399092.4189,0
32594,15937,0,723,399092228,399092.4229,0
32617,15937,0,723,399092235,399092.4309,0
32634,15937,0,723,399092243,399092.4389,0
32644,15937,0,722,399092250,399092.4469,0
32648,15937,0,723,399092258,399092.4548,0
32650,15937,0,723,399092265,399092.4628,0
32650,15937,0,723,399092273,399092.4708,0
32650,15937,0,724,399092280,399092.4784,0
32650,15937,0,725,399092288,399092.4828,0
32650,15937,0,727,399092295,399092.4907,0
32650,15936,0,728,399092303,399092.4987,0
32648,15936,0,728,399092310,399092.5067,0
32639,15936,0,729,399092318,399092.5147,0
32628,15935,0,730,399092325,399092.5227,0
32612,15935,0,730,399092333,399092.5306,0
32596,15935,0,730,399092340,399092.5386,0
32580,15935,0,730,399092348,399092.5466,0
32564,15935,0,730,399092355,399092.5506,0
32549,15935,0,730,399092363,399092.5586,0
32537,15935,0,730,399092370,399092.5667,0
32527,15935,0,731,399092378,399092.5747,0
32516,15935,0,731,399092385,399092.5826,0
32504,15935,0,732,399092393,399092.5906,0
32490,15935,0,733,399092400,399092.5986,0
32474,15935,0,732,399092408,399092.6066,0
32455,15935,0,733,399092416,399092.6106,0
32431,15935,0,732,399092423,399092.6185,0
32405,15935,0,731,399092431,399092.6265,0
32378,15935,0,731,399092438,399092.6345,0
32349,15935,0,732,399092446,399092.6425,0
32318,15935,0,731,399092453,399092.6505,0
32287,15935,0,731,399092461,399092.6584,0
32256,15935,0,731,399092468,399092.6664,0
32224,15936,0,732,399092476,399092.6704,0
32192,15936,0,732,399092483,399092.6784,0
32160,15938,0,732,399092491,399092.6863,0
32126,15939,0,732,399092498,399092.6943,0
32091,15939,0,732,399092506,399092.7023,0
32055,15941,0,732,399092513,399092.7103,0
32019,15942,0,732,399092521,399092.7182,0
31980,15943,0,731,399092528,399092.7262,0
31943,15943,0,731,399092536,399092.7342,0
31905,15943,0,731,399092543,399092.7382,0
31867,15943,0,730,399092551,399092.7462,0
31829,15944,0,731,399092558,399092.7541,0
31789,15945,0,732,399092566,399092.7621,0
31750,15945,0,731,399092573,399092.7701,0
31707,15946,0,733,399092581,399092.7781,0
31661,15948,0,732,399092588,399092.7861,0
31613,15948,0,732,399092596,399092.795,0
31562,15951,0,732,399092603,399092.798,0
31507,15952,0,732,399092611,399092.806,0
31449,15953,0,733,399092619,399092.814,0
31388,15954,0,733,399092626,399092.822,0
31325,15955,0,732,399092634,399092.8309,0
31260,15957,0,732,399092641,399092.838,0
31192,15958,0,730,399092649,399092.8469,0
31122,15960,0,729,399092656,399092.8549,0
31048,15962,0,727,399092664,399092.8629,0
30971,15964,0,726,399092671,399092.8668,0
30890,15966,0,724,399092679,399092.8749,0
30804,15968,0,723,399092686,399092.8828,0
30714,15971,0,720,399092694,399092.8908,0
30622,15974,0,720,399092701,399092.8988,0
30526,15976,0,719,399092709,399092.9067,0
30429,15978,0,718,399092716,399092.9147,0
30332,15982,0,717,399092724,399092.9227,0
30239,15984,0,715,399092731,399092.9267,0
30142,15986,0,718,399092739,399092.9347,0
30049,15987,0,716,399092746,399092.9427,0
29959,15990,0,719,399092754,399092.9506,0
29869,15992,0,718,399092761,399092.9586,0
29782,15993,0,716,399092769,399092.9666,0
29695,15995,0,715,399092776,399092.9746,0
29613,15997,0,711,399092784,399092.9826,0
29529,16000,0,709,399092791,399092.9866,0
29448,16001,0,705,399092799,399092.9945,0
29365,16003,0,701,399092806,399093.0025,0
29283,16004,0,696,399092814,399093.0105,0
29201,16006,0,695,399092821,399093.0185,0
29119,16009,0,694,399092829,399093.0265,0
29037,16011,0,695,399092837,399093.0344,0
28959,16013,0,691,399092844,399093.0424,0
28882,16015,0,691,399092852,399093.0504,0
28807,16017,0,693,399092859,399093.0543,0
28737,16020,0,693,399092867,399093.0623,0
28670,16022,0,693,399092874,399093.0703,0
28610,16023,0,692,399092882,399093.0784,0
28552,16024,0,693,399092889,399093.0863,0
28495,16026,0,695,399092897,399093.0942,0
28444,16027,0,698,399092904,399093.1023,0
28392,16030,0,701,399092912,399093.1102,0
28340,16031,0,701,399092919,399093.1142,0
28286,16033,0,702,399092927,399093.1222,0
28229,16035,0,703,399092934,399093.1301,0
28170,16038,0,704,399092942,399093.1381,0
28107,16040,0,705,399092949,399093.1461,0
28042,16041,0,708,399092957,399093.1541,0
27977,16043,0,709,399092964,399093.1621,0
27912,16044,0,710,399092972,399093.1701,0
27850,16045,0,713,399092979,399093.178,0
27792,16046,0,714,399092987,399093.182,0
27740,16048,0,718,399092994,399093.19,0
27694,16048,0,720,399093002,399093.199,0
27652,16049,0,720,399093009,399093.207,0
27612,16049,0,723,399093017,399093.2149,0
27573,16050,0,723,399093024,399093.2229,0
27535,16051,0,725,399093032,399093.2309,0
27496,16051,0,725,399093040,399093.2389,0
27457,16052,0,725,399093047,399093.2429,0
27420,16052,0,723,399093055,399093.2508,0
27384,16053,0,721,399093062,399093.2588,0
27351,16053,0,720,399093070,399093.2667,0
27323,16054,0,720,399093077,399093.2747,0
27301,16054,0,721,399093085,399093.2827,0
27283,16055,0,721,399093092,399093.2907,0
27272,16056,0,722,399093100,399093.2986,0
27264,16058,0,721,399093107,399093.3066,0
27261,16059,0,724,399093115,399093.3107,0
27261,16060,0,724,399093122,399093.3186,0
27261,16060,0,718,399093130,399093.3266,0
27272,16061,0,719,399093137,399093.3346,0
27297,16061,0,720,399093145,399093.3426,0
27334,16061,0,721,399093152,399093.3505,0
27387,16061,0,721,399093160,399093.3585,0
27453,16061,0,721,399093167,399093.3667,0
27535,16061,0,723,399093175,399093.3706,0
27625,16061,0,722,399093182,399093.3783,0
27721,16061,0,721,399093190,399093.3866,0
27822,16058,0,722,399093197,399093.3946,0
27923,16054,0,723,399093205,399093.4026,0
28024,16051,0,724,399093212,399093.4105,0
28122,16048,0,724,399093220,399093.4185,0
28222,16045,0,726,399093227,399093.4265,0
28323,16042,0,728,399093235,399093.4305,0
28425,16039,0,728,399093243,399093.4385,0
28530,16036,0,729,399093250,399093.4465,0
28640,16033,0,731,399093258,399093.4544,0
28753,16030,0,732,399093265,399093.4624,0
28870,16025,0,733,399093273,399093.4704,0
28991,16022,0,731,399093280,399093.4784,0
29114,16019,0,730,399093288,399093.4863,0
29237,16015,0,733,399093295,399093.4943,0
29364,16012,0,734,399093303,399093.4983,0
29491,16010,0,736,399093310,399093.5063,0
29618,16007,0,739,399093318,399093.5143,0
29745,16005,0,743,399093325,399093.5223,0
29869,16002,0,747,399093333,399093.5304,0
29992,15999,0,749,399093340,399093.5384,0
30113,15996,0,752,399093348,399093.5463,0
30232,15994,0,750,399093355,399093.5543,0
30351,15991,0,749,399093363,399093.5583,0
30465,15988,0,747,399093370,399093.5662,0
30580,15986,0,747,399093378,399093.5742,0
30694,15984,0,748,399093385,399093.5822,0
30809,15982,0,748,399093393,399093.5902,0
30923,15978,0,749,399093400,399093.5981,0
31039,15976,0,750,399093408,399093.6061,0
31155,15973,0,751,399093415,399093.6141,0
31273,15968,0,751,399093423,399093.6221,0
31392,15965,0,752,399093430,399093.626,0
31512,15962,0,749,399093438,399093.6341,0
31634,15958,0,748,399093445,399093.6421,0
31756,15955,0,746,399093453,399093.6501,0
31879,15952,0,746,399093461,399093.658,0
32000,15949,0,746,399093468,399093.667,0
32121,15947,0,746,399093476,399093.674,0
32237,15944,0,747,399093483,399093.682,0
32350,15942,0,748,399093491,399093.686,0
32457,15939,0,749,399093498,399093.695,0
32557,15937,0,749,399093506,399093.7021,0
32650,15934,0,750,399093513,399093.7101,0
32734,15932,0,747,399093521,399093.7181,0
32809,15931,0,746,399093528,399093.726,0
32875,15928,0,745,399093536,399093.735,0
32930,15928,0,745,399093543,399093.742,0
32976,15927,0,745,399093551,399093.746,0
33016,15927,0,745,399093558,399093.7549,0
33051,15927,0,745,399093566,399093.7629,0
33084,15926,0,745,399093573,399093.7708,0
33117,15926,0,746,399093581,399093.7785,0
33149,15926,0,746,399093588,399093.7869,0
33184,15926,0,747,399093596,399093.7948,0
33217,15925,0,747,399093603,399093.8028,0
33247,15925,0,746,399093611,399093.8108,0
33273,15924,0,747,399093618,399093.8148,0
33293,15924,0,746,399093626,399093.8228,0
33309,15924,0,746,399093633,399093.8308,0
33321,15924,0,746,399093641,399093.8387,0
33327,15924,0,745,399093648,399093.8467,0
33332,15923,0,746,399093656,399093.8547,0
33333,15923,0,745,399093664,399093.8627,0
33334,15922,0,744,399093671,399093.8706,0
33334,15922,0,743,399093679,399093.8746,0
33334,15921,0,740,399093686,399093.8826,0
33334,15919,0,737,399093694,399093.8906,0
33325,15919,0,734,399093701,399093.8986,0
33307,15919,0,735,399093709,399093.9066,0
33279,15919,0,734,399093716,399093.9145,0
33240,15919,0,733,399093724,399093.9225,0
33192,15919,0,733,399093731,399093.9305,0
33137,15919,0,731,399093739,399093.9384,0
33075,15919,0,732,399093746,399093.9424,0
33008,15919,0,732,399093754,399093.9504,0
32934,15919,0,731,399093761,399093.9584,0
32856,15921,0,732,399093769,399093.9664,0
32775,15923,0,733,399093776,399093.9744,0
32686,15924,0,734,399093784,399093.9823,0
32595,15926,0,734,399093791,399093.9903,0
32500,15928,0,735,399093799,399093.9983,0
32404,15931,0,732,399093806,399094.0023,0
32306,15934,0,730,399093814,399094.0102,0
32203,15937,0,730,399093821,399094.0183,0
32100,15939,0,728,399093829,399094.0262,0
31994,15943,0,730,399093836,399094.0342,0
31884,15946,0,730,399093844,399094.0422,0
31771,15948,0,730,399093851,399094.0502,0
31655,15951,0,730,399093859,399094.0582,0
31537,15953,0,731,399093866,399094.0621,0
31414,15955,0,730,399093874,399094.0701,0
31287,15957,0,731,399093882,399094.0781,0
31156,15961,0,731,399093889,399094.087,0
31024,15964,0,727,399093897,399094.0941,0
30889,15966,0,728,399093904,399094.103,0
30752,15968,0,726,399093912,399094.11,0
30619,15972,0,725,399093919,399094.119,0
30487,15974,0,728,399093927,399094.1269,0
30357,15977,0,727,399093934,399094.1309,0
30229,15981,0,727,399093942,399094.1389,0
30103,15984,0,729,399093949,399094.1469,0
29980,15986,0,730,399093957,399094.1549,0
29859,15990,0,732,399093964,399094.1629,0
29743,15993,0,725,399093972,399094.1709,0
29629,15996,0,724,399093979,399094.1784,0
29517,15999,0,722,399093987,399094.1868,0
29407,16002,0,717,399093994,399094.1908,0
29299,16006,0,717,399094002,399094.1988,0
29188,16010,0,715,399094009,399094.2067,0
29078,16013,0,714,399094017,399094.2147,0
28970,16015,0,714,399094024,399094.2227,0
28861,16019,0,714,399094032,399094.2307,0
28755,16021,0,714,399094039,399094.2386,0
28653,16023,0,715,399094047,399094.2466,0
28557,16025,0,713,399094054,399094.2546,0
28466,16029,0,712,399094062,399094.2586,0
28382,16031,0,711,399094069,399094.2667,0
28307,16033,0,711,399094077,399094.2747,0
28239,16035,0,714,399094085,399094.2827,0
28179,16036,0,713,399094092,399094.2907,0
28126,16038,0,716,399094100,399094.2986,0
28082,16039,0,716,399094107,399094.3066,0
28043,16039,0,717,399094115,399094.3146,0
28014,16040,0,718,399094122,399094.3186,0
27989,16040,0,718,399094130,399094.3266,0
27971,16040,0,718,399094137,399094.3346,0
27956,16040,0,717,399094145,399094.3425,0
27945,16040,0,717,399094152,399094.3505,0
27936,16040,0,717,399094160,399094.3585,0
27929,16040,0,718,399094167,399094.3665,0
27924,16040,0,718,399094175,399094.3744,0
27920,16040,0,718,399094182,399094.3823,0
27918,16040,0,717,399094190,399094.3863,0
27917,16040,0,718,399094197,399094.3944,0
27914,16040,0,718,399094205,399094.4023,0
27914,16040,0,718,399094212,399094.4103,0
27913,16040,0,718,399094220,399094.4183,0
27913,16040,0,716,399094227,399094.4263,0
27913,16040,0,717,399094235,399094.4343,0
27913,16040,0,713,399094242,399094.4422,0
27918,16040,0,705,399094250,399094.4463,0
27935,16040,0,700,399094257,399094.4541,0
27960,16041,0,698,399094265,399094.4621,0
27990,16041,0,700,399094272,399094.4701,0
28027,16041,0,698,399094280,399094.4782,0
28068,16041,0,696,399094288,399094.4861,0
28107,16041,0,695,399094295,399094.4941,0
28147,16041,0,696,399094303,399094.502,0
28188,16041,0,694,399094310,399094.5061,0
28229,16041,0,693,399094318,399094.514,0
28270,16041,0,690,399094325,399094.5221,0
28313,16041,0,689,399094333,399094.53,0
28355,16041,0,679,399094340,399094.5389,0
28396,16041,0,667,399094348,399094.547,0
28434,16041,0,665,399094355,399094.555,0
28473,16039,0,664,399094363,399094.5629,0
28511,16038,0,664,399094370,399094.5709,0
28547,16036,0,663,399094378,399094.5749,0
28580,16035,0,658,399094385,399094.5828,0
28613,16034,0,654,399094393,399094.5908,0
28643,16033,0,653,399094400,399094.5988,0
28670,16033,0,645,399094408,399094.6068,0
28693,16033,0,642,399094415,399094.6148,0
28712,16033,0,635,399094423,399094.6228,0
28731,16033,0,629,399094430,399094.6307,0
28746,16033,0,627,399094438,399094.6347,0
28758,16033,0,627,399094445,399094.6427,0
28764,16033,0,629,399094453,399094.6507,0
28769,16033,0,630,399094460,399094.6586,0
28771,16033,0,630,399094468,399094.6666,0
28771,16033,0,632,399094475,399094.6746,0
28771,16033,0,633,399094483,399094.6826,0
28771,16033,0,635,399094490,399094.6906,0
28771,16033,0,637,399094498,399094.6986,0
28771,16033,0,639,399094506,399094.7026,0
28771,16033,0,640,399094513,399094.7105,0
28771,16033,0,642,399094521,399094.7185,0
28773,16033,0,643,399094528,399094.7265,0
28773,16033,0,646,399094536,399094.7345,0
28774,16033,0,648,399094543,399094.7425,0
28775,16033,0,650,399094551,399094.7504,0
28776,16033,0,653,399094558,399094.7584,0
28776,16033,0,656,399094566,399094.7624,0
28778,16032,0,659,399094573,399094.7703,0
28779,16032,0,663,399094581,399094.7784,0
28779,16031,0,666,399094588,399094.7863,0
28780,16031,0,670,399094596,399094.7943,0
28780,16030,0,676,399094603,399094.8023,0
28780,16030,0,682,399094611,399094.8103,0
28782,16030,0,687,399094618,399094.8182,0
28790,16030,0,690,399094626,399094.8222,0
28806,16030,0,691,399094633,399094.8302,0
28834,16029,0,692,399094641,399094.8382,0
28876,16026,0,691,399094648,399094.8462,0
28936,16025,0,689,399094656,399094.8541,0
29014,16023,0,686,399094663,399094.8621,0
29106,16021,0,684,399094671,399094.8701,0
29210,16019,0,688,399094678,399094.8781,0
29322,16015,0,685,399094686,399094.8861,0
29443,16013,0,686,399094693,399094.8901,0
29567,16011,0,686,399094701,399094.898,0
29693,16009,0,690,399094709,399094.906,0
29816,16006,0,693,399094716,399094.915,0
29940,16003,0,694,399094724,399094.9229,0
30062,16000,0,695,399094731,399094.9309,0
30179,15996,0,695,399094739,399094.9389,0
30293,15992,0,694,399094746,399094.9469,0
30400,15988,0,695,399094754,399094.9509,0
30503,15986,0,697,399094761,399094.9589,0
30601,15983,0,699,399094769,399094.9669,0
30694,15981,0,705,399094776,399094.9748,0
30784,15978,0,711,399094784,399094.9828,0
30870,15976,0,717,399094791,399094.9908,0
30954,15975,0,722,399094799,399094.9988,0
31037,15972,0,724,399094806,399095.0068,0
31117,15970,0,725,399094814,399095.0107,0
31197,15967,0,726,399094821,399095.0187,0
31273,15965,0,727,399094829,399095.0267,0
31348,15963,0,727,399094836,399095.0347,0
31421,15961,0,726,399094844,399095.0426,0
31491,15960,0,725,399094851,399095.0506,0
31562,15957,0,724,399094859,399095.0586,0
31628,15956,0,723,399094866,399095.0667,0
31695,15955,0,723,399094874,399095.0747,0
31760,15954,0,723,399094881,399095.0783,0
31824,15953,0,723,399094889,399095.0867,0
31885,15952,0,724,399094896,399095.0946,0
31945,15951,0,724,399094904,399095.1026,0
32003,15949,0,725,399094911,399095.1106,0
32059,15949,0,725,399094919,399095.1187,0
32113,15948,0,727,399094927,399095.1267,0
32168,15947,0,728,399094934,399095.1347,0
32223,15946,0,729,399094942,399095.1427,0
32278,15945,0,728,399094949,399095.1467,0
32336,15945,0,729,399094957,399095.1546,0
32393,15943,0,729,399094964,399095.1626,0
32451,15942,0,729,399094972,399095.1706,0
32508,15941,0,729,399094979,399095.1785,0
32564,15938,0,729,399094987,399095.1865,0
32621,15936,0,728,399094994,399095.1945,0
32675,15935,0,727,399095002,399095.2025,0
32727,15933,0,726,399095009,399095.2065,0
32775,15931,0,726,399095017,399095.2145,0
32818,15928,0,725,399095024,399095.2224,0
32854,15927,0,725,399095032,399095.2304,0
32881,15926,0,726,399095039,399095.2384,0
32899,15926,0,725,399095047,399095.2464,0
32910,15925,0,725,399095054,399095.2544,0
32915,15925,0,725,399095062,399095.2623,0
32915,15925,0,723,399095069,399095.2663,0
32915,15925,0,723,399095077,399095.2743,0
32904,15925,0,724,399095084,399095.2824,0
32880,15925,0,726,399095092,399095.2904,0
32843,15925,0,729,399095099,399095.2984,0
32792,15925,0,730,399095107,399095.3064,0
32729,15925,0,729,399095114,399095.3144,0
32652,15925,0,730,399095122,399095.3223,0
32564,15925,0,731,399095130,399095.3303,0
32469,15927,0,732,399095137,399095.3343,0
32366,15931,0,730,399095145,399095.3423,0
32256,15933,0,730,399095152,399095.3503,0
32140,15936,0,730,399095160,399095.3582,0
32021,15939,0,730,399095167,399095.3662,0
31898,15942,0,732,399095175,399095.3742,0
31772,15946,0,733,399095182,399095.3822,0
31644,15948,0,735,399095190,399095.3901,0
31516,15952,0,737,399095197,399095.3942,0
31385,15955,0,739,399095205,399095.4021,0
31255,15957,0,741,399095212,399095.4101,0
31125,15961,0,743,399095220,399095.4181,0
30994,15964,0,739,399095227,399095.426,0
30862,15966,0,737,399095235,399095.434,0
30731,15968,0,738,399095242,399095.442,0
30603,15972,0,738,399095250,399095.451,0
30475,15974,0,737,399095257,399095.458,0
30346,15976,0,735,399095265,399095.462,0
30214,15980,0,735,399095272,399095.4709,0
30081,15982,0,735,399095280,399095.4784,0
29947,15985,0,732,399095287,399095.4869,0
29810,15988,0,733,399095295,399095.4948,0
29673,15993,0,729,399095302,399095.5029,0
29536,15996,0,724,399095310,399095.5108,0
29406,16001,0,721,399095317,399095.5188,0
29279,16004,0,722,399095325,399095.5228,0
29155,16009,0,721,399095333,399095.5308,0
29033,16012,0,724,399095340,399095.5387,0
28911,16015,0,725,399095348,399095.5467,0
28791,16017,0,727,399095355,399095.5547,0
28669,16022,0,729,399095363,399095.5627,0
28547,16025,0,727,399095370,399095.5707,0
28425,16029,0,725,399095378,399095.5784,0
28302,16031,0,724,399095385,399095.5826,0
28178,16035,0,724,399095393,399095.5906,0
28053,16039,0,724,399095400,399095.5986,0
27930,16043,0,724,399095408,399095.6066,0
27808,16045,0,724,399095415,399095.6145,0
27686,16049,0,726,399095423,399095.6225,0
27567,16052,0,726,399095430,399095.6305,0
27450,16054,0,731,399095438,399095.6385,0
27336,16056,0,732,399095445,399095.6464,0
27227,16059,0,726,399095453,399095.6504,0
27122,16061,0,727,399095460,399095.6584,0
27023,16063,0,723,399095468,399095.6664,0
26930,16065,0,722,399095475,399095.6744,0
26841,16069,0,722,399095483,399095.6823,0
26756,16070,0,724,399095490,399095.6903,0
26671,16072,0,725,399095498,399095.6983,0
26590,16073,0,724,399095505,399095.7063,0
26512,16075,0,726,399095513,399095.7103,0
26438,16077,0,728,399095520,399095.7183,0
26366,16078,0,726,399095528,399095.7262,0
26297,16079,0,726,399095535,399095.7344,0
26229,16081,0,728,399095543,399095.7423,0
26166,16082,0,727,399095551,399095.7503,0
26102,16084,0,729,399095558,399095.7583,0
26043,16085,0,728,399095566,399095.7663,0
25985,16088,0,727,399095573,399095.7743,0
25931,16089,0,727,399095581,399095.7783,0
25880,16091,0,726,399095588,399095.7862,0
25829,16092,0,726,399095596,399095.7942,0
25777,16093,0,725,399095603,399095.8022,0
25725,16094,0,723,399095611,399095.8102,0
25673,16095,0,725,399095618,399095.8181,0
25624,16097,0,723,399095626,399095.8261,0
25578,16099,0,722,399095633,399095.8341,0
25538,16100,0,721,399095641,399095.8381,0
25506,16100,0,723,399095648,399095.8461,0
25481,16101,0,725,399095656,399095.854,0
25464,16101,0,726,399095663,399095.863,0
25452,16102,0,727,399095671,399095.87,0
25447,16102,0,728,399095678,399095.878,0
25444,16102,0,728,399095686,399095.887,0
25444,16102,0,728,399095693,399095.8941,0
25444,16102,0,727,399095701,399095.8981,0
25444,16102,0,723,399095708,399095.9061,0
25445,16102,0,716,399095716,399095.915,0
25455,16102,0,715,399095723,399095.9229,0
25474,16102,0,715,399095731,399095.931,0
25498,16102,0,717,399095738,399095.9389,0
25532,16102,0,716,399095746,399095.9469,0
25574,16102,0,717,399095754,399095.9549,0
25622,16102,0,717,399095761,399095.9628,0
25676,16102,0,719,399095769,399095.9668,0
25736,16102,0,719,399095776,399095.9749,0
25799,16102,0,720,399095784,399095.9829,0
25868,16101,0,719,399095791,399095.9908,0
25942,16100,0,721,399095799,399095.9988,0
26021,16098,0,721,399095806,399096.0067,0
26102,16097,0,721,399095814,399096.0147,0
26187,16094,0,722,399095821,399096.0227,0
26277,16092,0,722,399095829,399096.0267,0
26371,16090,0,720,399095836,399096.0347,0
26472,16088,0,717,399095844,399096.0427,0
26580,16084,0,716,399095851,399096.0507,0
26702,16081,0,717,399095859,399096.0586,0
26837,16078,0,717,399095866,399096.0666,0
26985,16073,0,719,399095874,399096.0746,0
27144,16069,0,717,399095881,399096.0826,0
27317,16064,0,720,399095889,399096.0905,0
27494,16059,0,722,399095896,399096.0945,0
27673,16054,0,723,399095904,399096.1025,0
27850,16050,0,719,399095911,399096.1105,0
28026,16044,0,719,399095919,399096.1185,0
28201,16040,0,718,399095926,399096.1265,0
28374,16035,0,719,399095934,399096.1345,0
28547,16030,0,719,399095941,399096.1424,0
28725,16025,0,721,399095949,399096.1504,0
28903,16020,0,722,399095957,399096.1544,0
29084,16015,0,720,399095964,399096.1624,0
29265,16011,0,716,399095972,399096.1703,0
29446,16006,0,717,399095979,399096.1784,0
29623,16002,0,720,399095987,399096.1863,0
29793,15999,0,721,399095994,399096.1943,0
29956,15994,0,724,399096002,399096.2023,0
30110,15991,0,725,399096009,399096.2102,0
30257,15987,0,727,399096017,399096.2182,0
30399,15984,0,726,399096024,399096.2222,0
30535,15981,0,725,399096032,399096.2302,0
30673,15977,0,725,399096039,399096.2382,0
30811,15975,0,727,399096047,399096.2461,0
30954,15972,0,729,399096054,399096.2541,0
31098,15968,0,728,399096062,399096.2621,0
31241,15965,0,730,399096069,399096.2701,0
31383,15963,0,731,399096077,399096.2781,0
31518,15960,0,728,399096084,399096.283,0
31647,15957,0,726,399096092,399096.2901,0
31764,15954,0,724,399096099,399096.299,0
31869,15952,0,722,399096107,399096.306,0
31963,15949,0,722,399096114,399096.315,0
32044,15946,0,721,399096122,399096.323,0
32115,15945,0,722,399096129,399096.3309,0
32176,15943,0,722,399096137,399096.3389,0
32230,15942,0,723,399096144,399096.3429,0
32281,15939,0,723,399096152,399096.3509,0
32331,15938,0,724,399096159,399096.3589,0
32382,15937,0,725,399096167,399096.3668,0
32434,15936,0,726,399096175,399096.3748,0
32485,15935,0,726,399096182,399096.3828,0
32537,15934,0,727,399096190,399096.3908,0
32585,15933,0,727,399096197,399096.3987,0
32625,15932,0,727,399096205,399096.4067,0
32658,15931,0,725,399096212,399096.4108,0
32682,15929,0,724,399096220,399096.4187,0
32697,15929,0,724,399096227,399096.4267,0
32706,15929,0,724,399096235,399096.4347,0
32708,15929,0,724,399096242,399096.4426,0
32708,15929,0,722,399096250,399096.4506,0
32708,15929,0,719,399096257,399096.4586,0
32702,15929,0,719,399096265,399096.4667,0
32685,15929,0,720,399096272,399096.4707,0
32658,15929,0,718,399096280,399096.4784,0
32620,15929,0,721,399096287,399096.4867,0
32572,15929,0,722,399096295,399096.4946,0
32514,15929,0,723,399096302,399096.5026,0
32447,15929,0,721,399096310,399096.5106,0
32376,15929,0,721,399096317,399096.5186,0
32302,15931,0,721,399096325,399096.5266,0
32228,15932,0,721,399096332,399096.5345,0
32153,15933,0,723,399096340,399096.5385,0
32076,15934,0,723,399096347,399096.5465,0
32001,15935,0,726,399096355,399096.5544,0
31926,15937,0,727,399096362,399096.5624,0
31850,15938,0,727,399096370,399096.5704,0
31771,15941,0,729,399096378,399096.5783,0
31690,15942,0,731,399096385,399096.5864,0
31603,15944,0,731,399096393,399096.5943,0
31512,15946,0,732,399096400,399096.5983,0
31411,15948,0,732,399096408,399096.6063,0
31305,15951,0,733,399096415,399096.6143,0
31193,15953,0,734,399096423,399096.6223,0
31077,15956,0,730,399096430,399096.6303,0
30957,15960,0,729,399096438,399096.6383,0
30836,15962,0,728,399096445,399096.6463,0
30716,15965,0,727,399096453,399096.6542,0
30595,15968,0,726,399096460,399096.6582,0
30473,15972,0,726,399096468,399096.6662,0
30349,15975,0,728,399096475,399096.6742,0
30226,15977,0,729,399096483,399096.6821,0
30101,15981,0,730,399096490,399096.6901,0
29975,15984,0,731,399096498,399096.6981,0
29852,15987,0,732,399096505,399096.7061,0
29731,15992,0,727,399096513,399096.714,0
29613,15994,0,728,399096520,399096.722,0
29498,15997,0,727,399096528,399096.726,0
29390,16001,0,727,399096535,399096.735,0
29284,16003,0,728,399096543,399096.742,0
29180,16006,0,727,399096550,399096.751,0
29082,16009,0,730,399096558,399096.7589,0
28983,16010,0,730,399096565,399096.7669,0
28885,16012,0,730,399096573,399096.7749,0
28786,16014,0,731,399096580,399096.7829,0
28689,16015,0,731,399096588,399096.7869,0
28592,16017,0,730,399096596,399096.7948,0
28497,16020,0,729,399096603,399096.8028,0
28402,16022,0,726,399096611,399096.8108,0
28314,16025,0,726,399096618,399096.8188,0
28227,16027,0,726,399096626,399096.8267,0
28144,16030,0,724,399096633,399096.8347,0
28064,16032,0,728,399096641,399096.8427,0
27988,16033,0,727,399096648,399096.8507,0
27915,16035,0,727,399096656,399096.8547,0
27846,16036,0,729,399096663,399096.8627,0
27780,16040,0,730,399096671,399096.8706,0
27714,16042,0,729,399096678,399096.8785,0
27648,16044,0,731,399096686,399096.8866,0
27579,16046,0,730,399096693,399096.8946,0
27511,16049,0,731,399096701,399096.9026,0
27441,16051,0,730,399096708,399096.9105,0
27372,16052,0,731,399096716,399096.9145,0
27302,16053,0,729,399096723,399096.9225,0
27233,16055,0,728,399096731,399096.9305,0
27166,16056,0,729,399096738,399096.9384,0
27101,16058,0,729,399096746,399096.9464,0
27036,16060,0,728,399096753,399096.9544,0
26974,16062,0,729,399096761,399096.9624,0
26913,16064,0,728,399096768,399096.9704,0
26853,16065,0,729,399096776,399096.9784,0
26794,16066,0,727,399096783,399096.9823,0
26736,16068,0,725,399096791,399096.9903,0
26677,16069,0,725,399096799,399096.9983,0
26617,16070,0,722,399096806,399097.0063,0
26554,16071,0,720,399096814,399097.0142,0
26489,16072,0,719,399096821,399097.0222,0
26424,16073,0,718,399096829,399097.0302,0
26358,16074,0,719,399096836,399097.0382,0
26295,16075,0,719,399096844,399097.0421,0
26235,16078,0,720,399096851,399097.0501,0
26176,16079,0,721,399096859,399097.0581,0
26119,16080,0,721,399096866,399097.0661,0
26064,16082,0,719,399096874,399097.0741,0
26010,16083,0,718,399096881,399097.0821,0
25954,16084,0,717,399096889,399097.091,0
25900,16087,0,716,399096896,399097.098,0
25846,16087,0,715,399096904,399097.103,0
25793,16089,0,714,399096911,399097.1109,0
25739,16090,0,711,399096919,399097.118,0
25687,16091,0,710,399096926,399097.126,0
25638,16093,0,706,399096934,399097.1349,0
25592,16094,0,705,399096941,399097.1429,0
25551,16095,0,704,399096949,399097.1509,0
25517,16097,0,704,399096956,399097.1589,0
25490,16097,0,705,399096964,399097.1668,0
25469,16098,0,704,399096971,399097.1708,0
25454,16098,0,705,399096979,399097.1784,0
25444,16098,0,707,399096986,399097.1868,0
25439,16098,0,707,399096994,399097.1948,0
25436,16098,0,710,399097002,399097.2027,0
25434,16098,0,711,399097009,399097.2108,0
25434,16098,0,713,399097017,399097.2187,0
25434,16098,0,715,399097024,399097.2267,0
25434,16098,0,717,399097032,399097.2307,0
25439,16098,0,717,399097039,399097.2386,0
25460,16098,0,718,399097047,399097.2466,0
25492,16098,0,720,399097054,399097.2546,0
25537,16098,0,721,399097062,399097.2628,0
25593,16098,0,720,399097069,399097.2707,0
25665,16098,0,722,399097077,399097.2784,0
25745,16098,0,722,399097084,399097.2867,0
25831,16098,0,723,399097092,399097.2946,0
25922,16097,0,723,399097099,399097.2986,0
26018,16094,0,724,399097107,399097.3065,0
26114,16091,0,724,399097114,399097.3146,0
26212,16089,0,725,399097122,399097.3226,0
26310,16087,0,726,399097129,399097.3305,0
26408,16084,0,722,399097137,399097.3385,0
26502,16082,0,720,399097144,399097.3465,0
26595,16079,0,720,399097152,399097.3545,0
26691,16078,0,720,399097159,399097.3585,0
26786,16074,0,721,399097167,399097.3665,0
26883,16072,0,723,399097174,399097.3744,0
26983,16070,0,724,399097182,399097.3824,0
27086,16066,0,729,399097189,399097.3904,0
27192,16064,0,736,399097197,399097.3984,0
27299,16061,0,742,399097204,399097.4064,0
27404,16059,0,748,399097212,399097.4143,0
27510,16056,0,754,399097220,399097.4183,0
27616,16054,0,755,399097227,399097.4263,0
27721,16052,0,755,399097235,399097.4344,0
27825,16049,0,757,399097242,399097.4424,0
27931,16045,0,757,399097250,399097.4504,0
28037,16043,0,758,399097257,399097.4584,0
28144,16039,0,759,399097265,399097.4663,0
28257,16035,0,760,399097272,399097.4743,0
28371,16033,0,762,399097280,399097.4823,0
28492,16030,0,762,399097287,399097.4863,0
28616,16026,0,764,399097295,399097.4943,0
28748,16023,0,764,399097302,399097.5022,0
28884,16021,0,766,399097310,399097.5102,0
29024,16017,0,762,399097317,399097.5182,0
29168,16014,0,761,399097325,399097.5262,0
29316,16011,0,760,399097332,399097.5341,0
29467,16007,0,760,399097340,399097.5421,0
29621,16005,0,760,399097347,399097.5461,0
29779,16002,0,762,399097355,399097.5541,0
29937,16000,0,763,399097362,399097.5621,0
30096,15996,0,764,399097370,399097.5701,0
30256,15993,0,766,399097377,399097.578,0
30415,15990,0,763,399097385,399097.586,0
30570,15986,0,761,399097392,399097.5941,0
30723,15984,0,762,399097400,399097.603,0
30869,15981,0,762,399097407,399097.6109,0
31008,15977,0,768,399097415,399097.614,0
31138,15975,0,768,399097423,399097.6229,0
31256,15972,0,770,399097430,399097.6309,0
31359,15968,0,772,399097438,399097.6389,0
31451,15965,0,771,399097445,399097.6468,0
31529,15963,0,769,399097453,399097.6548,0
31596,15961,0,768,399097460,399097.6628,0
31655,15957,0,768,399097468,399097.6708,0
31707,15956,0,768,399097475,399097.6748,0
31754,15954,0,767,399097483,399097.6828,0
31798,15952,0,766,399097490,399097.6907,0
31840,15951,0,768,399097498,399097.6987,0
31881,15948,0,768,399097505,399097.7067,0
31918,15947,0,768,399097513,399097.7147,0
31950,15946,0,768,399097520,399097.7226,0
31977,15945,0,768,399097528,399097.7306,0
31995,15945,0,769,399097535,399097.7346,0
32007,15945,0,768,399097543,399097.7426,0
32015,15945,0,768,399097550,399097.7505,0
32016,15945,0,767,399097558,399097.7586,0
32016,15945,0,768,399097565,399097.7665,0
32016,15945,0,764,399097573,399097.7745,0
32016,15945,0,765,399097580,399097.7825,0
32016,15945,0,765,399097588,399097.7905,0
32016,15945,0,765,399097595,399097.7985,0
32010,15945,0,764,399097603,399097.8024,0
32001,15945,0,762,399097610,399097.8104,0
31991,15945,0,759,399097618,399097.8184,0
31980,15945,0,756,399097625,399097.8264,0
31968,15945,0,757,399097633,399097.8344,0
31954,15945,0,756,399097641,399097.8423,0
31940,15945,0,757,399097648,399097.8503,0
31924,15945,0,758,399097656,399097.8583,0
31906,15945,0,759,399097663,399097.8623,0
31888,15945,0,760,399097671,399097.8703,0
31871,15945,0,762,399097678,399097.8782,0
31852,15945,0,762,399097686,399097.8862,0
31834,15945,0,763,399097693,399097.8942,0
31814,15945,0,764,399097701,399097.9022,0
31792,15945,0,765,399097708,399097.9102,0
31766,15945,0,765,399097716,399097.9182,0
31735,15945,0,768,399097723,399097.9261,0
31699,15945,0,769,399097731,399097.9301,0
31660,15945,0,772,399097738,399097.9381,0
31617,15945,0,774,399097746,399097.9461,0
31571,15945,0,774,399097753,399097.954,0
31523,15945,0,776,399097761,399097.963,0
31472,15945,0,776,399097768,399097.97,0
31417,15946,0,776,399097776,399097.978,0
31358,15948,0,777,399097783,399097.9869,0
31294,15949,0,776,399097791,399097.9909,0
31225,15951,0,777,399097798,399097.9989,0
31151,15954,0,774,399097806,399098.0069,0
31074,15955,0,773,399097813,399098.0149,0
30992,15957,0,772,399097821,399098.0228,0
30907,15960,0,770,399097828,399098.0308,0
30820,15962,0,770,399097836,399098.0388,0
30731,15965,0,767,399097844,399098.0468,0
30643,15966,0,766,399097851,399098.0548,0
30553,15968,0,765,399097859,399098.0587,0
30464,15972,0,761,399097866,399098.0667,0
30378,15973,0,760,399097874,399098.0747,0
30291,15976,0,760,399097881,399098.0827,0
30206,15977,0,758,399097889,399098.0906,0
30118,15980,0,758,399097896,399098.0986,0
30029,15981,0,759,399097904,399098.1065,0
29939,15983,0,759,399097911,399098.1146,0
29846,15984,0,756,399097919,399098.1186,0
29751,15986,0,754,399097926,399098.1266,0
29652,15988,0,753,399097934,399098.1345,0
29554,15991,0,752,399097941,399098.1425,0
29453,15993,0,752,399097949,399098.1505,0
29350,15995,0,750,399097956,399098.1585,0
29248,15999,0,752,399097964,399098.1664,0
29146,16001,0,752,399097971,399098.1744,0
29045,16003,0,753,399097979,399098.1785,0
28944,16005,0,753,399097986,399098.1864,0
28845,16007,0,754,399097994,399098.1944,0
28747,16010,0,754,399098001,399098.2024,0
28653,16012,0,754,399098009,399098.2103,0
28560,16015,0,751,399098016,399098.2183,0
28468,16017,0,749,399098024,399098.2263,0
28383,16020,0,748,399098031,399098.2343,0
28298,16022,0,747,399098039,399098.2423,0
28218,16024,0,748,399098047,399098.2463,0
28139,16026,0,749,399098054,399098.2542,0
28064,16029,0,750,399098062,399098.2622,0
27993,16031,0,750,399098069,399098.2702,0
27926,16033,0,751,399098077,399098.2781,0
27867,16035,0,750,399098084,399098.2861,0
27816,16036,0,751,399098092,399098.2941,0
27770,16038,0,753,399098099,399098.3021,0
27733,16039,0,751,399098107,399098.3061,0
27703,16040,0,752,399098114,399098.3141,0
27679,16040,0,753,399098122,399098.322,0
27658,16041,0,753,399098129,399098.33,0
27641,16041,0,754,399098137,399098.338,0
27625,16041,0,754,399098144,399098.3462,0
27607,16041,0,754,399098152,399098.3541,0
27588,16041,0,755,399098159,399098.3621,0
27565,16042,0,756,399098167,399098.3701,0
27542,16042,0,758,399098174,399098.374,0
27519,16042,0,758,399098182,399098.382,0
27496,16043,0,758,399098189,399098.39,0
27479,16043,0,759,399098197,399098.399,0
27467,16043,0,758,399098204,399098.407,0
27460,16043,0,757,399098212,399098.4149,0
27455,16043,0,756,399098219,399098.4229,0
27453,16043,0,753,399098227,399098.4309,0
27453,16043,0,745,399098234,399098.4349,0
27453,16043,0,735,399098242,399098.4429,0
27453,16043,0,725,399098249,399098.4508,0
27460,16043,0,724,399098257,399098.4588,0
27471,16043,0,722,399098265,399098.4668,0
27485,16043,0,722,399098272,399098.4747,0
27503,16043,0,722,399098280,399098.4827,0
27521,16043,0,722,399098287,399098.4907,0
27541,16043,0,723,399098295,399098.4947,0
27558,16043,0,724,399098302,399098.5027,0
27578,16043,0,725,399098310,399098.5108,0
27599,16043,0,727,399098317,399098.5187,0
27623,16043,0,728,399098325,399098.5267,0
27650,16043,0,728,399098332,399098.5346,0
27680,16043,0,729,399098340,399098.5426,0
27713,16043,0,729,399098347,399098.5506,0
27750,16043,0,729,399098355,399098.5586,0
27788,16043,0,729,399098362,399098.5625,0
27829,16043,0,728,399098370,399098.5705,0
27872,16043,0,726,399098377,399098.5785,0
27919,16042,0,728,399098385,399098.5865,0
27971,16041,0,727,399098392,399098.5945,0
28026,16039,0,729,399098400,399098.6024,0
28084,16038,0,729,399098407,399098.6104,0
28147,16035,0,730,399098415,399098.6184,0
28213,16033,0,730,399098422,399098.6224,0
28281,16032,0,731,399098430,399098.6304,0
28349,16030,0,732,399098437,399098.6383,0
28415,16029,0,732,399098445,399098.6463,0
28483,16027,0,734,399098452,399098.6543,0
28548,16026,0,736,399098460,399098.6623,0
28614,16025,0,735,399098468,399098.6703,0
28678,16023,0,736,399098475,399098.6783,0
28742,16022,0,736,399098483,399098.6862,0
28807,16021,0,736,399098490,399098.6902,0
28875,16019,0,735,399098498,399098.6982,0
28944,16016,0,734,399098505,399098.7062,0
29012,16015,0,733,399098513,399098.7141,0
29083,16014,0,734,399098520,399098.7221,0
29153,16013,0,733,399098528,399098.7301,0
29225,16012,0,736,399098535,399098.7381,0
29297,16010,0,737,399098543,399098.746,0
29370,16009,0,738,399098550,399098.75,0
29446,16006,0,740,399098558,399098.758,0
29524,16004,0,739,399098565,399098.767,0
29607,16002,0,741,399098573,399098.775,0
29692,16000,0,742,399098580,399098.783,0
29782,15996,0,742,399098588,399098.7909,0
29874,15994,0,744,399098595,399098.7989,0
29968,15992,0,745,399098603,399098.8069,0
30064,15988,0,746,399098610,399098.8109,0
30161,15986,0,748,399098618,399098.8188,0
30258,15983,0,745,399098625,399098.8268,0
30352,15981,0,748,399098633,399098.8348,0
30447,15978,0,754,399098640,399098.8428,0
30539,15976,0,759,399098648,399098.8507,0
30627,15974,0,767,399098655,399098.8588,0
30709,15972,0,774,399098663,399098.8667,0
30787,15971,0,779,399098670,399098.8747,0
30861,15970,0,786,399098678,399098.8784,0
30931,15968,0,791,399098686,399098.8867,0
30999,15967,0,794,399098693,399098.8947,0
31065,15965,0,797,399098701,399098.9026,0
31133,15964,0,799,399098708,399098.9106,0
31201,15963,0,800,399098716,399098.9186,0
31270,15962,0,802,399098723,399098.9266,0
31337,15960,0,803,399098731,399098.9345,0
31406,15958,0,802,399098738,399098.9385,0
31474,15957,0,801,399098746,399098.9465,0
31539,15956,0,799,399098753,399098.9545,0
31606,15955,0,799,399098761,399098.9625,0
31670,15953,0,798,399098768,399098.9704,0
31733,15952,0,798,399098776,399098.9784,0
31796,15951,0,798,399098783,399098.9864,0
31857,15949,0,799,399098791,399098.9944,0
31918,15947,0,799,399098798,399099.0024,0
31978,15946,0,800,399098806,399099.0064,0
32038,15945,0,800,399098813,399099.0143,0
32097,15943,0,801,399098821,399099.0223,0
32154,15942,0,801,399098828,399099.0303,0
32209,15941,0,802,399098836,399099.0383,0
32260,15938,0,803,399098843,399099.0463,0
32308,15937,0,803,399098851,399099.0542,0
32349,15936,0,804,399098858,399099.0622,0
32386,15935,0,804,399098866,399099.0662,0
32416,15935,0,804,399098873,399099.0742,0
32442,15934,0,804,399098881,399099.0821,0
32463,15934,0,804,399098889,399099.0901,0
32479,15934,0,804,399098896,399099.0981,0
32494,15934,0,804,399098904,399099.1061,0
32508,15934,0,804,399098911,399099.1141,0
32520,15934,0,804,399098919,399099.122,0
32531,15934,0,803,399098926,399099.131,0
32543,15934,0,803,399098934,399099.134,0
32554,15934,0,803,399098941,399099.142,0
32565,15933,0,802,399098949,399099.15,0
32573,15933,0,802,399098956,399099.158,0
32580,15933,0,801,399098964,399099.1669,0
32585,15933,0,800,399098971,399099.1749,0
32589,15933,0,800,399098979,399099.1828,0
32591,15933,0,800,399098986,399099.1908,0
32593,15933,0,799,399098994,399099.1949,0
32594,15933,0,798,399099001,399099.2028,0
32594,15933,0,796,399099009,399099.2108,0
32595,15933,0,796,399099016,399099.2188,0
32595,15933,0,795,399099024,399099.2268,0
32596,15933,0,794,399099031,399099.2347,0
32596,15933,0,793,399099039,399099.2427,0
32596,15933,0,793,399099046,399099.2507,0
32596,15933,0,793,399099054,399099.2547,0
32596,15933,0,792,399099061,399099.2627,0
32596,15933,0,794,399099069,399099.2706,0
32596,15933,0,795,399099076,399099.2784,0
32589,15933,0,795,399099084,399099.2866,0
32575,15933,0,796,399099092,399099.2946,0
32556,15933,0,796,399099099,399099.3025,0
32528,15933,0,796,399099107,399099.3105,0
32496,15933,0,796,399099114,399099.3185,0
32460,15933,0,796,399099122,399099.3225,0
32418,15933,0,795,399099129,399099.3305,0
32370,15933,0,795,399099137,399099.3385,0
32322,15933,0,794,399099144,399099.3465,0
32270,15933,0,794,399099152,399099.3544,0
32214,15933,0,794,399099159,399099.3624,0
32158,15933,0,792,399099167,399099.3704,0
32094,15935,0,794,399099174,399099.3784,0
32026,15936,0,793,399099182,399099.3823,0
31951,15938,0,791,399099189,399099.3903,0
31869,15941,0,791,399099197,399099.3983,0
31783,15943,0,790,399099204,399099.4063,0
31690,15945,0,787,399099212,399099.4143,0
31594,15947,0,788,399099219,399099.4222,0
31493,15951,0,787,399099227,399099.4302,0
31385,15953,0,787,399099234,399099.4382,0
31276,15955,0,786,399099242,399099.4462,0
31164,15957,0,784,399099249,399099.4502,0
31048,15960,0,775,399099257,399099.4581,0
30930,15963,0,768,399099264,399099.4661,0
30806,15964,0,760,399099272,399099.4741,0
30686,15966,0,754,399099279,399099.4821,0
30561,15968,0,751,399099287,399099.4901,0
30434,15972,0,749,399099294,399099.4981,0
30306,15974,0,748,399099302,399099.506,0
30177,15976,0,748,399099310,399099.51,0
30045,15980,0,750,399099317,399099.518,0
29912,15984,0,750,399099325,399099.526,0
29778,15987,0,748,399099332,399099.5349,0
29639,15991,0,747,399099340,399099.5429,0
29501,15995,0,747,399099347,399099.5501,0
29361,16000,0,747,399099355,399099.559,0
29222,16003,0,748,399099362,399099.567,0
29083,16007,0,748,399099370,399099.57,0
28945,16011,0,749,399099377,399099.578,0
28811,16015,0,749,399099385,399099.5869,0
28681,16019,0,751,399099392,399099.5949,0
28555,16022,0,748,399099400,399099.6029,0
28431,16025,0,743,399099407,399099.6109,0
28312,16029,0,740,399099415,399099.6189,0
28197,16032,0,740,399099422,399099.6268,0
28084,16036,0,739,399099430,399099.6348,0
27973,16040,0,741,399099437,399099.6388,0
27865,16043,0,741,399099445,399099.6468,0
27759,16046,0,742,399099452,399099.6548,0
27658,16049,0,744,399099460,399099.6628,0
27557,16051,0,745,399099467,399099.6707,0
27462,16053,0,747,399099475,399099.6785,0
27373,16055,0,748,399099482,399099.6867,0
27292,16058,0,746,399099490,399099.6947,0
27216,16059,0,747,399099497,399099.6987,0
27148,16060,0,744,399099505,399099.7066,0
27091,16061,0,744,399099513,399099.7146,0
27039,16062,0,743,399099520,399099.7226,0
26996,16063,0,744,399099528,399099.7306,0
26957,16063,0,745,399099535,399099.7385,0
26921,16064,0,745,399099543,399099.7465,0
26884,16065,0,745,399099550,399099.7545,0
26846,16066,0,745,399099558,399099.7625,0
26808,16068,0,745,399099565,399099.7665,0
26767,16069,0,745,399099573,399099.7745,0
26729,16071,0,746,399099580,399099.7824,0
26696,16072,0,747,399099588,399099.7904,0
26669,16072,0,748,399099595,399099.7984,0
26649,16073,0,748,399099603,399099.8064,0
26637,16073,0,748,399099610,399099.8143,0
26627,16073,0,750,399099618,399099.8223,0
26622,16074,0,750,399099625,399099.8263,0
26619,16074,0,749,399099633,399099.8343,0
26617,16074,0,749,399099640,399099.8423,0
26616,16074,0,748,399099648,399099.8502,0
26616,16074,0,748,399099655,399099.8583,0
26614,16075,0,748,399099663,399099.8662,0
26614,16075,0,748,399099670,399099.8742,0
26614,16075,0,749,399099678,399099.8822,0
26614,16075,0,749,399099685,399099.8902,0
26614,16075,0,749,399099693,399099.8942,0
26612,16075,0,750,399099700,399099.9021,0
26611,16075,0,751,399099708,399099.9101,0
26610,16075,0,752,399099716,399099.9181,0
26610,16075,0,753,399099723,399099.9261,0
26608,16075,0,751,399099731,399099.9341,0
26608,16075,0,753,399099738,399099.942,0
26608,16075,0,753,399099746,399099.95,0
26608,16075,0,752,399099753,399099.954,0
26608,16075,0,750,399099761,399099.962,0
26608,16075,0,740,399099768,399099.97,0
26608,16075,0,737,399099776,399099.978,0
26608,16075,0,734,399099783,399099.9869,0
26612,16075,0,731,399099791,399099.9949,0
26621,16075,0,730,399099798,399100.0029,0
26634,16075,0,729,399099806,399100.0109,0
26650,16075,0,729,399099813,399100.0148,0
26670,16075,0,728,399099821,399100.0228,0
26691,16075,0,729,399099828,399100.0308,0
26714,16075,0,730,399099836,399100.0388,0
26738,16075,0,728,399099843,399100.0467,0
26760,16075,0,729,399099851,399100.0547,0
26781,16075,0,730,399099858,399100.0627,0
26797,16075,0,730,399099866,399100.0707,0
26809,16075,0,731,399099873,399100.0785,0
26816,16075,0,731,399099881,399100.0826,0
26820,16075,0,730,399099888,399100.0906,0
26823,16075,0,731,399099896,399100.0986,0
26823,16075,0,731,399099903,399100.1066,0
26824,16075,0,730,399099911,399100.1146,0
26828,16075,0,731,399099918,399100.1225,0
26830,16075,0,731,399099926,399100.1305,0
26836,16075,0,732,399099934,399100.1385,0
26846,16075,0,732,399099941,399100.1425,0
26862,16075,0,731,399099949,399100.1505,0
26884,16075,0,732,399099956,399100.1585,0
26910,16075,0,731,399099964,399100.1665,0
26943,16075,0,732,399099971,399100.1745,0
26983,16074,0,733,399099979,399100.1824,0
27027,16072,0,731,399099986,399100.1904,0
27076,16071,0,733,399099994,399100.1984,0
27131,16069,0,734,399100001,399100.2063,0
27192,16068,0,734,399100009,399100.2103,0
27261,16065,0,735,399100016,399100.2183,0
27335,16063,0,736,399100024,399100.2263,0
27414,16062,0,736,399100031,399100.2343,0
27498,16060,0,738,399100039,399100.2422,0
27586,16059,0,737,399100046,399100.2502,0
27679,16055,0,735,399100054,399100.2582,0
27772,16053,0,735,399100061,399100.2662,0
27873,16051,0,733,399100069,399100.2702,0
27976,16049,0,733,399100076,399100.2781,0
28082,16045,0,734,399100084,399100.2861,0
28192,16043,0,734,399100091,399100.2942,0
28307,16040,0,734,399100099,399100.3021,0
28428,16038,0,736,399100106,399100.3101,0
28550,16034,0,737,399100114,399100.319,0
28675,16031,0,738,399100121,399100.326,0
28806,16027,0,739,399100129,399100.33,0
28938,16025,0,739,399100137,399100.338,0
29071,16021,0,737,399100144,399100.346,0
29201,16017,0,735,399100152,399100.355,0
29332,16013,0,736,399100159,399100.3629,0
29459,16010,0,737,399100167,399100.3709,0
29581,16006,0,738,399100174,399100.3784,0
29699,16003,0,739,399100182,399100.3869,0
29812,16000,0,741,399100189,399100.3948,0
29923,15996,0,742,399100197,399100.3988,0
30032,15993,0,743,399100204,399100.4068,0
30139,15991,0,743,399100212,399100.4148,0
30248,15988,0,740,399100219,399100.4228,0
30356,15985,0,739,399100227,399100.4307,0
30464,15983,0,739,399100234,399100.4387,0
30575,15981,0,738,399100242,399100.4467,0
30686,15978,0,738,399100249,399100.4546,0
30798,15975,0,739,399100257,399100.4586,0
30912,15973,0,740,399100264,399100.4667,0
31027,15971,0,739,399100272,399100.4746,0
31143,15968,0,742,399100279,399100.4826,0
31258,15966,0,741,399100287,399100.4906,0
31373,15964,0,743,399100294,399100.4986,0
31489,15961,0,741,399100302,399100.5065,0
31602,15958,0,738,399100309,399100.5145,0
31717,15956,0,737,399100317,399100.5225,0
31830,15954,0,736,399100324,399100.5265,0
31945,15952,0,737,399100332,399100.5345,0
32059,15949,0,738,399100339,399100.5425,0
32172,15947,0,738,399100347,399100.5504,0
32286,15944,0,739,399100355,399100.5584,0
32400,15942,0,740,399100362,399100.5664,0
32514,15938,0,740,399100370,399100.5744,0
32626,15935,0,742,399100377,399100.5825,0
32734,15933,0,742,399100385,399100.5865,0
32843,15929,0,738,399100392,399100.5944,0
32947,15926,0,737,399100400,399100.6024,0
33047,15924,0,737,399100407,399100.6104,0
33146,15922,0,736,399100415,399100.6184,0
33238,15919,0,737,399100422,399100.6264,0
33330,15917,0,737,399100430,399100.6344,0
33420,15915,0,738,399100437,399100.6423,0
33508,15913,0,738,399100445,399100.6463,0
33593,15912,0,738,399100452,399100.6543,0
33678,15909,0,739,399100460,399100.6623,0
33759,15907,0,739,399100467,399100.6703,0
33839,15906,0,740,399100475,399100.6782,0
33916,15905,0,741,399100482,399100.6862,0
33987,15904,0,738,399100490,399100.6952,0
34052,15903,0,737,399100497,399100.7021,0
34109,15902,0,736,399100505,399100.7101,0
34157,15902,0,736,399100512,399100.7141,0
34195,15900,0,736,399100520,399100.7221,0
34223,15899,0,736,399100527,399100.7301,0
34241,15899,0,737,399100535,399100.7381,0
34253,15899,0,738,399100542,399100.746,0
34257,15899,0,739,399100550,399100.755,0
34257,15899,0,740,399100558,399100.7621,0
34257,15899,0,736,399100565,399100.7709,0
34257,15899,0,735,399100573,399100.775,0
34257,15899,0,738,399100580,399100.7829,0
34257,15899,0,738,399100588,399100.7909,0
34252,15899,0,738,399100595,399100.7989,0
34242,15899,0,737,399100603,399100.8069,0
34227,15899,0,734,399100610,399100.8148,0
34206,15899,0,730,399100618,399100.8228,0
34178,15899,0,727,399100625,399100.8308,0
34141,15899,0,723,399100633,399100.8388,0
34095,15899,0,723,399100640,399100.8428,0
34037,15899,0,722,399100648,399100.8507,0
33971,15899,0,723,399100655,399100.8587,0
33896,15899,0,724,399100663,399100.8667,0
33815,15899,0,726,399100670,399100.8746,0
33730,15899,0,725,399100678,399100.8826,0
33642,15900,0,725,399100685,399100.8906,0
33555,15904,0,726,399100693,399100.8986,0
33467,15905,0,727,399100700,399100.9026,0
33381,15908,0,728,399100708,399100.9105,0
33293,15910,0,730,399100715,399100.9185,0
33208,15914,0,731,399100723,399100.9265,0
33121,15917,0,731,399100730,399100.9345,0
33034,15921,0,731,399100738,399100.9425,0
32946,15925,0,732,399100745,399100.9504,0
32857,15928,0,731,399100753,399100.9584,0
32769,15931,0,732,399100761,399100.9624,0
32675,15934,0,732,399100768,399100.9704,0
32579,15935,0,733,399100776,399100.9784,0
32482,15937,0,734,399100783,399100.9864,0
32381,15937,0,731,399100791,399100.9944,0
32276,15939,0,730,399100798,399101.0023,0
32168,15941,0,728,399100806,399101.0103,0
32058,15942,0,728,399100813,399101.0183,0
31945,15943,0,727,399100821,399101.0263,0
31828,15945,0,725,399100828,399101.0302,0
31707,15946,0,726,399100836,399101.0383,0
31584,15948,0,725,399100843,399101.0462,0
31456,15951,0,725,399100851,399101.0542,0
31325,15953,0,727,399100858,399101.0622,0
31191,15955,0,728,399100866,399101.0701,0
31056,15957,0,724,399100873,399101.0782,0
30917,15961,0,724,399100881,399101.0861,0
30777,15963,0,724,399100888,399101.0901,0
30640,15966,0,724,399100896,399101.0981,0
30505,15970,0,724,399100903,399101.1061,0
30372,15974,0,727,399100911,399101.114,0
30242,15977,0,728,399100918,399101.123,0
30114,15982,0,728,399100926,399101.131,0
29990,15985,0,730,399100933,399101.139,0
29868,15988,0,731,399100941,399101.147,0
29745,15992,0,726,399100948,399101.1549,0
29619,15995,0,726,399100956,399101.1589,0
29490,15999,0,723,399100963,399101.1669,0
29358,16002,0,723,399100971,399101.1749,0
29222,16005,0,724,399100979,399101.1828,0
29082,16010,0,725,399100986,399101.1909,0
28934,16012,0,728,399100994,399101.1988,0
28784,16016,0,729,399101001,399101.2068,0
28631,16021,0,733,399101009,399101.2147,0
28476,16025,0,732,399101016,399101.2188,0
28317,16030,0,728,399101024,399101.2267,0
28157,16033,0,727,399101031,399101.2347,0
28000,16039,0,729,399101039,399101.2427,0
27845,16043,0,734,399101046,399101.2507,0
27690,16048,0,738,399101054,399101.2586,0
27535,16051,0,743,399101061,399101.2666,0
27386,16055,0,748,399101069,399101.2746,0
27239,16059,0,751,399101076,399101.2826,0
27097,16062,0,745,399101084,399101.2866,0
26959,16066,0,743,399101091,399101.2946,0
26825,16070,0,744,399101099,399101.3026,0
26701,16074,0,742,399101106,399101.3105,0
26579,16078,0,744,399101114,399101.3185,0
26460,16082,0,737,399101121,399101.3265,0
26345,16085,0,742,399101129,399101.3345,0
26229,16089,0,737,399101136,399101.3425,0
26112,16092,0,737,399101144,399101.3465,0
25999,16094,0,738,399101151,399101.3544,0
25885,16098,0,732,399101159,399101.3624,0
25778,16099,0,733,399101166,399101.3703,0
25678,16100,0,730,399101174,399101.3784,0
25588,16102,0,729,399101182,399101.3863,0
25511,16103,0,730,399101189,399101.3943,0
25442,16104,0,731,399101197,399101.4022,0
25388,16104,0,734,399101204,399101.4063,0
25342,16104,0,732,399101212,399101.4142,0
25309,16105,0,735,399101219,399101.4222,0
25285,16105,0,735,399101227,399101.4302,0
25271,16105,0,737,399101234,399101.4382,0
25261,16105,0,737,399101242,399101.4461,0
25257,16105,0,736,399101249,399101.4541,0
25256,16105,0,736,399101257,399101.4621,0
25256,16105,0,735,399101264,399101.4701,0
25256,16105,0,735,399101272,399101.4741,0
25256,16105,0,736,399101279,399101.4821,0
25256,16105,0,736,399101287,399101.49,0
25256,16105,0,737,399101294,399101.498,0
25256,16105,0,736,399101302,399101.506,0
25256,16105,0,736,399101309,399101.515,0
25256,16105,0,735,399101317,399101.5229,0
25257,16105,0,732,399101324,399101.5309,0
25262,16105,0,726,399101332,399101.5349,0
25272,16105,0,724,399101339,399101.5429,0
25289,16105,0,723,399101347,399101.5509,0
25315,16105,0,724,399101354,399101.5588,0
25351,16105,0,724,399101362,399101.5668,0
25399,16105,0,724,399101369,399101.5748,0
25457,16105,0,725,399101377,399101.5828,0
25521,16105,0,725,399101384,399101.5908,0
25590,16105,0,725,399101392,399101.5987,0
25665,16105,0,726,399101400,399101.6027,0
25744,16104,0,726,399101407,399101.6107,0
25824,16102,0,727,399101415,399101.6187,0
25906,16101,0,727,399101422,399101.6267,0
25991,16100,0,728,399101430,399101.6346,0
26079,16097,0,729,399101437,399101.6426,0
26165,16095,0,729,399101445,399101.6506,0
26251,16093,0,730,399101452,399101.6586,0
26340,16091,0,726,399101460,399101.6626,0
26430,16089,0,726,399101467,399101.6706,0
26522,16087,0,725,399101475,399101.6787,0
26617,16084,0,724,399101482,399101.6865,0
26717,16081,0,724,399101490,399101.6945,0
26820,16079,0,725,399101497,399101.7025,0
26925,16075,0,726,399101505,399101.7105,0
27035,16072,0,728,399101512,399101.7184,0
27145,16070,0,729,399101520,399101.7224,0
27257,16066,0,730,399101527,399101.7304,0
27372,16063,0,731,399101535,399101.7384,0
27488,16060,0,732,399101542,399101.7464,0
27606,16056,0,733,399101550,399101.7543,0
27724,16053,0,730,399101557,399101.7623,0
27845,16049,0,728,399101565,399101.7703,0
27965,16045,0,729,399101572,399101.7783,0
28087,16042,0,729,399101580,399101.7862,0
28208,16040,0,730,399101587,399101.7902,0
28333,16036,0,729,399101595,399101.7982,0
28459,16034,0,732,399101603,399101.8062,0
28585,16032,0,733,399101610,399101.8142,0
28712,16029,0,735,399101618,399101.8221,0
28840,16025,0,736,399101625,399101.8301,0
28969,16022,0,733,399101633,399101.8381,0
29092,16019,0,731,399101640,399101.8461,0
29216,16015,0,731,399101648,399101.8502,0
29337,16013,0,731,399101655,399101.8581,0
29456,16011,0,731,399101663,399101.8661,0
29577,16009,0,731,399101670,399101.8741,0
29699,16006,0,733,399101678,399101.8821,0
29825,16003,0,734,399101685,399101.8901,0
29953,16000,0,734,399101693,399101.8982,0
30087,15995,0,735,399101700,399101.9062,0
30224,15991,0,733,399101708,399101.9142,0
30363,15987,0,732,399101715,399101.9182,0
30501,15983,0,730,399101723,399101.9261,0
30636,15981,0,730,399101730,399101.9341,0
30768,15977,0,731,399101738,399101.9421,0
30896,15973,0,731,399101745,399101.9501,0
31020,15971,0,732,399101753,399101.958,0
31139,15967,0,734,399101760,399101.967,0
31255,15964,0,734,399101768,399101.974,0
31368,15961,0,736,399101775,399101.978,0
31480,15958,0,734,399101783,399101.986,0
31589,15956,0,733,399101790,399101.9941,0
31697,15953,0,731,399101798,399102.0029,0
31804,15951,0,731,399101806,399102.0109,0
31910,15948,0,732,399101813,399102.0189,0
32016,15946,0,732,399101821,399102.0269,0
32122,15944,0,732,399101828,399102.0348,0
32228,15942,0,733,399101836,399102.0428,0
32335,15941,0,734,399101843,399102.0468,0
32442,15938,0,735,399101851,399102.0548,0
32551,15936,0,735,399101858,399102.0628,0
32663,15935,0,737,399101866,399102.0707,0
32776,15933,0,735,399101873,399102.0785,0
32891,15931,0,734,399101881,399102.0867,0
33005,15928,0,732,399101888,399102.0947,0
33120,15925,0,733,399101896,399102.1027,0
33232,15923,0,733,399101903,399102.1067,0
33342,15921,0,731,399101911,399102.1146,0
33449,15917,0,734,399101918,399102.1226,0
33553,15915,0,735,399101926,399102.1306,0
33657,15913,0,736,399101933,399102.1386,0
33758,15910,0,738,399101941,399102.1465,0
33858,15907,0,739,399101948,399102.1545,0
33955,15905,0,740,399101956,399102.1625,0
34049,15903,0,737,399101963,399102.1665,0
34137,15902,0,737,399101971,399102.1744,0
34222,15899,0,738,399101978,399102.1824,0
34301,15897,0,741,399101986,399102.1904,0
34375,15895,0,746,399101993,399102.1984,0
34444,15893,0,751,399102001,399102.2064,0
34511,15890,0,756,399102008,399102.2144,0
34573,15888,0,762,399102016,399102.2224,0
34637,15887,0,765,399102024,399102.2303,0
34700,15885,0,768,399102031,399102.2343,0
34764,15884,0,770,399102039,399102.2423,0
34831,15883,0,770,399102046,399102.2503,0
34897,15883,0,772,399102054,399102.2583,0
34966,15882,0,773,399102061,399102.2663,0
35035,15880,0,774,399102069,399102.2743,0
35105,15879,0,774,399102076,399102.2822,0
35173,15879,0,775,399102084,399102.2902,0
35241,15877,0,775,399102091,399102.2942,0
35304,15876,0,773,399102099,399102.3021,0
35362,15876,0,771,399102106,399102.3101,0
35411,15875,0,772,399102114,399102.3181,0
35452,15874,0,771,399102121,399102.3261,0
35481,15874,0,771,399102129,399102.334,0
35500,15874,0,771,399102136,399102.342,0
35511,15873,0,771,399102144,399102.35,0
35514,15873,0,771,399102151,399102.358,0
35516,15873,0,773,399102159,399102.363,0
35516,15873,0,773,399102166,399102.371,0
35516,15871,0,774,399102174,399102.3785,0
35505,15871,0,775,399102181,399102.3869,0
35481,15871,0,775,399102189,399102.3949,0
35448,15871,0,774,399102196,399102.4029,0
35402,15871,0,769,399102204,399102.4108,0
35347,15871,0,766,399102211,399102.4188,0
35280,15875,0,763,399102219,399102.4228,0
35204,15878,0,763,399102227,399102.4308,0
35122,15882,0,763,399102234,399102.4388,0
35032,15884,0,765,399102242,399102.4468,0
34939,15886,0,759,399102249,399102.4547,0
34842,15888,0,760,399102257,399102.4627,0
34741,15889,0,758,399102264,399102.4707,0
34636,15892,0,763,399102272,399102.4784,0
34530,15895,0,768,399102279,399102.4826,0
34422,15897,0,772,399102287,399102.4906,0
34308,15900,0,772,399102294,399102.4986,0
34190,15904,0,774,399102302,399102.5066,0
34068,15908,0,775,399102309,399102.5146,0
33939,15912,0,775,399102317,399102.5226,0
33803,15915,0,774,399102324,399102.5306,0
33662,15918,0,770,399102332,399102.5385,0
33511,15923,0,763,399102339,399102.5465,0
33354,15925,0,760,399102347,399102.5505,0
33189,15929,0,757,399102354,399102.5585,0
33024,15933,0,757,399102362,399102.5664,0
32851,15936,0,757,399102369,399102.5744,0
32676,15939,0,760,399102377,399102.5824,0
32500,15944,0,761,399102384,399102.5904,0
32323,15947,0,762,399102392,399102.5984,0
32144,15952,0,761,399102399,399102.6063,0
31963,15954,0,760,399102407,399102.6103,0
31784,15958,0,761,399102414,399102.6183,0
31603,15962,0,768,399102422,399102.6263,0
31420,15965,0,770,399102429,399102.6343,0
31238,15968,0,775,399102437,399102.6422,0
31050,15972,0,777,399102445,399102.6502,0
30862,15975,0,771,399102452,399102.6582,0
30671,15978,0,769,399102460,399102.6662,0
30481,15983,0,771,399102467,399102.6702,0
30290,15985,0,773,399102475,399102.6781,0
30099,15988,0,774,399102482,399102.6861,0
29910,15991,0,778,399102490,399102.6942,0
29722,15994,0,779,399102497,399102.7021,0
29535,15997,0,780,399102505,399102.7101,0
29349,16001,0,779,399102512,399102.719,0
29167,16006,0,780,399102520,399102.726,0
28983,16011,0,783,399102527,399102.735,0
28802,16015,0,785,399102535,399102.739,0
28625,16020,0,787,399102542,399102.7469,0
28449,16024,0,784,399102550,399102.7549,0
28273,16030,0,781,399102557,399102.7629,0
28100,16034,0,778,399102565,399102.7709,0
27929,16040,0,777,399102572,399102.7785,0
27754,16044,0,779,399102580,399102.7868,0
27580,16049,0,777,399102587,399102.7948,0
27409,16053,0,780,399102595,399102.8028,0
27240,16056,0,781,399102602,399102.8068,0
27076,16060,0,774,399102610,399102.8148,0
26920,16063,0,773,399102617,399102.8227,0
26772,16066,0,774,399102625,399102.8307,0
26632,16070,0,772,399102632,399102.8387,0
26497,16073,0,771,399102640,399102.8467,0
26367,16075,0,770,399102648,399102.8547,0
26241,16078,0,766,399102655,399102.8626,0
26121,16081,0,762,399102663,399102.8666,0
26007,16083,0,760,399102670,399102.8746,0
25901,16085,0,759,399102678,399102.8826,0
25805,16088,0,757,399102685,399102.8906,0
25721,16089,0,758,399102693,399102.8985,0
25651,16091,0,759,399102700,399102.9065,0
25596,16093,0,762,399102708,399102.9145,0
25553,16094,0,768,399102715,399102.9225,0
25523,16095,0,776,399102723,399102.9265,0
25503,16097,0,785,399102730,399102.9345,0
25494,16098,0,792,399102738,399102.9424,0
25489,16099,0,792,399102745,399102.9504,0
25487,16099,0,795,399102753,399102.9584,0
25486,16099,0,795,399102760,399102.9664,0
25486,16100,0,792,399102768,399102.9744,0
25486,16100,0,792,399102775,399102.9823,0
25486,16100,0,790,399102783,399102.9903,0
25486,16100,0,788,399102790,399102.9943,0
25486,16100,0,787,399102798,399103.0023,0
25491,16100,0,786,399102805,399103.0102,0
25502,16100,0,786,399102813,399103.0182,0
25517,16100,0,786,399102820,399103.0262,0
25539,16100,0,786,399102828,399103.0342,0
25564,16100,0,785,399102835,399103.0422,0
25591,16100,0,785,399102843,399103.0501,0
25619,16100,0,784,399102851,399103.0541,0
25647,16100,0,782,399102858,399103.0621,0
25678,16100,0,778,399102866,399103.0701,0
25708,16100,0,773,399102873,399103.0781,0
25741,16100,0,768,399102881,399103.087,0
25778,16100,0,766,399102888,399103.095,0
25821,16100,0,765,399102896,399103.102,0
25867,16100,0,767,399102903,399103.11,0
25911,16100,0,767,399102911,399103.1189,0
25957,16099,0,767,399102918,399103.1229,0
26002,16099,0,767,399102926,399103.1309,0
26045,16099,0,766,399102933,399103.1389,0
26086,16098,0,764,399102941,399103.1469,0
26128,16098,0,763,399102948,399103.1548,0
26169,16097,0,763,399102956,399103.1628,0
26207,16095,0,764,399102963,399103.1708,0
26241,16095,0,761,399102971,399103.1785,0
26272,16094,0,747,399102978,399103.1828,0
26299,16094,0,735,399102986,399103.1908,0
26325,16094,0,732,399102993,399103.1987,0
26355,16093,0,724,399103001,399103.2067,0
26394,16093,0,713,399103008,399103.2147,0
26440,16093,0,710,399103016,399103.2227,0
26490,16092,0,711,399103023,399103.2307,0
26545,16092,0,710,399103031,399103.2386,0
26610,16090,0,710,399103038,399103.2426,0
26679,16089,0,709,399103046,399103.2506,0
26748,16085,0,708,399103053,399103.2586,0
26825,16083,0,709,399103061,399103.2666,0
26911,16080,0,709,399103069,399103.2745,0
27005,16077,0,709,399103076,399103.2825,0
27104,16074,0,709,399103084,399103.2905,0
27207,16071,0,710,399103091,399103.2985,0
27313,16069,0,715,399103099,399103.3065,0
27423,16066,0,714,399103106,399103.3104,0
27535,16062,0,716,399103114,399103.3184,0
27650,16059,0,717,399103121,399103.3264,0
27772,16054,0,712,399103129,399103.3344,0
27899,16051,0,712,399103136,399103.3423,0
28031,16048,0,710,399103144,399103.3503,0
28169,16043,0,711,399103151,399103.3583,0
28314,16040,0,712,399103159,399103.3663,0
28463,16035,0,712,399103166,399103.3703,0
28617,16032,0,713,399103174,399103.3783,0
28776,16029,0,713,399103181,399103.3862,0
28939,16025,0,714,399103189,399103.3943,0
29105,16021,0,711,399103196,399103.4022,0
29273,16017,0,710,399103204,399103.4102,0
29446,16014,0,710,399103211,399103.4182,0
29625,16010,0,713,399103219,399103.4261,0
29809,16004,0,712,399103226,399103.4341,0
29998,16000,0,716,399103234,399103.4381,0
30197,15994,0,721,399103241,399103.4461,0
30404,15990,0,719,399103249,399103.454,0
30620,15984,0,718,399103256,399103.463,0
30845,15978,0,720,399103264,399103.471,0
31077,15974,0,722,399103272,399103.4784,0
31316,15970,0,726,399103279,399103.4869,0
31559,15966,0,728,399103287,399103.4939,0
31800,15964,0,724,399103294,399103.4979,0
32041,15963,0,724,399103302,399103.5059,0
32276,15962,0,726,399103309,399103.5149,0
32506,15962,0,727,399103317,399103.5229,0
32727,15961,0,732,399103324,399103.5309,0
32939,15961,0,732,399103332,399103.5388,0
33139,15960,0,735,399103339,399103.5468,0
33328,15958,0,739,399103347,399103.5548,0
33505,15957,0,741,399103354,399103.5588,0
33670,15955,0,743,399103362,399103.5668,0
33823,15954,0,745,399103369,399103.5747,0
33966,15952,0,746,399103377,399103.5827,0
34098,15949,0,744,399103384,399103.5907,0
34220,15946,0,743,399103392,399103.5986,0
34329,15943,0,742,399103399,399103.6067,0
34429,15939,0,740,399103407,399103.6148,0
34515,15936,0,742,399103414,399103.6228,0
34593,15933,0,743,399103422,399103.6268,0
34662,15929,0,742,399103429,399103.6347,0
34725,15927,0,745,399103437,399103.6427,0
34782,15926,0,744,399103444,399103.6507,0
34834,15925,0,744,399103452,399103.6586,0
34886,15924,0,745,399103459,399103.6666,0
34934,15923,0,743,399103467,399103.6746,0
34980,15921,0,744,399103475,399103.6826,0
35022,15919,0,743,399103482,399103.6866,0
35062,15917,0,742,399103490,399103.6946,0
35098,15916,0,742,399103497,399103.7026,0
35128,15915,0,741,399103505,399103.7105,0
35152,15915,0,740,399103512,399103.7185,0
35172,15914,0,740,399103520,399103.7265,0
35187,15914,0,740,399103527,399103.7345,0
35195,15914,0,740,399103535,399103.7424,0
35200,15913,0,740,399103542,399103.7504,0
35204,15913,0,741,399103550,399103.7544,0
35204,15912,0,744,399103557,399103.7624,0
35204,15910,0,747,399103565,399103.7704,0
35204,15909,0,761,399103572,399103.7784,0
35202,15907,0,770,399103580,399103.7865,0
35193,15906,0,774,399103587,399103.7945,0
35183,15905,0,777,399103595,399103.8024,0
35173,15904,0,782,399103602,399103.8104,0
35163,15904,0,786,399103610,399103.8144,0
35157,15904,0,793,399103617,399103.8224,0
35150,15904,0,797,399103625,399103.8304,0
35147,15904,0,800,399103632,399103.8384,0
35145,15904,0,802,399103640,399103.8463,0
35142,15904,0,803,399103647,399103.8543,0
35142,15904,0,805,399103655,399103.8623,0
35141,15904,0,806,399103662,399103.8703,0
35141,15904,0,808,399103670,399103.8783,0
35140,15904,0,810,399103677,399103.8822,0
35135,15904,0,812,399103685,399103.8902,0
35126,15904,0,815,399103693,399103.8982,0
35113,15904,0,816,399103700,399103.9062,0
35093,15904,0,817,399103708,399103.9142,0
35062,15904,0,817,399103715,399103.9221,0
35023,15904,0,816,399103723,399103.9301,0
34972,15904,0,813,399103730,399103.9381,0
34911,15904,0,809,399103738,399103.9421,0
34839,15904,0,804,399103745,399103.9501,0
34757,15904,0,799,399103753,399103.9581,0
34663,15904,0,797,399103760,399103.9661,0
34562,15904,0,794,399103768,399103.9741,0
34454,15904,0,800,399103775,399103.982,0
34342,15904,0,800,399103783,399103.99,0
34225,15904,0,797,399103790,399103.999,0
34104,15905,0,802,399103798,399104.002,0
33981,15907,0,802,399103805,399104.01,0
33858,15909,0,804,399103813,399104.0189,0
33734,15912,0,806,399103820,399104.0269,0
33613,15915,0,803,399103828,399104.0349,0
33488,15917,0,801,399103835,399104.0428,0
33367,15919,0,800,399103843,399104.0509,0
33249,15923,0,800,399103850,399104.0588,0
33131,15925,0,800,399103858,399104.0669,0
33015,15927,0,799,399103865,399104.0708,0
32901,15928,0,799,399103873,399104.0786,0
32788,15929,0,798,399103880,399104.0868,0
32678,15931,0,798,399103888,399104.0948,0
32570,15932,0,799,399103896,399104.1028,0
32467,15933,0,796,399103903,399104.1107,0
32368,15934,0,796,399103911,399104.1189,0
32275,15935,0,793,399103918,399104.1269,0
32186,15936,0,792,399103926,399104.1309,0
32104,15938,0,792,399103933,399104.1388,0
32025,15939,0,793,399103941,399104.1468,0
31950,15941,0,793,399103948,399104.1548,0
31877,15943,0,794,399103956,399104.1628,0
31805,15944,0,794,399103963,399104.1707,0
31736,15946,0,794,399103971,399104.1787,0
31670,15947,0,795,399103978,399104.1867,0
31606,15948,0,795,399103986,399104.1947,0
31545,15949,0,795,399103993,399104.1987,0
31488,15949,0,796,399104001,399104.2066,0
31431,15951,0,796,399104008,399104.2146,0
31378,15952,0,797,399104016,399104.2226,0
31326,15952,0,797,399104023,399104.2306,0
31277,15953,0,797,399104031,399104.2386,0
31230,15954,0,796,399104038,399104.2465,0
31186,15956,0,794,399104046,399104.2545,0
31143,15957,0,792,399104053,399104.2585,0
31103,15958,0,792,399104061,399104.2665,0
31061,15960,0,792,399104068,399104.2745,0
31021,15962,0,793,399104076,399104.2825,0
30976,15963,0,792,399104083,399104.2904,0
30930,15964,0,794,399104091,399104.2984,0
30880,15966,0,794,399104098,399104.3064,0
30826,15967,0,794,399104106,399104.3144,0
30769,15968,0,795,399104114,399104.3184,0
30707,15971,0,794,399104121,399104.3263,0
30641,15973,0,792,399104129,399104.3343,0
30572,15975,0,795,399104136,399104.3423,0
30497,15977,0,793,399104144,399104.3502,0
30418,15978,0,780,399104151,399104.3582,0
30335,15981,0,774,399104159,399104.3662,0
30248,15983,0,762,399104166,399104.3742,0
30155,15985,0,759,399104174,399104.3822,0
30055,15987,0,760,399104181,399104.3861,0
29954,15988,0,750,399104189,399104.3941,0
29850,15991,0,752,399104196,399104.4021,0
29747,15993,0,745,399104204,399104.4101,0
29640,15995,0,739,399104211,399104.4181,0
29534,15997,0,728,399104219,399104.426,0
29428,16000,0,729,399104226,399104.434,0
29321,16003,0,726,399104234,399104.442,0
29212,16005,0,718,399104241,399104.4462,0
29102,16009,0,716,399104249,399104.4541,0
28993,16012,0,716,399104256,399104.4621,0
28887,16014,0,712,399104264,399104.4701,0
28782,16017,0,714,399104271,399104.478,0
28681,16020,0,716,399104279,399104.486,0
28585,16022,0,714,399104286,399104.4941,0
28495,16025,0,711,399104294,399104.503,0
28408,16027,0,709,399104301,399104.5109,0
28325,16031,0,705,399104309,399104.5149,0
28245,16033,0,704,399104317,399104.5229,0
28168,16036,0,701,399104324,399104.5309,0
28090,16039,0,700,399104332,399104.5389,0
28015,16041,0,700,399104339,399104.5469,0
27945,16044,0,700,399104347,399104.5549,0
27877,16046,0,701,399104354,399104.5628,0
27816,16048,0,698,399104362,399104.5708,0
27761,16050,0,699,399104369,399104.5748,0
27713,16051,0,699,399104377,399104.5828,0
27670,16052,0,699,399104384,399104.5908,0
27629,16053,0,702,399104392,399104.5988,0
27594,16054,0,703,399104399,399104.6067,0
27559,16055,0,707,399104407,399104.6147,0
27524,16056,0,712,399104414,399104.6227,0
27489,16058,0,714,399104422,399104.6307,0
27453,16060,0,716,399104429,399104.6347,0
27420,16060,0,715,399104437,399104.6426,0
27386,16061,0,714,399104444,399104.6506,0
27350,16061,0,714,399104452,399104.6586,0
27314,16061,0,714,399104459,399104.6665,0
27277,16062,0,715,399104467,399104.6745,0
27240,16062,0,716,399104474,399104.6825,0
27200,16063,0,714,399104482,399104.6905,0
27158,16064,0,712,399104489,399104.6985,0
27118,16065,0,711,399104497,399104.7025,0
27083,16066,0,708,399104504,399104.7104,0
27048,16069,0,706,399104512,399104.7184,0
27017,16070,0,707,399104520,399104.7264,0
26989,16071,0,708,399104527,399104.7344,0
26963,16072,0,710,399104535,399104.7423,0
26938,16072,0,710,399104542,399104.7503,0
26914,16073,0,710,399104550,399104.7583,0
26892,16074,0,710,399104557,399104.7623,0
26869,16075,0,709,399104565,399104.7703,0
26849,16077,0,708,399104572,399104.7782,0
26825,16078,0,707,399104580,399104.7862,0
26803,16079,0,707,399104587,399104.7942,0
26778,16080,0,707,399104595,399104.8022,0
26754,16082,0,708,399104602,399104.8102,0
26730,16082,0,707,399104610,399104.8181,0
26707,16084,0,707,399104617,399104.8261,0
26683,16085,0,707,399104625,399104.8301,0
26661,16088,0,713,399104632,399104.8381,0
26639,16089,0,717,399104640,399104.8461,0
26614,16090,0,718,399104647,399104.8541,0
26589,16092,0,722,399104655,399104.863,0
26559,16094,0,727,399104662,399104.871,0
26532,16097,0,728,399104670,399104.8786,0
26507,16098,0,733,399104677,399104.886,0
26486,16100,0,735,399104685,399104.891,0
26470,16101,0,736,399104692,399104.8989,0
26459,16101,0,737,399104700,399104.9069,0
26454,16101,0,736,399104707,399104.9149,0
26452,16101,0,736,399104715,399104.9228,0
26452,16101,0,732,399104722,399104.9308,0
26456,16101,0,726,399104730,399104.9388,0
26481,16101,0,722,399104738,399104.9468,0
26525,16101,0,719,399104745,399104.9548,0
26590,16101,0,718,399104753,399104.9588,0
26674,16101,0,717,399104760,399104.9668,0
26777,16101,0,716,399104768,399104.9747,0
26892,16101,0,714,399104775,399104.9827,0
27017,16098,0,715,399104783,399104.9907,0
27150,16093,0,714,399104790,399104.9986,0
27286,16089,0,717,399104798,399105.0066,0
27426,16083,0,717,399104805,399105.0146,0
27572,16078,0,719,399104813,399105.0186,0
27722,16071,0,717,399104820,399105.0266,0
27873,16064,0,714,399104828,399105.0346,0
28025,16058,0,714,399104835,399105.0425,0
28180,16052,0,714,399104843,399105.0505,0
28337,16046,0,715,399104850,399105.0585,0
28491,16041,0,714,399104858,399105.0665,0
28645,16036,0,715,399104865,399105.0745,0
28795,16032,0,715,399104873,399105.0785,0
28943,16026,0,714,399104880,399105.0864,0
29086,16022,0,709,399104888,399105.0944,0
29225,16017,0,700,399104895,399105.1024,0
29361,16013,0,697,399104903,399105.1104,0
29498,16010,0,695,399104910,399105.1183,0
29637,16006,0,696,399104918,399105.1263,0
29778,16003,0,696,399104925,399105.1343,0
29919,16000,0,692,399104933,399105.1423,0
30066,15996,0,703,399104941,399105.1463,0
30215,15992,0,695,399104948,399105.1542,0
30365,15988,0,693,399104956,399105.1623,0
30517,15985,0,690,399104963,399105.1702,0
30675,15982,0,687,399104971,399105.1782,0
30833,15978,0,692,399104978,399105.1861,0
30991,15974,0,692,399104986,399105.1942,0
31148,15971,0,695,399104993,399105.2021,0
31303,15968,0,698,399105001,399105.2061,0
31456,15965,0,698,399105008,399105.2141,0
31602,15962,0,696,399105016,399105.222,0
31744,15960,0,695,399105023,399105.23,0
31881,15957,0,694,399105031,399105.238,0
32015,15954,0,697,399105038,399105.2462,0
32145,15952,0,698,399105046,399105.2541,0
32275,15948,0,699,399105053,399105.2621,0
32404,15945,0,701,399105061,399105.2701,0
32536,15942,0,701,399105068,399105.2741,0
32669,15938,0,704,399105076,399105.2821,0
32806,15935,0,702,399105083,399105.2901,0
32944,15932,0,701,399105091,399105.298,0
33083,15927,0,702,399105098,399105.306,0
33223,15924,0,701,399105106,399105.3141,0
33364,15921,0,704,399105113,399105.322,0
33505,15917,0,705,399105121,399105.3309,0
33645,15914,0,707,399105128,399105.335,0
33783,15909,0,708,399105136,399105.3429,0
33919,15907,0,710,399105143,399105.3509,0
34052,15904,0,713,399105151,399105.3588,0
34178,15900,0,707,399105159,399105.3668,0
34297,15898,0,706,399105166,399105.3748,0
34411,15896,0,705,399105174,399105.3828,0
34515,15894,0,706,399105181,399105.3908,0
34610,15892,0,708,399105189,399105.3948,0
34699,15890,0,710,399105196,399105.4027,0
34780,15889,0,711,399105204,399105.4108,0
34854,15887,0,712,399105211,399105.4187,0
34917,15887,0,713,399105219,399105.4267,0
34974,15886,0,712,399105226,399105.4346,0
35023,15885,0,713,399105234,399105.4426,0
35067,15885,0,713,399105241,399105.4506,0
35107,15884,0,712,399105249,399105.4586,0
35140,15883,0,713,399105256,399105.4626,0
35168,15883,0,714,399105264,399105.4706,0
35193,15882,0,712,399105271,399105.4786,0
35211,15880,0,710,399105279,399105.4865,0
35224,15880,0,708,399105286,399105.4945,0
35230,15880,0,709,399105294,399105.5025,0
35234,15880,0,708,399105301,399105.5104,0
35236,15880,0,708,399105309,399105.5184,0
35236,15879,0,708,399105316,399105.5224,0
35236,15879,0,709,399105324,399105.5304,0
35225,15877,0,707,399105331,399105.5384,0
35203,15877,0,707,399105339,399105.5464,0
35168,15877,0,706,399105346,399105.5543,0
35122,15877,0,706,399105354,399105.5623,0
35062,15877,0,706,399105362,399105.5703,0
34992,15877,0,701,399105369,399105.5783,0
34912,15877,0,700,399105377,399105.5863,0
34825,15877,0,698,399105384,399105.5903,0
34731,15877,0,699,399105392,399105.5982,0
34632,15878,0,699,399105399,399105.6062,0
34529,15880,0,698,399105407,399105.6142,0
34426,15884,0,701,399105414,399105.6222,0
34318,15887,0,700,399105422,399105.6302,0
34212,15889,0,702,399105429,399105.6381,0
34108,15893,0,704,399105437,399105.6461,0
34004,15896,0,703,399105444,399105.6501,0
33903,15899,0,705,399105452,399105.6581,0
33803,15902,0,707,399105459,399105.666,0
33705,15904,0,704,399105467,399105.674,0
33608,15906,0,702,399105474,399105.682,0
33507,15909,0,701,399105482,399105.69,0
33406,15912,0,700,399105489,399105.6989,0
33302,15913,0,699,399105497,399105.7069,0
33197,15916,0,700,399105504,399105.7149,0
33088,15918,0,699,399105512,399105.7189,0
32976,15921,0,702,399105519,399105.7269,0
32862,15923,0,702,399105527,399105.7348,0
32745,15924,0,703,399105534,399105.7428,0
32626,15926,0,702,399105542,399105.7508,0
32505,15928,0,704,399105549,399105.7588,0
32384,15931,0,704,399105557,399105.7667,0
32262,15933,0,703,399105565,399105.7747,0
32138,15935,0,701,399105572,399105.7785,0
32015,15938,0,701,399105580,399105.7867,0
31890,15942,0,701,399105587,399105.7947,0
31765,15944,0,702,399105595,399105.8026,0
31639,15946,0,701,399105602,399105.8106,0
31513,15949,0,702,399105610,399105.8186,0
31387,15952,0,704,399105617,399105.8266,0
31261,15956,0,702,399105625,399105.8346,0
31135,15958,0,705,399105632,399105.8386,0
31012,15962,0,702,399105640,399105.8465,0
30889,15965,0,699,399105647,399105.8545,0
30768,15968,0,699,399105655,399105.8625,0
30651,15972,0,699,399105662,399105.8705,0
30535,15975,0,701,399105670,399105.8785,0
30422,15978,0,701,399105677,399105.8864,0
30312,15982,0,701,399105685,399105.8944,0
30205,15984,0,702,399105692,399105.8984,0
30097,15986,0,703,399105700,399105.9064,0
29988,15990,0,704,399105707,399105.9144,0
29880,15992,0,703,399105715,399105.9224,0
29772,15994,0,701,399105722,399105.9304,0
29661,15997,0,701,399105730,399105.9383,0
29550,16000,0,700,399105737,399105.9463,0
29438,16003,0,699,399105745,399105.9543,0
29326,16005,0,700,399105752,399105.9622,0
29212,16007,0,702,399105760,399105.9663,0
29098,16010,0,703,399105767,399105.9742,0
28983,16012,0,705,399105775,399105.9822,0
28865,16014,0,707,399105783,399105.9902,0
28749,16016,0,708,399105790,399105.9981,0
28633,16019,0,709,399105798,399106.0061,0
28519,16022,0,708,399105805,399106.0142,0
28403,16024,0,701,399105813,399106.0221,0
28285,16026,0,704,399105820,399106.0301,0
28167,16030,0,703,399105828,399106.034,0
28047,16033,0,702,399105835,399106.0421,0
27925,16036,0,703,399105843,399106.0502,0
27802,16040,0,704,399105850,399106.0582,0
27678,16044,0,706,399105858,399106.0661,0
27552,16048,0,708,399105865,399106.0741,0
27431,16051,0,709,399105873,399106.0821,0
27310,16054,0,709,399105880,399106.0901,0
27192,16058,0,705,399105888,399106.094,0
27075,16062,0,704,399105895,399106.103,0
26961,16064,0,704,399105903,399106.111,0
26849,16069,0,705,399105910,399106.119,0
26738,16072,0,707,399105918,399106.1269,0
26628,16077,0,707,399105925,399106.134,0
26521,16080,0,709,399105933,399106.142,0
26415,16084,0,711,399105940,399106.1509,0
26310,16088,0,711,399105948,399106.1549,0
26209,16092,0,712,399105955,399106.1629,0
26111,16095,0,711,399105963,399106.1709,0
26016,16099,0,710,399105970,399106.1786,0
25925,16102,0,711,399105978,399106.1868,0
25838,16105,0,710,399105986,399106.1948,0
25753,16109,0,709,399105993,399106.2028,0
25671,16112,0,708,399106001,399106.2108,0
25588,16116,0,706,399106008,399106.2188,0
25506,16120,0,706,399106016,399106.2227,0
25423,16123,0,703,399106023,399106.2308,0
25342,16127,0,704,399106031,399106.2387,0
25264,16129,0,707,399106038,399106.2467,0
25193,16132,0,707,399106046,399106.2547,0
25128,16134,0,710,399106053,399106.2626,0
25069,16137,0,712,399106061,399106.2706,0
25018,16138,0,713,399106068,399106.2786,0
24976,16139,0,714,399106076,399106.2826,0
24942,16141,0,713,399106083,399106.2905,0
24915,16142,0,713,399106091,399106.2985,0
24896,16142,0,713,399106098,399106.3065,0
24883,16143,0,712,399106106,399106.3144,0
24875,16143,0,712,399106113,399106.3225,0
24870,16144,0,714,399106121,399106.3305,0
24869,16144,0,716,399106128,399106.3384,0
24869,16144,0,716,399106136,399106.3464,0
24869,16144,0,717,399106143,399106.3503,0
24869,16144,0,718,399106151,399106.3583,0
24869,16144,0,719,399106158,399106.3663,0
24869,16144,0,719,399106166,399106.3743,0
24869,16146,0,719,399106173,399106.3823,0
24883,16146,0,719,399106181,399106.3903,0
24903,16146,0,719,399106188,399106.3982,0
24934,16146,0,720,399106196,399106.4062,0
24972,16146,0,718,399106204,399106.4102,0
25017,16146,0,719,399106211,399106.4182,0
25070,16146,0,719,399106219,399106.4262,0
25126,16146,0,717,399106226,399106.4342,0
25190,16143,0,717,399106234,399106.4421,0
25258,16141,0,717,399106241,399106.4501,0
25336,16138,0,715,399106249,399106.4581,0
25417,16136,0,717,399106256,399106.4667,0
25506,16132,0,717,399106264,399106.47,0
25598,16128,0,717,399106271,399106.478,0
25698,16124,0,718,399106279,399106.486,0
25803,16121,0,718,399106286,399106.495,0
25911,16118,0,720,399106294,399106.503,0
26022,16113,0,721,399106301,399106.511,0
26137,16110,0,722,399106309,399106.5189,0
26254,16107,0,724,399106316,399106.5269,0
26373,16104,0,722,399106324,399106.5349,0
26493,16101,0,721,399106331,399106.5389,0
26614,16098,0,721,399106339,399106.5469,0
26741,16095,0,720,399106346,399106.5548,0
26869,16092,0,720,399106354,399106.5628,0
27001,16090,0,723,399106361,399106.5708,0
27137,16087,0,725,399106369,399106.5785,0
27272,16081,0,727,399106376,399106.5867,0
27411,16077,0,728,399106384,399106.5947,0
27551,16072,0,730,399106391,399106.5987,0
27691,16068,0,728,399106399,399106.6067,0
27834,16063,0,727,399106407,399106.6146,0
27974,16059,0,726,399106414,399106.6226,0
28115,16055,0,727,399106422,399106.6306,0
28255,16051,0,728,399106429,399106.6386,0
28392,16048,0,728,399106437,399106.6466,0
28526,16044,0,731,399106444,399106.6546,0
28656,16040,0,732,399106452,399106.6626,0
28781,16036,0,734,399106459,399106.6665,0
28904,16032,0,734,399106467,399106.6745,0
29025,16030,0,730,399106474,399106.6825,0
29145,16025,0,730,399106482,399106.6905,0
29263,16022,0,729,399106489,399106.6984,0
29382,16020,0,730,399106497,399106.7064,0
29501,16016,0,730,399106504,399106.7144,0
29619,16014,0,731,399106512,399106.7224,0
29738,16012,0,731,399106519,399106.7264,0
29855,16009,0,733,399106527,399106.7344,0
29970,16006,0,734,399106534,399106.7424,0
30083,16004,0,734,399106542,399106.7503,0
30195,16002,0,733,399106549,399106.7583,0
30301,15999,0,732,399106557,399106.7663,0
30404,15997,0,730,399106564,399106.7742,0
30502,15996,0,729,399106572,399106.7822,0
30598,15994,0,730,399106579,399106.7902,0
30689,15992,0,731,399106587,399106.7942,0
30778,15991,0,732,399106594,399106.8022,0
30864,15990,0,733,399106602,399106.8102,0
30948,15987,0,733,399106610,399106.8182,0
31029,15986,0,734,399106617,399106.8261,0
31111,15984,0,734,399106625,399106.8341,0
31188,15982,0,735,399106632,399106.8421,0
31263,15980,0,736,399106640,399106.8501,0
31334,15977,0,735,399106647,399106.854,0
31403,15975,0,734,399106655,399106.863,0
31468,15973,0,732,399106662,399106.87,0
31529,15971,0,731,399106670,399106.8786,0
31589,15968,0,731,399106677,399106.8869,0
31647,15967,0,730,399106685,399106.8949,0
31706,15966,0,731,399106692,399106.9029,0
31764,15964,0,731,399106700,399106.9109,0
31824,15963,0,731,399106707,399106.9149,0
31884,15962,0,732,399106715,399106.9229,0
31946,15960,0,733,399106722,399106.9309,0
32010,15958,0,733,399106730,399106.9388,0
32078,15956,0,735,399106737,399106.9468,0
32148,15955,0,735,399106745,399106.9548,0
32223,15954,0,737,399106752,399106.9628,0
32303,15953,0,739,399106760,399106.9707,0
32387,15952,0,741,399106767,399106.9786,0
32474,15951,0,742,399106775,399106.9827,0
32564,15951,0,742,399106782,399106.9907,0
32657,15948,0,743,399106790,399106.9987,0
32751,15948,0,742,399106797,399107.0066,0
32846,15947,0,740,399106805,399107.0146,0
32945,15946,0,740,399106812,399107.0226,0
33042,15945,0,739,399106820,399107.0306,0
33137,15944,0,739,399106828,399107.0385,0
33228,15943,0,740,399106835,399107.0425,0
33314,15942,0,740,399106843,399107.0504,0
33394,15941,0,741,399106850,399107.0584,0
33468,15939,0,742,399106858,399107.0665,0
33536,15938,0,742,399106865,399107.0745,0
33603,15938,0,744,399106873,399107.0825,0
33663,15937,0,744,399106880,399107.0904,0
33721,15936,0,745,399106888,399107.0984,0
33774,15935,0,746,399106895,399107.1024,0
33823,15933,0,745,399106903,399107.1104,0
33866,15932,0,746,399106910,399107.1183,0
33902,15929,0,746,399106918,399107.1263,0
33933,15929,0,744,399106925,399107.1343,0
33956,15927,0,743,399106933,399107.1423,0
33977,15926,0,743,399106940,399107.1502,0
33992,15925,0,743,399106948,399107.1581,0
34007,15925,0,743,399106955,399107.1661,0
34020,15925,0,743,399106963,399107.1702,0
34034,15924,0,742,399106970,399107.1782,0
34045,15924,0,741,399106978,399107.1861,0
34054,15924,0,740,399106985,399107.1942,0
34060,15924,0,739,399106993,399107.2021,0
34063,15924,0,737,399107000,399107.2101,0
34065,15924,0,736,399107008,399107.218,0
34065,15924,0,736,399107015,399107.2261,0
34065,15924,0,731,399107023,399107.231,0
34050,15924,0,728,399107031,399107.2381,0
34025,15924,0,729,399107038,399107.246,0
33987,15926,0,728,399107046,399107.254,0
33933,15933,0,727,399107053,399107.263,0
33863,15941,0,727,399107061,399107.2709,0
33780,15951,0,727,399107068,399107.2785,0
33686,15960,0,726,399107076,399107.2868,0
33585,15966,0,724,399107083,399107.2948,0
33478,15974,0,724,399107091,399107.2988,0
33367,15978,0,720,399107098,399107.3068,0
33254,15982,0,714,399107106,399107.3148,0
33136,15984,0,716,399107113,399107.3228,0
33011,15985,0,718,399107121,399107.3308,0
32882,15986,0,715,399107128,399107.3387,0
32750,15986,0,726,399107136,399107.3467,0
32616,15986,0,736,399107143,399107.3547,0
32480,15986,0,739,399107151,399107.3587,0
32342,15986,0,739,399107158,399107.3668,0
32205,15986,0,737,399107166,399107.3748,0
32065,15986,0,735,399107173,399107.3828,0
31926,15984,0,735,399107181,399107.3908,0
31784,15983,0,735,399107188,399107.3987,0
31638,15982,0,735,399107196,399107.4067,0
31493,15982,0,736,399107203,399107.4147,0
31350,15982,0,736,399107211,399107.4226,0
31208,15982,0,736,399107218,399107.4266,0
31069,15982,0,733,399107226,399107.4346,0
30932,15982,0,734,399107234,399107.4426,0
30800,15982,0,733,399107241,399107.4506,0
30670,15986,0,733,399107249,399107.4585,0
30542,15990,0,733,399107256,399107.4665,0
30416,15993,0,734,399107264,399107.4745,0
30293,15996,0,735,399107271,399107.4825,0
30167,16000,0,737,399107279,399107.4865,0
30044,16003,0,738,399107286,399107.4945,0
29922,16004,0,738,399107294,399107.5025,0
29800,16006,0,736,399107301,399107.5104,0
29677,16010,0,735,399107309,399107.5184,0
29554,16012,0,735,399107316,399107.5264,0
29433,16014,0,735,399107324,399107.5343,0
29310,16015,0,736,399107331,399107.5423,0
29188,16017,0,738,399107339,399107.5463,0
29065,16019,0,740,399107346,399107.5543,0
28941,16019,0,741,399107354,399107.5623,0
28816,16019,0,741,399107361,399107.5702,0
28691,16020,0,743,399107369,399107.5782,0
28568,16021,0,745,399107376,399107.5862,0
28445,16022,0,739,399107384,399107.5941,0
28322,16024,0,739,399107391,399107.6022,0
28200,16027,0,738,399107399,399107.6101,0
28082,16031,0,739,399107406,399107.6141,0
27963,16034,0,740,399107414,399107.6221,0
27849,16038,0,741,399107421,399107.6301,0
27734,16041,0,741,399107429,399107.6381,0
27623,16044,0,742,399107436,399107.6462,0
27514,16048,0,743,399107444,399107.6541,0
27408,16050,0,743,399107452,399107.6621,0
27301,16053,0,744,399107459,399107.6701,0
27196,16055,0,739,399107467,399107.6741,0
27091,16059,0,737,399107474,399107.6821,0
26989,16062,0,735,399107482,399107.6901,0
26887,16065,0,733,399107489,399107.698,0
26783,16069,0,730,399107497,399107.706,0
26682,16070,0,729,399107504,399107.7149,0
26582,16073,0,728,399107512,399107.7229,0
26484,16075,0,727,399107519,399107.7309,0
26387,16078,0,728,399107527,399107.7349,0
26290,16079,0,729,399107534,399107.7428,0
26198,16080,0,729,399107542,399107.7508,0
26111,16082,0,731,399107549,399107.7588,0
26027,16083,0,730,399107557,399107.7669,0
25949,16084,0,729,399107564,399107.7748,0
25877,16087,0,728,399107572,399107.7828,0
25810,16089,0,727,399107579,399107.7908,0
25748,16090,0,728,399107587,399107.7988,0
25692,16092,0,729,399107594,399107.8027,0
25639,16094,0,730,399107602,399107.8107,0
25590,16097,0,731,399107609,399107.8187,0
25543,16099,0,730,399107617,399107.8267,0
25500,16101,0,733,399107624,399107.8347,0
25459,16102,0,732,399107632,399107.8427,0
25420,16105,0,731,399107639,399107.8506,0
25381,16108,0,731,399107647,399107.8586,0
25343,16109,0,731,399107655,399107.8666,0
25306,16111,0,731,399107662,399107.8706,0
25271,16112,0,730,399107670,399107.8785,0
25237,16114,0,731,399107677,399107.8865,0
25210,16114,0,731,399107685,399107.8945,0
25187,16114,0,732,399107692,399107.9024,0
25170,16116,0,734,399107700,399107.9105,0
25158,16116,0,734,399107707,399107.9184,0
25152,16116,0,737,399107715,399107.9264,0
25149,16116,0,737,399107722,399107.9304,0
25149,16117,0,738,399107730,399107.9384,0
25149,16117,0,738,399107737,399107.9464,0
25149,16117,0,736,399107745,399107.9543,0
25149,16117,0,736,399107752,399107.9623,0
25149,16117,0,736,399107760,399107.9703,0
25149,16117,0,735,399107767,399107.9783,0
25157,16117,0,735,399107775,399107.9863,0
25171,16117,0,735,399107782,399107.9902,0
25192,16117,0,735,399107790,399107.9982,0
25222,16117,0,736,399107797,399108.0062,0
25259,16117,0,736,399107805,399108.0142,0
25306,16117,0,736,399107812,399108.0222,0
25359,16117,0,736,399107820,399108.0301,0
25421,16117,0,738,399107827,399108.0381,0
25485,16114,0,736,399107835,399108.0461,0
25553,16112,0,737,399107842,399108.0541,0
25622,16110,0,737,399107850,399108.0581,0
25692,16107,0,737,399107857,399108.066,0
25763,16104,0,736,399107865,399108.0741,0
25835,16101,0,736,399107873,399108.082,0
25909,16099,0,737,399107880,399108.0901,0
25986,16097,0,737,399107888,399108.0989,0
26064,16093,0,737,399107895,399108.1069,0
26143,16092,0,738,399107903,399108.1148,0
26224,16091,0,739,399107910,399108.1188,0
26307,16089,0,738,399107918,399108.1268,0
26389,16088,0,737,399107925,399108.1348,0
26473,16085,0,736,399107933,399108.1428,0
26563,16084,0,735,399107940,399108.1508,0
26659,16082,0,736,399107948,399108.1588,0
26764,16080,0,737,399107955,399108.1668,0
26878,16077,0,738,399107963,399108.1748,0
27002,16073,0,737,399107970,399108.1828,0
27136,16070,0,738,399107978,399108.1867,0
27271,16065,0,738,399107985,399108.1947,0
27410,16061,0,740,399107993,399108.2027,0
27548,16058,0,741,399108000,399108.2106,0
27689,16054,0,739,399108008,399108.2186,0
27827,16050,0,738,399108015,399108.2266,0
27966,16046,0,736,399108023,399108.2346,0
28106,16043,0,736,399108030,399108.2426,0
28249,16039,0,736,399108038,399108.2466,0
28393,16035,0,735,399108045,399108.2545,0
28539,16031,0,739,399108053,399108.2625,0
28684,16026,0,740,399108060,399108.2705,0
28831,16022,0,741,399108068,399108.2785,0
28977,16019,0,739,399108076,399108.2864,0
29125,16015,0,738,399108083,399108.2944,0
29270,16011,0,737,399108091,399108.3024,0
29418,16009,0,737,399108098,399108.3064,0
29568,16005,0,738,399108106,399108.3144,0
29716,16002,0,738,399108113,399108.3223,0
29868,15999,0,740,399108121,399108.3303,0
30019,15994,0,740,399108128,399108.3383,0
30172,15991,0,743,399108136,399108.3463,0
30327,15987,0,739,399108143,399108.3543,0
30484,15983,0,739,399108151,399108.3622,0
30644,15980,0,737,399108158,399108.3702,0
30804,15976,0,737,399108166,399108.3742,0
30967,15973,0,739,399108173,399108.3822,0
31130,15968,0,740,399108181,399108.3902,0
31295,15965,0,741,399108188,399108.3981,0
31460,15961,0,743,399108196,399108.4061,0
31623,15957,0,739,399108203,399108.4141,0
31786,15953,0,738,399108211,399108.4221,0
31945,15948,0,736,399108218,399108.4301,0
32101,15945,0,737,399108226,399108.4341,0
32256,15942,0,739,399108233,399108.442,0
32410,15937,0,740,399108241,399108.451,0
32565,15935,0,742,399108248,399108.4589,0
32721,15932,0,743,399108256,399108.4669,0
32876,15928,0,742,399108263,399108.4749,0
33032,15926,0,740,399108271,399108.4829,0
33185,15924,0,739,399108279,399108.4909,0
33334,15924,0,739,399108286,399108.4989,0
33479,15923,0,741,399108294,399108.5029,0
33621,15922,0,743,399108301,399108.5108,0
33758,15921,0,744,399108309,399108.5188,0
33888,15919,0,746,399108316,399108.5268,0
34012,15917,0,747,399108324,399108.5348,0
34127,15915,0,743,399108331,399108.5428,0
34236,15913,0,743,399108339,399108.5508,0
34333,15912,0,742,399108346,399108.5587,0
34421,15909,0,742,399108354,399108.5629,0
34498,15908,0,742,399108361,399108.5708,0
34568,15908,0,742,399108369,399108.5786,0
34632,15907,0,743,399108376,399108.5868,0
34694,15906,0,743,399108384,399108.5948,0
34757,15906,0,744,399108391,399108.6028,0
34822,15905,0,745,399108399,399108.6107,0
34886,15904,0,747,399108406,399108.6187,0
34952,15902,0,749,399108414,399108.6227,0
35016,15900,0,748,399108421,399108.6307,0
35073,15899,0,748,399108429,399108.6387,0
35124,15898,0,748,399108436,399108.6466,0
35168,15898,0,748,399108444,399108.6546,0
35205,15897,0,746,399108451,399108.6626,0
35235,15897,0,745,399108459,399108.6705,0
35257,15896,0,744,399108466,399108.6786,0
35271,15896,0,743,399108474,399108.6865,0
35280,15895,0,743,399108481,399108.6905,0
35284,15894,0,742,399108489,399108.6985,0
35285,15894,0,743,399108497,399108.7065,0
35285,15893,0,743,399108504,399108.7145,0
35285,15892,0,740,399108512,399108.7224,0
35271,15892,0,739,399108519,399108.7304,0
35248,15892,0,739,399108527,399108.7384,0
35218,15892,0,738,399108534,399108.7464,0
35177,15892,0,737,399108542,399108.7504,0
35128,15892,0,737,399108549,399108.7583,0
35070,15892,0,736,399108557,399108.7663,0
35006,15892,0,732,399108564,399108.7743,0
34935,15892,0,732,399108572,399108.7823,0
34862,15892,0,732,399108579,399108.7902,0
34786,15892,0,730,399108587,399108.7982,0
34709,15893,0,731,399108594,399108.8062,0
34630,15894,0,732,399108602,399108.8142,0
34550,15895,0,733,399108609,399108.8182,0
34471,15897,0,734,399108617,399108.8261,0
34390,15898,0,734,399108624,399108.8342,0
34308,15899,0,735,399108632,399108.8421,0
34226,15900,0,736,399108639,399108.8501,0
34142,15900,0,738,399108647,399108.8581,0
34056,15900,0,739,399108654,399108.8661,0
33966,15900,0,740,399108662,399108.874,0
33872,15900,0,741,399108669,399108.878,0
33776,15900,0,742,399108677,399108.887,0
33679,15900,0,737,399108684,399108.894,0
33578,15900,0,737,399108692,399108.903,0
33475,15902,0,736,399108700,399108.91,0
33374,15904,0,737,399108707,399108.9189,0
33270,15906,0,738,399108715,399108.9269,0
33165,15908,0,738,399108722,399108.9349,0
33061,15912,0,740,399108730,399108.9429,0
32955,15914,0,741,399108737,399108.9469,0
32846,15916,0,742,399108745,399108.9549,0
32737,15918,0,744,399108752,399108.9628,0
32623,15921,0,745,399108760,399108.9708,0
32508,15924,0,746,399108767,399108.9785,0
32389,15926,0,745,399108775,399108.9867,0
32266,15928,0,743,399108782,399108.9947,0
32139,15932,0,743,399108790,399109.0027,0
32010,15935,0,743,399108797,399109.0067,0
31874,15939,0,743,399108805,399109.0147,0
31735,15943,0,743,399108812,399109.0226,0
31587,15946,0,743,399108820,399109.0307,0
31436,15951,0,744,399108827,399109.0386,0
31282,15954,0,745,399108835,399109.0466,0
31124,15957,0,745,399108842,399109.0545,0
30963,15961,0,741,399108850,399109.0625,0
30800,15964,0,739,399108857,399109.0665,0
30638,15968,0,737,399108865,399109.0745,0
30475,15972,0,737,399108872,399109.0825,0
30309,15975,0,738,399108880,399109.0904,0
30144,15978,0,738,399108887,399109.0984,0
29981,15983,0,738,399108895,399109.1065,0
29821,15986,0,737,399108902,399109.1144,0
29663,15991,0,734,399108910,399109.1224,0
29508,15994,0,732,399108918,399109.1303,0
29359,15997,0,731,399108925,399109.1343,0
29214,16001,0,731,399108933,399109.1423,0
29070,16004,0,733,399108940,399109.1503,0
28927,16007,0,735,399108948,399109.1583,0
28787,16010,0,737,399108955,399109.1663,0
28649,16013,0,737,399108963,399109.1743,0
28514,16016,0,736,399108970,399109.1822,0
28382,16020,0,735,399108978,399109.1902,0
28253,16024,0,734,399108985,399109.1942,0
28131,16027,0,734,399108993,399109.2022,0
28011,16032,0,735,399109000,399109.2102,0
27901,16035,0,736,399109008,399109.2181,0
27796,16039,0,738,399109015,399109.2261,0
27697,16042,0,739,399109023,399109.2341,0
27607,16044,0,740,399109030,399109.2421,0
27522,16046,0,741,399109038,399109.2501,0
27446,16049,0,740,399109045,399109.258,0
27376,16051,0,741,399109053,399109.262,0
27313,16052,0,738,399109060,399109.27,0
27257,16054,0,737,399109068,399109.2786,0
27212,16055,0,737,399109075,399109.2869,0
27176,16055,0,737,399109083,399109.2949,0
27150,16056,0,737,399109090,399109.3029,0
27132,16056,0,739,399109098,399109.3109,0
27122,16056,0,739,399109105,399109.3189,0
27116,16056,0,741,399109113,399109.3229,0
27115,16056,0,743,399109121,399109.3308,0
27115,16056,0,746,399109128,399109.3388,0
27115,16056,0,750,399109136,399109.3468,0
27115,16056,0,753,399109143,399109.3547,0
27115,16056,0,754,399109151,399109.3628,0
27115,16056,0,754,399109158,399109.3707,0
27115,16056,0,754,399109166,399109.3785,0
27123,16056,0,752,399109173,399109.3827,0
27134,16056,0,750,399109181,399109.3907,0
27153,16056,0,747,399109188,399109.3987,0
27176,16056,0,746,399109196,399109.4066,0
27205,16056,0,744,399109203,399109.4146,0
27239,16056,0,743,399109211,399109.4226,0
27277,16056,0,741,399109218,399109.4306,0
27319,16056,0,740,399109226,399109.4385,0
27365,16056,0,739,399109233,399109.4466,0
27415,16056,0,739,399109241,399109.4505,0
27468,16056,0,739,399109248,399109.4585,0
27527,16056,0,740,399109256,399109.4665,0
27593,16055,0,736,399109263,399109.4744,0
27665,16053,0,736,399109271,399109.4824,0
27745,16052,0,735,399109278,399109.4904,0
27834,16049,0,735,399109286,399109.4984,0
27931,16046,0,734,399109293,399109.5064,0
28037,16043,0,734,399109301,399109.5104,0
28153,16041,0,734,399109308,399109.5183,0
28277,16038,0,735,399109316,399109.5263,0
28415,16034,0,735,399109324,399109.5343,0
28561,16031,0,737,399109331,399109.5422,0
28720,16027,0,738,399109339,399109.5502,0
28888,16023,0,738,399109346,399109.5582,0
29065,16019,0,736,399109354,399109.5662,0
29251,16014,0,735,399109361,399109.5742,0
29443,16009,0,735,399109369,399109.5782,0
29641,16003,0,737,399109376,399109.5861,0
29844,15997,0,739,399109384,399109.5942,0
30051,15992,0,741,399109391,399109.6021,0
30263,15986,0,744,399109399,399109.6101,0
30475,15981,0,740,399109406,399109.618,0
30691,15976,0,741,399109414,399109.626,0
30906,15972,0,740,399109421,399109.635,0
31123,15967,0,745,399109429,399109.639,0
31340,15963,0,749,399109436,399109.647,0
31554,15957,0,753,399109444,399109.655,0
31764,15953,0,750,399109451,399109.6629,0
31968,15948,0,750,399109459,399109.6709,0
32166,15944,0,748,399109466,399109.6785,0
32355,15941,0,750,399109474,399109.6868,0
32535,15936,0,751,399109481,399109.6948,0
32702,15933,0,751,399109489,399109.7028,0
32857,15929,0,747,399109496,399109.7068,0
32998,15926,0,742,399109504,399109.7148,0
33122,15924,0,736,399109511,399109.7228,0
33227,15922,0,732,399109519,399109.7308,0
33312,15921,0,729,399109526,399109.7387,0
33376,15919,0,727,399109534,399109.7467,0
33423,15918,0,724,399109542,399109.7547,0
33452,15917,0,721,399109549,399109.7627,0
33470,15916,0,720,399109557,399109.7667,0
33478,15915,0,718,399109564,399109.7746,0
33481,15915,0,720,399109572,399109.7826,0
33482,15915,0,721,399109579,399109.7906,0
33482,15914,0,722,399109587,399109.7986,0
33482,15914,0,726,399109594,399109.8065,0
33478,15914,0,729,399109602,399109.8146,0
33462,15914,0,731,399109609,399109.8225,0
33436,15914,0,732,399109617,399109.8265,0
33397,15914,0,731,399109624,399109.8345,0
33343,15914,0,730,399109632,399109.8424,0
33275,15914,0,729,399109639,399109.8504,0
33192,15914,0,729,399109647,399109.8584,0
33098,15914,0,728,399109654,399109.8664,0
32992,15915,0,727,399109662,399109.8744,0
32877,15918,0,727,399109669,399109.8823,0
32754,15923,0,728,399109677,399109.8903,0
32625,15925,0,729,399109684,399109.8943,0
32490,15929,0,731,399109692,399109.9023,0
32355,15933,0,730,399109699,399109.9103,0
32216,15936,0,729,399109707,399109.9182,0
32076,15939,0,729,399109714,399109.9262,0
31943,15943,0,729,399109722,399109.9342,0
31813,15946,0,731,399109729,399109.9422,0
31687,15949,0,734,399109737,399109.9502,0
31568,15953,0,735,399109745,399109.9541,0
31454,15955,0,738,399109752,399109.9621,0
31352,15957,0,736,399109760,399109.9701,0
31262,15958,0,738,399109767,399109.9781,0
31186,15961,0,738,399109775,399109.9861,0
31127,15961,0,735,399109782,399109.994,0
31082,15962,0,736,399109790,399110.003,0
31056,15963,0,736,399109797,399110.011,0
31040,15963,0,738,399109805,399110.019,0
31033,15963,0,743,399109812,399110.0229,0
31032,15963,0,747,399109820,399110.0309,0
31032,15963,0,751,399109827,399110.0389,0
31032,15963,0,752,399109835,399110.0469,0
31032,15963,0,749,399109842,399110.0549,0
31032,15963,0,748,399109850,399110.0629,0
31037,15963,0,747,399109857,399110.0709,0
31052,15963,0,749,399109865,399110.0786,0
31075,15963,0,749,399109872,399110.0828,0
31109,15963,0,750,399109880,399110.0908,0
31159,15963,0,750,399109887,399110.0988,0
31220,15963,0,751,399109895,399110.1067,0
31299,15963,0,751,399109902,399110.1149,0
31389,15963,0,752,399109910,399110.1229,0
31491,15962,0,751,399109917,399110.1308,0
31602,15960,0,749,399109925,399110.1388,0
31717,15956,0,748,399109932,399110.1428,0
31835,15954,0,748,399109940,399110.1508,0
31954,15952,0,748,399109947,399110.1588,0
32071,15949,0,749,399109955,399110.1668,0
32186,15947,0,750,399109963,399110.1747,0
32298,15945,0,752,399109970,399110.1827,0
32407,15944,0,752,399109978,399110.1907,0
32512,15942,0,754,399109985,399110.1986,0
32615,15938,0,755,399109993,399110.2066,0
32712,15935,0,756,399110000,399110.2106,0
32807,15933,0,753,399110008,399110.2186,0
32899,15929,0,752,399110015,399110.2265,0
32992,15927,0,751,399110023,399110.2345,0
33084,15924,0,752,399110030,399110.2425,0
33176,15922,0,751,399110038,399110.2504,0
33271,15919,0,751,399110045,399110.2585,0
33370,15917,0,753,399110053,399110.2665,0
33471,15916,0,752,399110060,399110.2705,0
33577,15913,0,751,399110068,399110.2784,0
33685,15912,0,751,399110075,399110.2864,0
33797,15908,0,751,399110083,399110.2944,0
33909,15906,0,751,399110090,399110.3024,0
34018,15904,0,750,399110098,399110.3103,0
34121,15900,0,743,399110105,399110.3183,0
34215,15898,0,742,399110113,399110.3263,0
34295,15897,0,740,399110120,399110.3342,0
34359,15896,0,739,399110128,399110.3382,0
34406,15896,0,740,399110135,399110.3463,0
34438,15896,0,740,399110143,399110.3542,0
34456,15896,0,740,399110150,399110.3622,0
34461,15896,0,740,399110158,399110.3702,0
34461,15896,0,740,399110166,399110.3782,0
34455,15896,0,736,399110173,399110.3861,0
34435,15896,0,736,399110181,399110.3941,0
34406,15896,0,736,399110188,399110.398,0
34368,15896,0,736,399110196,399110.406,0
34323,15896,0,735,399110203,399110.4141,0
34270,15896,0,736,399110211,399110.422,0
34212,15896,0,736,399110218,399110.43,0
34147,15896,0,735,399110226,399110.438,0
34073,15896,0,735,399110233,399110.446,0
33988,15896,0,735,399110241,399110.455,0
33891,15897,0,737,399110248,399110.4622,0
33783,15899,0,738,399110256,399110.466,0
33662,15902,0,737,399110263,399110.474,0
33526,15904,0,736,399110271,399110.482,0
33378,15908,0,735,399110278,399110.491,0
33223,15912,0,734,399110286,399110.499,0
33063,15916,0,736,399110293,399110.5069,0
32898,15919,0,737,399110301,399110.5149,0
32735,15924,0,738,399110308,399110.5229,0
32579,15927,0,743,399110316,399110.5269,0
32431,15931,0,745,399110323,399110.5349,0
32291,15934,0,745,399110331,399110.5429,0
32155,15937,0,745,399110338,399110.5508,0
32025,15941,0,746,399110346,399110.5588,0
31893,15944,0,747,399110353,399110.5668,0
31760,15948,0,748,399110361,399110.5748,0
31622,15952,0,749,399110369,399110.5828,0
31479,15956,0,752,399110376,399110.5867,0
31332,15958,0,752,399110384,399110.5947,0
31185,15963,0,753,399110391,399110.6027,0
31038,15966,0,752,399110399,399110.6107,0
30891,15970,0,748,399110406,399110.6187,0
30750,15972,0,747,399110414,399110.6266,0
30617,15975,0,746,399110421,399110.6346,0
30490,15977,0,746,399110429,399110.6426,0
30369,15980,0,743,399110436,399110.6506,0
30255,15982,0,740,399110444,399110.6546,0
30142,15984,0,739,399110451,399110.6625,0
30034,15986,0,739,399110459,399110.6705,0
29928,15988,0,741,399110466,399110.6785,0
29826,15990,0,741,399110474,399110.6865,0
29726,15992,0,738,399110481,399110.6945,0
29631,15994,0,739,399110489,399110.7024,0
29541,15996,0,738,399110496,399110.7104,0
29454,15999,0,738,399110504,399110.7144,0
29368,16000,0,739,399110511,399110.7224,0
29280,16002,0,739,399110519,399110.7304,0
29191,16004,0,740,399110526,399110.7384,0
29100,16006,0,741,399110534,399110.7463,0
29004,16010,0,741,399110541,399110.7543,0
28906,16012,0,742,399110549,399110.7623,0
28802,16015,0,743,399110556,399110.7702,0
28695,16017,0,745,399110564,399110.7782,0
28585,16021,0,747,399110571,399110.7822,0
28475,16024,0,743,399110579,399110.7902,0
28365,16027,0,743,399110587,399110.7982,0
28254,16030,0,744,399110594,399110.8061,0
28147,16034,0,744,399110602,399110.8142,0
28042,16038,0,747,399110609,399110.8221,0
27941,16040,0,747,399110617,399110.8301,0
27841,16043,0,749,399110624,399110.8381,0
27743,16045,0,749,399110632,399110.8421,0
27644,16049,0,750,399110639,399110.8501,0
27543,16051,0,751,399110647,399110.858,0
27439,16054,0,751,399110654,399110.866,0
27330,16056,0,751,399110662,399110.874,0
27217,16060,0,748,399110669,399110.882,0
27101,16062,0,747,399110677,399110.89,0
26982,16065,0,745,399110684,399110.8989,0
26861,16068,0,745,399110692,399110.9029,0
26735,16071,0,745,399110699,399110.9108,0
26608,16073,0,745,399110707,399110.9189,0
26479,16077,0,748,399110714,399110.9268,0
26343,16080,0,749,399110722,399110.9348,0
26207,16083,0,750,399110729,399110.9428,0
26071,16088,0,752,399110737,399110.9508,0
25938,16093,0,750,399110744,399110.9587,0
25806,16100,0,748,399110752,399110.9667,0
25678,16108,0,747,399110759,399110.9707,0
25558,16116,0,746,399110767,399110.9785,0
25441,16123,0,747,399110774,399110.9867,0
25328,16131,0,746,399110782,399110.9947,0
25221,16138,0,748,399110790,399111.0026,0
25124,16144,0,750,399110797,399111.0106,0
25034,16151,0,751,399110805,399111.0186,0
24949,16156,0,752,399110812,399111.0266,0
24875,16160,0,752,399110820,399111.0306,0
24806,16163,0,753,399110827,399111.0385,0
24745,16166,0,749,399110835,399111.0465,0
24685,16167,0,748,399110842,399111.0545,0
24634,16168,0,748,399110850,399111.0625,0
24587,16168,0,748,399110857,399111.0704,0
24545,16168,0,747,399110865,399111.0784,0
24511,16168,0,746,399110872,399111.0864,0
24482,16168,0,748,399110880,399111.0944,0
24462,16168,0,748,399110887,399111.0984,0
24449,16168,0,748,399110895,399111.1063,0
24440,16168,0,749,399110902,399111.1143,0
24437,16168,0,748,399110910,399111.1223,0
24437,16168,0,749,399110917,399111.1303,0
24437,16168,0,749,399110925,399111.1383,0
24437,16168,0,749,399110932,399111.1462,0
24445,16168,0,744,399110940,399111.1542,0
24469,16168,0,748,399110947,399111.1582,0
24503,16168,0,749,399110955,399111.1662,0
24549,16166,0,749,399110962,399111.1742,0
24608,16163,0,749,399110970,399111.1822,0
24678,16161,0,750,399110977,399111.1901,0
24754,16159,0,750,399110985,399111.1981,0
24837,16157,0,751,399110993,399111.2061,0
24923,16156,0,751,399111000,399111.2141,0
25013,16155,0,752,399111008,399111.2181,0
25105,16153,0,749,399111015,399111.226,0
25198,16152,0,748,399111023,399111.235,0
25294,16151,0,748,399111030,399111.242,0
25391,16149,0,747,399111038,399111.25,0
25489,16147,0,748,399111045,399111.258,0
25587,16144,0,747,399111053,399111.267,0
25684,16140,0,748,399111060,399111.2749,0
25783,16137,0,749,399111068,399111.2829,0
25885,16132,0,750,399111075,399111.2869,0
25990,16129,0,750,399111083,399111.2949,0
26100,16126,0,751,399111090,399111.3028,0
26215,16123,0,753,399111098,399111.3108,0
26337,16120,0,754,399111105,399111.3188,0
26464,16118,0,749,399111113,399111.3268,0
26595,16114,0,748,399111120,399111.3347,0
26730,16111,0,746,399111128,399111.3427,0
26867,16108,0,748,399111135,399111.3467,0
27005,16103,0,749,399111143,399111.3547,0
27147,16100,0,750,399111150,399111.3627,0
27286,16094,0,752,399111158,399111.3707,0
27426,16090,0,754,399111165,399111.3786,0
27567,16085,0,755,399111173,399111.3866,0
27710,16080,0,752,399111180,399111.3946,0
27854,16074,0,750,399111188,399111.4026,0
27999,16069,0,749,399111195,399111.4105,0
28147,16064,0,749,399111203,399111.4145,0
28296,16061,0,749,399111211,399111.4225,0
28444,16055,0,750,399111218,399111.4305,0
28590,16051,0,751,399111226,399111.4385,0
28736,16048,0,754,399111233,399111.4465,0
28879,16043,0,755,399111241,399111.4544,0
29021,16040,0,752,399111248,399111.4624,0
29163,16036,0,750,399111256,399111.4704,0
29305,16033,0,749,399111263,399111.4744,0
29449,16031,0,750,399111271,399111.4826,0
29597,16027,0,751,399111278,399111.4906,0
29747,16025,0,751,399111286,399111.4985,0
29902,16022,0,754,399111293,399111.5065,0
30065,16020,0,755,399111301,399111.5145,0
30234,16017,0,756,399111308,399111.5225,0
30409,16014,0,752,399111316,399111.5305,0
30586,16012,0,750,399111323,399111.5384,0
30767,16011,0,750,399111331,399111.5424,0
30947,16009,0,751,399111338,399111.5504,0
31127,16007,0,752,399111346,399111.5584,0
31304,16005,0,754,399111353,399111.5664,0
31477,16003,0,754,399111361,399111.5743,0
31644,16001,0,748,399111368,399111.5823,0
31807,15999,0,743,399111376,399111.5903,0
31966,15996,0,739,399111383,399111.5983,0
32120,15992,0,737,399111391,399111.6023,0
32271,15987,0,737,399111398,399111.6103,0
32421,15983,0,738,399111406,399111.6182,0
32572,15977,0,739,399111414,399111.6262,0
32721,15973,0,740,399111421,399111.6342,0
32867,15968,0,738,399111429,399111.6422,0
33011,15964,0,736,399111436,399111.6501,0
33148,15961,0,735,399111444,399111.6581,0
33276,15957,0,735,399111451,399111.6621,0
33396,15954,0,736,399111459,399111.6701,0
33502,15952,0,738,399111466,399111.6781,0
33598,15949,0,739,399111474,399111.6861,0
33681,15946,0,740,399111481,399111.6942,0
33758,15943,0,741,399111489,399111.702,0
33826,15939,0,742,399111496,399111.71,0
33887,15936,0,742,399111504,399111.719,0
33943,15933,0,742,399111511,399111.727,0
33992,15929,0,740,399111519,399111.731,0
34037,15928,0,739,399111526,399111.7389,0
34077,15926,0,740,399111534,399111.7469,0
34113,15925,0,739,399111541,399111.7549,0
34142,15925,0,739,399111549,399111.7629,0
34164,15925,0,738,399111556,399111.7708,0
34180,15924,0,738,399111564,399111.7787,0
34193,15923,0,738,399111571,399111.7868,0
34199,15922,0,738,399111579,399111.7908,0
34203,15921,0,738,399111586,399111.7987,0
34204,15919,0,740,399111594,399111.8067,0
34204,15918,0,740,399111601,399111.8147,0
34204,15918,0,741,399111609,399111.8227,0
34204,15918,0,741,399111616,399111.8307,0
34201,15918,0,741,399111624,399111.8386,0
34185,15918,0,741,399111632,399111.8466,0
34159,15918,0,744,399111639,399111.8546,0
34124,15918,0,744,399111647,399111.8586,0
34077,15918,0,744,399111654,399111.8666,0
34019,15919,0,741,399111662,399111.8745,0
33951,15923,0,741,399111669,399111.8825,0
33879,15927,0,741,399111677,399111.8905,0
33801,15931,0,740,399111684,399111.8985,0
33723,15934,0,739,399111692,399111.9065,0
33645,15936,0,738,399111699,399111.9145,0
33567,15937,0,737,399111707,399111.9184,0
33492,15939,0,737,399111714,399111.9264,0
33420,15939,0,736,399111722,399111.9344,0
33351,15941,0,737,399111729,399111.9424,0
33287,15942,0,737,399111737,399111.9504,0
33229,15942,0,738,399111744,399111.9583,0
33176,15942,0,739,399111752,399111.9663,0
33132,15942,0,740,399111759,399111.9743,0
33095,15942,0,741,399111767,399111.9783,0
33066,15942,0,745,399111774,399111.9863,0
33042,15942,0,746,399111782,399111.9943,0
33025,15942,0,748,399111789,399112.0022,0
33011,15942,0,749,399111797,399112.0102,0
33000,15942,0,749,399111804,399112.0182,0
32990,15942,0,750,399111812,399112.0262,0
32978,15942,0,750,399111819,399112.0341,0
32962,15942,0,751,399111827,399112.0421,0
32941,15942,0,751,399111835,399112.0461,0
32915,15942,0,751,399111842,399112.0541,0
32883,15942,0,751,399111850,399112.063,0
32850,15942,0,751,399111857,399112.071,0
32812,15942,0,750,399111865,399112.078,0
32774,15942,0,750,399111872,399112.086,0
32735,15942,0,750,399111880,399112.094,0
32696,15942,0,750,399111887,399112.1029,0
32659,15942,0,750,399111895,399112.1069,0
32623,15942,0,750,399111902,399112.1149,0
32590,15942,0,750,399111910,399112.1228,0
32561,15942,0,750,399111917,399112.1308,0
32532,15942,0,747,399111925,399112.1388,0
32506,15942,0,747,399111932,399112.1468,0
32482,15942,0,745,399111940,399112.1548,0
32456,15942,0,744,399111947,399112.1628,0
32427,15942,0,743,399111955,399112.1708,0
32395,15942,0,741,399111962,399112.1747,0
32360,15942,0,740,399111970,399112.1827,0
32318,15942,0,740,399111977,399112.1907,0
32270,15943,0,740,399111985,399112.1987,0
32217,15944,0,740,399111992,399112.2067,0
32158,15946,0,740,399112000,399112.2146,0
32090,15948,0,740,399112007,399112.2226,0
32016,15951,0,741,399112015,399112.2306,0
31936,15953,0,742,399112022,399112.2346,0
31850,15955,0,743,399112030,399112.2426,0
31757,15958,0,744,399112038,399112.2505,0
31661,15962,0,744,399112045,399112.2585,0
31562,15965,0,746,399112053,399112.2665,0
31462,15968,0,747,399112060,399112.2745,0
31358,15972,0,747,399112068,399112.2825,0
31255,15975,0,749,399112075,399112.2905,0
31151,15978,0,750,399112083,399112.2944,0
31048,15982,0,745,399112090,399112.3024,0
30942,15986,0,744,399112098,399112.3103,0
30835,15990,0,743,399112105,399112.3183,0
30726,15994,0,743,399112113,399112.3264,0
30617,16001,0,744,399112120,399112.3343,0
30506,16004,0,745,399112128,399112.3423,0
30392,16010,0,747,399112135,399112.3503,0
30278,16014,0,748,399112143,399112.3582,0
30161,16017,0,753,399112150,399112.3622,0
30044,16022,0,757,399112158,399112.3702,0
29927,16025,0,759,399112165,399112.3782,0
29807,16030,0,759,399112173,399112.3861,0
29687,16033,0,757,399112180,399112.3941,0
29563,16036,0,754,399112188,399112.4021,0
29439,16040,0,753,399112195,399112.41,0
29312,16043,0,749,399112203,399112.4181,0
29179,16048,0,746,399112210,399112.4221,0
29044,16051,0,744,399112218,399112.4301,0
28902,16053,0,742,399112225,399112.4381,0
28755,16056,0,743,399112233,399112.446,0
28609,16060,0,743,399112240,399112.454,0
28460,16063,0,739,399112248,399112.463,0
28309,16065,0,738,399112256,399112.4709,0
28162,16068,0,738,399112263,399112.4787,0
28019,16071,0,739,399112271,399112.4869,0
27880,16073,0,741,399112278,399112.4909,0
27745,16075,0,744,399112286,399112.4989,0
27613,16078,0,748,399112293,399112.5068,0
27487,16080,0,750,399112301,399112.5149,0
27365,16081,0,752,399112308,399112.5228,0
27244,16084,0,750,399112316,399112.5308,0
27124,16088,0,748,399112323,399112.5388,0
27004,16092,0,748,399112331,399112.5468,0
26884,16095,0,745,399112338,399112.5507,0
26761,16099,0,744,399112346,399112.5587,0
26633,16103,0,744,399112353,399112.5667,0
26504,16107,0,743,399112361,399112.5746,0
26369,16110,0,742,399112368,399112.5826,0
26235,16112,0,743,399112376,399112.5906,0
26098,16114,0,745,399112383,399112.5985,0
25964,16117,0,743,399112391,399112.6065,0
25830,16118,0,741,399112398,399112.6145,0
25697,16118,0,740,399112406,399112.6185,0
25566,16119,0,741,399112413,399112.6266,0
25434,16120,0,742,399112421,399112.6345,0
25301,16120,0,743,399112428,399112.6424,0
25168,16121,0,745,399112436,399112.6505,0
25035,16121,0,745,399112443,399112.6584,0
24906,16121,0,746,399112451,399112.6664,0
24783,16122,0,746,399112459,399112.6744,0
24668,16122,0,742,399112466,399112.6784,0
24563,16123,0,742,399112474,399112.6864,0
24471,16123,0,740,399112481,399112.6943,0
24392,16126,0,740,399112489,399112.7023,0
24328,16127,0,742,399112496,399112.7103,0
24276,16128,0,741,399112504,399112.7183,0
24238,16129,0,743,399112511,399112.7263,0
24212,16130,0,743,399112519,399112.7342,0
24196,16130,0,744,399112526,399112.7382,0
24189,16130,0,744,399112534,399112.7462,0
24185,16131,0,745,399112541,399112.7542,0
24185,16131,0,745,399112549,399112.7622,0
24185,16131,0,747,399112556,399112.7701,0
24185,16131,0,748,399112564,399112.7781,0
24185,16131,0,751,399112571,399112.7861,0
24191,16131,0,750,399112579,399112.7941,0
24214,16131,0,750,399112586,399112.8021,0
24248,16131,0,751,399112594,399112.8061,0
24297,16131,0,751,399112601,399112.8141,0
24365,16131,0,752,399112609,399112.822,0
24448,16131,0,754,399112616,399112.83,0
24541,16131,0,754,399112624,399112.838,0
24647,16131,0,756,399112631,399112.846,0
24762,16131,0,757,399112639,399112.8549,0
24885,16128,0,758,399112646,399112.8621,0
25012,16124,0,758,399112654,399112.8669,0
25144,16121,0,755,399112661,399112.8749,0
25279,16118,0,752,399112669,399112.8828,0
25416,16113,0,750,399112677,399112.8908,0
25553,16111,0,748,399112684,399112.8988,0
25691,16108,0,748,399112692,399112.9068,0
25827,16104,0,748,399112699,399112.9149,0
25965,16101,0,750,399112707,399112.9229,0
26098,16097,0,753,399112714,399112.9309,0
26233,16093,0,754,399112722,399112.9349,0
26366,16090,0,756,399112729,399112.9429,0
26497,16085,0,753,399112737,399112.9508,0
26630,16082,0,751,399112744,399112.9588,0
26762,16078,0,749,399112752,399112.9668,0
26899,16074,0,752,399112759,399112.9747,0
27038,16071,0,752,399112767,399112.9827,0
27180,16069,0,754,399112774,399112.9907,0
27323,16064,0,754,399112782,399112.9947,0
27466,16061,0,755,399112789,399113.0027,0
27607,16058,0,757,399112797,399113.0106,0
27745,16055,0,751,399112804,399113.0186,0
27878,16051,0,750,399112812,399113.0266,0
28006,16048,0,751,399112819,399113.0346,0
28131,16045,0,750,399112827,399113.0426,0
28249,16042,0,752,399112834,399113.0506,0
28364,16039,0,752,399112842,399113.0545,0
28473,16035,0,754,399112849,399113.0625,0
28580,16033,0,755,399112857,399113.0705,0
28686,16031,0,756,399112864,399113.0785,0
28791,16029,0,757,399112872,399113.0866,0
28897,16026,0,757,399112880,399113.0946,0
29005,16024,0,755,399112887,399113.1026,0
29114,16021,0,754,399112895,399113.1106,0
29225,16019,0,752,399112902,399113.1185,0
29338,16015,0,753,399112910,399113.1225,0
29453,16012,0,753,399112917,399113.1305,0
29568,16009,0,754,399112925,399113.1385,0
29685,16005,0,755,399112932,399113.1465,0
29806,16002,0,756,399112940,399113.1544,0
29928,15997,0,758,399112947,399113.1624,0
30053,15995,0,759,399112955,399113.1704,0
30177,15992,0,759,399112962,399113.1784,0
30301,15988,0,756,399112970,399113.1824,0
30425,15985,0,754,399112977,399113.1903,0
30542,15983,0,753,399112985,399113.1983,0
30657,15980,0,754,399112992,399113.2063,0
30768,15977,0,754,399113000,399113.2143,0
30877,15975,0,754,399113007,399113.2222,0
30984,15974,0,756,399113015,399113.2302,0
31091,15973,0,755,399113022,399113.2382,0
31199,15972,0,756,399113030,399113.2462,0
31309,15972,0,757,399113037,399113.2502,0
31422,15972,0,758,399113045,399113.2582,0
31538,15972,0,755,399113052,399113.2661,0
31656,15972,0,754,399113060,399113.2741,0
31777,15972,0,753,399113067,399113.2821,0
31901,15972,0,753,399113075,399113.2901,0
32026,15972,0,753,399113083,399113.298,0
32154,15972,0,753,399113090,399113.306,0
32282,15972,0,753,399113098,399113.31,0
32409,15972,0,754,399113105,399113.318,0
32535,15972,0,756,399113113,399113.327,0
32658,15972,0,758,399113120,399113.334,0
32780,15972,0,756,399113128,399113.343,0
32901,15970,0,755,399113135,399113.3509,0
33019,15967,0,755,399113143,399113.3589,0
33137,15964,0,753,399113150,399113.3668,0
33257,15961,0,755,399113158,399113.3708,0
33377,15957,0,755,399113165,399113.3786,0
33502,15954,0,756,399113173,399113.3868,0
33625,15952,0,757,399113180,399113.3948,0
33748,15951,0,758,399113188,399113.4028,0
33869,15948,0,760,399113195,399113.4109,0
33986,15948,0,760,399113203,399113.4187,0
34095,15948,0,756,399113210,399113.4267,0
34199,15948,0,754,399113218,399113.4347,0
34296,15948,0,753,399113225,399113.4387,0
34386,15948,0,753,399113233,399113.4467,0
34471,15948,0,753,399113240,399113.4546,0
34547,15948,0,754,399113248,399113.4626,0
34615,15948,0,755,399113255,399113.4706,0
34674,15948,0,755,399113263,399113.4787,0
34721,15947,0,756,399113270,399113.4865,0
34754,15946,0,756,399113278,399113.4945,0
34775,15945,0,756,399113285,399113.4985,0
34786,15942,0,756,399113293,399113.5065,0
34786,15938,0,754,399113301,399113.5145,0
34785,15935,0,752,399113308,399113.5224,0
34766,15932,0,752,399113316,399113.5304,0
34738,15927,0,752,399113323,399113.5383,0
34708,15923,0,750,399113331,399113.5464,0
34671,15919,0,749,399113338,399113.5543,0
34632,15917,0,749,399113346,399113.562,0
34594,15916,0,750,399113353,399113.5663,0
34556,15915,0,753,399113361,399113.5743,0
34518,15915,0,755,399113368,399113.5823,0
34475,15915,0,755,399113376,399113.5903,0
34429,15915,0,756,399113383,399113.5982,0
34380,15915,0,757,399113391,399113.6062,0
34325,15915,0,757,399113398,399113.6142,0
34264,15915,0,758,399113406,399113.6222,0
34198,15915,0,760,399113413,399113.6262,0
34126,15915,0,763,399113421,399113.6341,0
34049,15915,0,765,399113428,399113.6421,0
33964,15917,0,766,399113436,399113.6501,0
33876,15921,0,767,399113443,399113.6581,0
33785,15924,0,769,399113451,399113.666,0
33693,15927,0,769,399113458,399113.674,0
33599,15932,0,769,399113466,399113.682,0
33505,15935,0,774,399113473,399113.69,0
33412,15939,0,776,399113481,399113.694,0
33318,15944,0,781,399113488,399113.703,0
33223,15948,0,781,399113496,399113.7109,0
33126,15953,0,782,399113504,399113.7189,0
33026,15957,0,784,399113511,399113.7269,0
32925,15963,0,785,399113519,399113.7349,0
32824,15968,0,786,399113526,399113.7429,0
32719,15972,0,788,399113534,399113.7508,0
32613,15975,0,788,399113541,399113.7548,0
32505,15978,0,790,399113549,399113.762,0
32394,15981,0,786,399113556,399113.7708,0
32281,15982,0,783,399113564,399113.7788,0
32163,15983,0,781,399113571,399113.7867,0
32043,15984,0,778,399113579,399113.7947,0
31921,15986,0,777,399113586,399113.8027,0
31798,15987,0,778,399113594,399113.8107,0
31671,15990,0,779,399113601,399113.8146,0
31543,15993,0,780,399113609,399113.8226,0
31412,15994,0,781,399113616,399113.8307,0
31281,15996,0,782,399113624,399113.8386,0
31148,15999,0,785,399113631,399113.8466,0
31013,16000,0,779,399113639,399113.8546,0
30878,16002,0,777,399113646,399113.8625,0
30741,16003,0,777,399113654,399113.8705,0
30604,16004,0,778,399113661,399113.8785,0
30468,16005,0,779,399113669,399113.8825,0
30331,16006,0,779,399113676,399113.8904,0
30193,16007,0,781,399113684,399113.8984,0
30056,16007,0,785,399113691,399113.9064,0
29919,16009,0,785,399113699,399113.9144,0
29783,16010,0,784,399113706,399113.9224,0
29645,16012,0,784,399113714,399113.9304,0
29503,16013,0,781,399113722,399113.9383,0
29364,16015,0,781,399113729,399113.9423,0
29222,16017,0,782,399113737,399113.9503,0
29079,16022,0,782,399113744,399113.9582,0
28933,16024,0,783,399113752,399113.9663,0
28785,16027,0,784,399113759,399113.9742,0
28637,16031,0,784,399113767,399113.9822,0
28488,16034,0,781,399113774,399113.9902,0
28335,16036,0,770,399113782,399113.9982,0
28184,16040,0,763,399113789,399114.0062,0
28034,16042,0,764,399113797,399114.0102,0
27882,16045,0,763,399113804,399114.0182,0
27729,16049,0,764,399113812,399114.0261,0
27577,16052,0,765,399113819,399114.0341,0
27427,16056,0,770,399113827,399114.0421,0
27282,16060,0,767,399113834,399114.0501,0
27142,16064,0,763,399113842,399114.0581,0
27006,16068,0,753,399113849,399114.0661,0
26878,16072,0,751,399113857,399114.0701,0
26754,16077,0,749,399113864,399114.0781,0
26637,16081,0,748,399113872,399114.086,0
26523,16084,0,749,399113879,399114.0941,0
26415,16089,0,751,399113887,399114.102,0
26309,16091,0,753,399113894,399114.111,0
26210,16094,0,755,399113902,399114.1189,0
26121,16098,0,764,399113909,399114.127,0
26040,16100,0,765,399113917,399114.1309,0
25971,16102,0,769,399113925,399114.1389,0
25917,16104,0,772,399113932,399114.1469,0
25878,16107,0,773,399113940,399114.1549,0
25850,16108,0,775,399113947,399114.162,0
25831,16109,0,776,399113955,399114.1708,0
25820,16109,0,777,399113962,399114.1787,0
25815,16110,0,778,399113970,399114.1868,0
25813,16110,0,778,399113977,399114.1948,0
25811,16110,0,778,399113985,399114.1987,0
25811,16110,0,778,399113992,399114.2067,0
25811,16110,0,778,399114000,399114.2147,0
25811,16110,0,779,399114007,399114.2227,0
25811,16110,0,781,399114015,399114.2308,0
25811,16110,0,778,399114022,399114.2386,0
25811,16110,0,777,399114030,399114.2466,0
25814,16110,0,776,399114037,399114.2546,0
25824,16110,0,777,399114045,399114.2586,0
25838,16110,0,779,399114052,399114.2666,0
25859,16110,0,779,399114060,399114.2745,0
25886,16110,0,780,399114067,399114.2827,0
25920,16110,0,780,399114075,399114.2906,0
25957,16110,0,780,399114082,399114.2986,0
25996,16110,0,780,399114090,399114.3066,0
26039,16108,0,779,399114097,399114.3146,0
26080,16104,0,778,399114105,399114.3186,0
26119,16102,0,777,399114112,399114.3265,0
26159,16100,0,775,399114120,399114.3345,0
26196,16098,0,769,399114128,399114.3425,0
26230,16095,0,764,399114135,399114.3505,0
26257,16095,0,762,399114143,399114.3585,0
26282,16095,0,750,399114150,399114.3664,0
26305,16094,0,736,399114158,399114.3744,0
26324,16094,0,729,399114165,399114.3824,0
26341,16094,0,723,399114173,399114.3864,0
26361,16094,0,709,399114180,399114.3944,0
26385,16094,0,688,399114188,399114.4023,0
26415,16094,0,676,399114195,399114.4103,0
26447,16094,0,668,399114203,399114.4183,0
26480,16094,0,668,399114210,399114.4263,0
26511,16093,0,662,399114218,399114.4343,0
26539,16093,0,658,399114225,399114.4423,0
26564,16092,0,659,399114233,399114.4463,0
26584,16092,0,658,399114240,399114.4543,0
26600,16091,0,659,399114248,399114.4623,0
26612,16091,0,659,399114255,399114.4702,0
26623,16090,0,658,399114263,399114.4783,0
26632,16089,0,659,399114270,399114.4862,0
26637,16089,0,659,399114278,399114.4943,0
26642,16089,0,659,399114285,399114.5022,0
26646,16089,0,659,399114293,399114.5101,0
26650,16089,0,659,399114300,399114.5142,0
26658,16089,0,659,399114308,399114.5221,0
26670,16088,0,659,399114315,399114.5301,0
26687,16088,0,658,399114323,399114.5381,0
26709,16087,0,658,399114330,399114.5461,0
26736,16087,0,657,399114338,399114.5541,0
26768,16085,0,657,399114346,399114.563,0
26803,16085,0,657,399114353,399114.5709,0
26842,16084,0,657,399114361,399114.5749,0
26884,16083,0,655,399114368,399114.5829,0
26929,16083,0,655,399114376,399114.5909,0
26978,16082,0,656,399114383,399114.5989,0
27032,16080,0,656,399114391,399114.6069,0
27091,16079,0,654,399114398,399114.6149,0
27158,16077,0,655,399114406,399114.6229,0
27229,16075,0,655,399114413,399114.6309,0
27312,16073,0,658,399114421,399114.6388,0
27400,16071,0,657,399114428,399114.6428,0
27499,16070,0,658,399114436,399114.6508,0
27602,16066,0,661,399114443,399114.6587,0
27712,16063,0,659,399114451,399114.6667,0
27832,16060,0,655,399114458,399114.6747,0
27953,16058,0,656,399114466,399114.6827,0
28083,16053,0,656,399114473,399114.6907,0
28223,16050,0,657,399114481,399114.6987,0
28374,16046,0,659,399114488,399114.7026,0
28532,16042,0,660,399114496,399114.7106,0
28701,16036,0,663,399114503,399114.7186,0
28879,16032,0,670,399114511,399114.7266,0
29062,16027,0,669,399114518,399114.7346,0
29249,16023,0,673,399114526,399114.7425,0
29439,16019,0,688,399114533,399114.7505,0
29630,16014,0,695,399114541,399114.7585,0
29820,16010,0,704,399114549,399114.7665,0
30006,16005,0,709,399114556,399114.7704,0
30189,16001,0,713,399114564,399114.7784,0
30369,15997,0,710,399114571,399114.7864,0
30545,15994,0,711,399114579,399114.7944,0
30719,15991,0,711,399114586,399114.8024,0
30895,15988,0,714,399114594,399114.8104,0
31068,15985,0,717,399114601,399114.8183,0
31239,15982,0,721,399114609,399114.8263,0
31409,15978,0,725,399114616,399114.8303,0
31575,15975,0,726,399114624,399114.8383,0
31734,15971,0,726,399114631,399114.8462,0
31883,15967,0,726,399114639,399114.8542,0
32021,15965,0,728,399114646,399114.8622,0
32145,15961,0,730,399114654,399114.8702,0
32254,15956,0,732,399114661,399114.8782,0
32341,15952,0,734,399114669,399114.8861,0
32410,15948,0,738,399114676,399114.8901,0
32462,15945,0,740,399114684,399114.8981,0
32500,15943,0,739,399114691,399114.906,0
32528,15941,0,740,399114699,399114.915,0
32556,15941,0,740,399114706,399114.922,0
32585,15939,0,740,399114714,399114.931,0
32620,15938,0,739,399114721,399114.939,0
32659,15936,0,739,399114729,399114.947,0
32702,15935,0,738,399114736,399114.955,0
32748,15934,0,737,399114744,399114.9589,0
32788,15933,0,737,399114752,399114.9669,0
32827,15931,0,735,399114759,399114.9749,0
32860,15929,0,735,399114767,399114.9829,0
32887,15929,0,736,399114774,399114.9909,0
32908,15928,0,735,399114782,399114.9988,0
32921,15928,0,735,399114789,399115.0068,0
32930,15928,0,735,399114797,399115.0148,0
32934,15928,0,735,399114804,399115.0188,0
32936,15928,0,736,399114812,399115.0267,0
32936,15928,0,736,399114819,399115.0347,0
32936,15928,0,737,399114827,399115.0427,0
32936,15928,0,738,399114834,399115.0507,0
32936,15928,0,739,399114842,399115.0587,0
32936,15928,0,739,399114849,399115.0667,0
32936,15928,0,739,399114857,399115.0746,0
32936,15928,0,739,399114864,399115.0826,0
32928,15928,0,741,399114872,399115.0866,0
32908,15928,0,741,399114879,399115.0946,0
32877,15929,0,741,399114887,399115.1026,0
32834,15931,0,739,399114894,399115.1105,0
32779,15933,0,738,399114902,399115.1185,0
32707,15934,0,739,399114909,399115.1265,0
32626,15934,0,739,399114917,399115.1344,0
32537,15934,0,739,399114924,399115.1424,0
32441,15934,0,737,399114932,399115.1464,0
32340,15934,0,737,399114939,399115.1544,0
32235,15934,0,733,399114947,399115.1621,0
32129,15935,0,733,399114954,399115.1704,0
32022,15937,0,734,399114962,399115.1784,0
31914,15941,0,734,399114970,399115.1863,0
31807,15943,0,735,399114977,399115.1943,0
31696,15945,0,738,399114985,399115.2023,0
31586,15947,0,739,399114992,399115.2063,0
31478,15951,0,739,399115000,399115.2143,0
31369,15953,0,741,399115007,399115.2222,0
31261,15955,0,742,399115015,399115.2302,0
31154,15957,0,743,399115022,399115.2382,0
31050,15960,0,739,399115030,399115.2461,0
30949,15963,0,737,399115037,399115.2541,0
30850,15964,0,737,399115045,399115.2621,0
30755,15967,0,737,399115052,399115.2701,0
30664,15970,0,737,399115060,399115.2741,0
30574,15973,0,737,399115067,399115.2821,0
30485,15975,0,738,399115075,399115.2901,0
30396,15978,0,737,399115082,399115.2981,0
30308,15982,0,739,399115090,399115.306,0
30218,15984,0,739,399115097,399115.315,0
30124,15986,0,740,399115105,399115.322,0
30027,15988,0,740,399115112,399115.3309,0
29928,15991,0,741,399115120,399115.335,0
29826,15993,0,740,399115127,399115.3429,0
29722,15994,0,738,399115135,399115.3509,0
29618,15996,0,737,399115142,399115.3589,0
29513,15999,0,735,399115150,399115.3669,0
29409,16002,0,733,399115157,399115.3749,0
29306,16004,0,733,399115165,399115.3828,0
29203,16006,0,734,399115173,399115.3908,0
29100,16010,0,734,399115180,399115.3988,0
29001,16012,0,734,399115188,399115.4028,0
28901,16014,0,735,399115195,399115.4108,0
28800,16016,0,735,399115203,399115.4187,0
28701,16019,0,736,399115210,399115.4267,0
28605,16021,0,737,399115218,399115.4347,0
28513,16023,0,731,399115225,399115.4426,0
28422,16024,0,734,399115233,399115.4506,0
28335,16027,0,733,399115240,399115.4586,0
28254,16030,0,735,399115248,399115.4626,0
28174,16031,0,736,399115255,399115.4706,0
28098,16034,0,739,399115263,399115.4786,0
28022,16036,0,740,399115270,399115.4865,0
27949,16039,0,742,399115278,399115.4945,0
27875,16041,0,743,399115285,399115.5025,0
27801,16043,0,744,399115293,399115.5105,0
27726,16045,0,745,399115300,399115.5185,0
27649,16048,0,746,399115308,399115.5264,0
27565,16050,0,746,399115315,399115.5304,0
27480,16052,0,746,399115323,399115.5384,0
27392,16054,0,747,399115330,399115.5464,0
27304,16058,0,747,399115338,399115.5544,0
27214,16059,0,745,399115345,399115.562,0
27126,16062,0,744,399115353,399115.5703,0
27039,16064,0,744,399115360,399115.5783,0
26957,16066,0,745,399115368,399115.5863,0
26877,16068,0,745,399115375,399115.5903,0
26796,16070,0,744,399115383,399115.5982,0
26718,16072,0,745,399115391,399115.6062,0
26642,16073,0,746,399115398,399115.6142,0
26569,16075,0,746,399115406,399115.6222,0
26495,16079,0,748,399115413,399115.6302,0
26422,16082,0,748,399115421,399115.6382,0
26351,16084,0,747,399115428,399115.6462,0
26281,16088,0,749,399115436,399115.6501,0
26210,16092,0,749,399115443,399115.6581,0
26140,16095,0,751,399115451,399115.6661,0
26071,16098,0,750,399115458,399115.674,0
26003,16100,0,748,399115466,399115.6822,0
25934,16103,0,747,399115473,399115.6902,0
25869,16105,0,746,399115481,399115.6981,0
25804,16108,0,744,399115488,399115.7061,0
25740,16109,0,744,399115496,399115.7141,0
25678,16111,0,744,399115503,399115.7181,0
25617,16112,0,743,399115511,399115.7261,0
25560,16114,0,744,399115518,399115.734,0
25507,16116,0,744,399115526,399115.742,0
25460,16117,0,744,399115533,399115.751,0
25421,16119,0,744,399115541,399115.759,0
25389,16120,0,744,399115548,399115.766,0
25364,16120,0,745,399115556,399115.7749,0
25347,16121,0,745,399115563,399115.778,0
25335,16121,0,747,399115571,399115.7869,0
25327,16121,0,749,399115578,399115.7949,0
25322,16121,0,750,399115586,399115.8029,0
25321,16121,0,751,399115594,399115.8109,0
25321,16122,0,751,399115601,399115.8188,0
25321,16122,0,753,399115609,399115.8268,0
25321,16122,0,756,399115616,399115.8348,0
25321,16122,0,756,399115624,399115.8428,0
25321,16122,0,757,399115631,399115.8468,0
25321,16122,0,756,399115639,399115.8547,0
25321,16122,0,756,399115646,399115.8627,0
25322,16122,0,756,399115654,399115.8707,0
25330,16122,0,756,399115661,399115.8787,0
25341,16122,0,756,399115669,399115.8866,0
25356,16122,0,757,399115676,399115.8946,0
25375,16122,0,757,399115684,399115.9026,0
25402,16122,0,757,399115691,399115.9066,0
25436,16122,0,757,399115699,399115.9146,0
25476,16122,0,757,399115706,399115.9225,0
25524,16122,0,758,399115714,399115.9305,0
25578,16122,0,758,399115721,399115.9385,0
25641,16122,0,758,399115729,399115.9465,0
25710,16121,0,757,399115736,399115.9545,0
25787,16120,0,757,399115744,399115.9625,0
25872,16119,0,758,399115751,399115.9664,0
25963,16117,0,758,399115759,399115.9744,0
26060,16114,0,759,399115766,399115.9824,0
26161,16112,0,760,399115774,399115.9904,0
26265,16110,0,760,399115781,399115.9983,0
26367,16108,0,756,399115789,399116.0063,0
26469,16105,0,753,399115797,399116.0143,0
26570,16102,0,751,399115804,399116.0223,0
26671,16100,0,752,399115812,399116.0303,0
26771,16097,0,751,399115819,399116.0342,0
26872,16093,0,752,399115827,399116.0422,0
26974,16090,0,753,399115834,399116.0503,0
27080,16085,0,755,399115842,399116.0583,0
27191,16081,0,756,399115849,399116.0662,0
27303,16075,0,758,399115857,399116.0742,0
27420,16071,0,760,399115864,399116.0822,0
27542,16066,0,761,399115872,399116.0901,0
27668,16062,0,759,399115879,399116.0941,0
27795,16058,0,759,399115887,399116.1021,0
27920,16053,0,758,399115894,399116.1101,0
28047,16050,0,757,399115902,399116.1181,0
28172,16046,0,757,399115909,399116.1261,0
28293,16043,0,757,399115917,399116.1341,0
28412,16040,0,758,399115924,399116.1421,0
28529,16038,0,760,399115932,399116.1501,0
28642,16034,0,759,399115939,399116.158,0
28752,16032,0,761,399115947,399116.162,0
28859,16030,0,762,399115954,399116.17,0
28967,16027,0,758,399115962,399116.1787,0
29073,16025,0,757,399115969,399116.187,0
29180,16023,0,757,399115977,399116.195,0
29292,16021,0,756,399115984,399116.2029,0
29407,16017,0,757,399115992,399116.2109,0
29525,16015,0,758,399115999,399116.2189,0
29645,16013,0,760,399116007,399116.2229,0
29767,16012,0,760,399116015,399116.2308,0
29887,16010,0,761,399116022,399116.2388,0
30008,16007,0,762,399116030,399116.2468,0
30126,16005,0,764,399116037,399116.2548,0
30245,16003,0,760,399116045,399116.2628,0
30360,16001,0,758,399116052,399116.2708,0
30475,15999,0,757,399116060,399116.2786,0
30588,15996,0,757,399116067,399116.2826,0
30703,15995,0,758,399116075,399116.2906,0
30817,15993,0,758,399116082,399116.2987,0
30932,15990,0,758,399116090,399116.3067,0
31048,15988,0,760,399116097,399116.3146,0
31162,15986,0,761,399116105,399116.3226,0
31278,15983,0,761,399116112,399116.3306,0
31394,15982,0,761,399116120,399116.3386,0
31510,15981,0,759,399116127,399116.3465,0
31624,15978,0,757,399116135,399116.3505,0
31740,15977,0,756,399116142,399116.3585,0
31856,15976,0,757,399116150,399116.3665,0
31970,15975,0,756,399116157,399116.3744,0
32086,15973,0,756,399116165,399116.3824,0
32201,15972,0,758,399116172,399116.3904,0
32315,15971,0,759,399116180,399116.3984,0
32430,15968,0,760,399116187,399116.4063,0
32545,15966,0,761,399116195,399116.4103,0
32660,15965,0,762,399116202,399116.4183,0
32775,15963,0,761,399116210,399116.4263,0
32891,15961,0,759,399116218,399116.4343,0
33006,15958,0,757,399116225,399116.4422,0
33121,15956,0,757,399116233,399116.4502,0
33237,15954,0,757,399116240,399116.4583,0
33350,15951,0,758,399116248,399116.4662,0
33463,15948,0,759,399116255,399116.4742,0
33576,15945,0,759,399116263,399116.4782,0
33686,15943,0,761,399116270,399116.4862,0
33796,15939,0,761,399116278,399116.4941,0
33902,15936,0,761,399116285,399116.5021,0
34008,15933,0,762,399116293,399116.5101,0
34113,15929,0,759,399116300,399116.5181,0
34216,15927,0,757,399116308,399116.526,0
34318,15924,0,757,399116315,399116.534,0
34421,15923,0,757,399116323,399116.538,0
34522,15921,0,758,399116330,399116.547,0
34619,15918,0,759,399116338,399116.554,0
34715,15916,0,760,399116345,399116.5621,0
34811,15914,0,761,399116353,399116.5709,0
34905,15913,0,761,399116360,399116.5788,0
34996,15910,0,763,399116368,399116.5869,0
35085,15909,0,764,399116375,399116.5949,0
35170,15909,0,764,399116383,399116.6028,0
35251,15908,0,765,399116390,399116.6068,0
35322,15908,0,761,399116398,399116.6148,0
35390,15908,0,759,399116405,399116.6228,0
35449,15907,0,759,399116413,399116.6308,0
35501,15907,0,758,399116420,399116.6387,0
35548,15905,0,758,399116428,399116.6467,0
35588,15904,0,759,399116436,399116.6547,0
35625,15903,0,759,399116443,399116.6627,0
35657,15900,0,759,399116451,399116.6667,0
35687,15899,0,759,399116458,399116.6747,0
35714,15897,0,759,399116466,399116.6827,0
35740,15896,0,760,399116473,399116.6906,0
35763,15895,0,759,399116481,399116.6986,0
35785,15894,0,760,399116488,399116.7065,0
35803,15894,0,759,399116496,399116.7145,0
35819,15893,0,759,399116503,399116.7226,0
35830,15892,0,760,399116511,399116.7265,0
35837,15892,0,760,399116518,399116.7345,0
35842,15892,0,759,399116526,399116.7425,0
35843,15890,0,759,399116533,399116.7505,0
35843,15889,0,759,399116541,399116.7584,0
35843,15889,0,757,399116548,399116.7664,0
35840,15889,0,756,399116556,399116.7744,0
35822,15889,0,755,399116563,399116.7824,0
35799,15889,0,755,399116571,399116.7904,0
35768,15889,0,754,399116578,399116.7943,0
35728,15889,0,752,399116586,399116.8023,0
35682,15889,0,751,399116593,399116.8103,0
35628,15889,0,750,399116601,399116.8183,0
35565,15889,0,750,399116608,399116.8263,0
35494,15889,0,750,399116616,399116.8342,0
35412,15889,0,749,399116623,399116.8422,0
35322,15890,0,749,399116631,399116.8503,0
35223,15892,0,747,399116639,399116.8543,0
35115,15893,0,748,399116646,399116.8623,0
35006,15893,0,748,399116654,399116.8703,0
34895,15894,0,744,399116661,399116.8783,0
34786,15896,0,743,399116669,399116.8862,0
34678,15897,0,744,399116676,399116.8942,0
34575,15899,0,744,399116684,399116.9022,0
34475,15902,0,746,399116691,399116.9102,0
34375,15904,0,745,399116699,399116.9182,0
34275,15906,0,747,399116706,399116.9221,0
34175,15907,0,747,399116714,399116.9301,0
34073,15908,0,748,399116721,399116.9381,0
33965,15910,0,749,399116729,399116.9461,0
33854,15912,0,749,399116736,399116.9541,0
33738,15915,0,749,399116744,399116.963,0
33620,15918,0,747,399116751,399116.97,0
33498,15922,0,745,399116759,399116.978,0
33374,15925,0,744,399116766,399116.983,0
33249,15929,0,744,399116774,399116.99,0
33122,15934,0,743,399116781,399116.998,0
32993,15938,0,744,399116789,399117.0069,0
32857,15942,0,745,399116796,399117.0149,0
32717,15945,0,746,399116804,399117.0229,0
32570,15949,0,746,399116811,399117.0309,0
32421,15954,0,746,399116819,399117.0388,0
32265,15958,0,741,399116826,399117.0428,0
32104,15963,0,739,399116834,399117.0508,0
31936,15967,0,738,399116842,399117.0588,0
31768,15973,0,741,399116849,399117.0668,0
31597,15977,0,740,399116857,399117.0747,0
31424,15983,0,745,399116864,399117.0827,0
31252,15987,0,747,399116872,399117.0907,0
31082,15993,0,748,399116879,399117.0987,0
30918,15999,0,744,399116887,399117.1067,0
30758,16004,0,743,399116894,399117.1106,0
30604,16012,0,743,399116902,399117.1186,0
30460,16019,0,744,399116909,399117.1266,0
30321,16026,0,744,399116917,399117.1346,0
30186,16034,0,745,399116924,399117.1426,0
30056,16042,0,748,399116932,399117.1505,0
29932,16051,0,749,399116939,399117.1585,0
29812,16059,0,747,399116947,399117.1665,0
29694,16065,0,746,399116954,399117.1705,0
29579,16072,0,748,399116962,399117.1785,0
29469,16079,0,750,399116969,399117.1864,0
29359,16084,0,751,399116977,399117.1944,0
29248,16088,0,751,399116984,399117.2024,0
29137,16091,0,752,399116992,399117.2104,0
29028,16094,0,754,399116999,399117.2184,0
28917,16097,0,756,399117007,399117.2263,0
28810,16099,0,760,399117014,399117.2343,0
28705,16102,0,761,399117022,399117.2383,0
28605,16105,0,762,399117029,399117.2463,0
28510,16108,0,761,399117037,399117.2543,0
28420,16112,0,757,399117044,399117.262,0
28338,16114,0,758,399117052,399117.2702,0
28260,16118,0,756,399117060,399117.2782,0
28188,16121,0,757,399117067,399117.2862,0
28119,16122,0,758,399117075,399117.2941,0
28053,16124,0,759,399117082,399117.2981,0
27992,16127,0,759,399117090,399117.3061,0
27931,16128,0,758,399117097,399117.3141,0
27875,16130,0,759,399117105,399117.3221,0
27818,16132,0,759,399117112,399117.3301,0
27765,16133,0,759,399117120,399117.338,0
27712,16134,0,759,399117127,399117.346,0
27659,16136,0,758,399117135,399117.354,0
27605,16137,0,759,399117142,399117.358,0
27549,16138,0,758,399117150,399117.367,0
27490,16138,0,755,399117157,399117.3749,0
27430,16139,0,752,399117165,399117.3829,0
27367,16140,0,751,399117172,399117.3909,0
27303,16141,0,748,399117180,399117.3989,0
27235,16143,0,745,399117187,399117.4069,0
27165,16146,0,745,399117195,399117.415,0
27095,16148,0,745,399117202,399117.423,0
27023,16150,0,748,399117210,399117.427,0
26950,16152,0,749,399117217,399117.4349,0
26872,16155,0,752,399117225,399117.4429,0
26792,16157,0,756,399117232,399117.4509,0
26711,16158,0,757,399117240,399117.4589,0
26626,16160,0,757,399117247,399117.4668,0
26539,16161,0,758,399117255,399117.4748,0
26452,16163,0,758,399117263,399117.4828,0
26364,16165,0,761,399117270,399117.4868,0
26276,16167,0,760,399117278,399117.4947,0
26188,16169,0,763,399117285,399117.5028,0
26104,16170,0,765,399117293,399117.5107,0
26023,16172,0,764,399117300,399117.5187,0
25946,16175,0,763,399117308,399117.5267,0
25873,16177,0,763,399117315,399117.5347,0
25803,16179,0,762,399117323,399117.5426,0
25736,16182,0,765,399117330,399117.5506,0
25675,16186,0,766,399117338,399117.5545,0
25618,16189,0,767,399117345,399117.5621,0
25567,16191,0,769,399117353,399117.5706,0
25524,16192,0,771,399117360,399117.5785,0
25490,16194,0,774,399117368,399117.5865,0
25465,16195,0,777,399117375,399117.5945,0
25448,16196,0,777,399117383,399117.6025,0
25439,16196,0,777,399117390,399117.6104,0
25436,16196,0,776,399117398,399117.6144,0
25434,16196,0,775,399117405,399117.6224,0
25434,16196,0,774,399117413,399117.6304,0
25434,16196,0,772,399117420,399117.6384,0
25434,16196,0,770,399117428,399117.6464,0
25443,16196,0,770,399117435,399117.6543,0
25457,16196,0,769,399117443,399117.6623,0
25476,16196,0,770,399117450,399117.6703,0
25502,16196,0,770,399117458,399117.6783,0
25533,16195,0,771,399117465,399117.6823,0
25571,16189,0,772,399117473,399117.6903,0
25615,16183,0,773,399117481,399117.6984,0
25666,16178,0,777,399117488,399117.7064,0
25725,16170,0,779,399117496,399117.7143,0
25792,16163,0,783,399117503,399117.7223,0
25870,16156,0,784,399117511,399117.7303,0
25957,16148,0,786,399117518,399117.7383,0
26052,16140,0,789,399117526,399117.7423,0
26154,16133,0,791,399117533,399117.7503,0
26262,16127,0,791,399117541,399117.7582,0
26373,16121,0,789,399117548,399117.7662,0
26485,16117,0,785,399117556,399117.7742,0
26601,16112,0,783,399117563,399117.7822,0
26718,16108,0,782,399117571,399117.7901,0
26839,16104,0,782,399117578,399117.7981,0
26961,16101,0,783,399117586,399117.8021,0
27085,16098,0,785,399117593,399117.81,0
27212,16094,0,787,399117601,399117.818,0
27340,16091,0,789,399117608,399117.8261,0
27472,16088,0,790,399117616,399117.834,0
27607,16084,0,792,399117623,399117.843,0
27745,16081,0,786,399117631,399117.851,0
27888,16078,0,785,399117638,399117.8589,0
28032,16074,0,784,399117646,399117.8669,0
28183,16071,0,785,399117653,399117.8709,0
28335,16066,0,785,399117661,399117.8786,0
28488,16062,0,787,399117668,399117.8869,0
28643,16056,0,788,399117676,399117.8948,0
28799,16050,0,789,399117684,399117.9028,0
28955,16044,0,790,399117691,399117.9108,0
29108,16038,0,784,399117699,399117.9188,0
29258,16033,0,783,399117706,399117.9268,0
29407,16027,0,786,399117714,399117.9308,0
29554,16024,0,785,399117721,399117.9387,0
29701,16021,0,787,399117729,399117.9467,0
29847,16017,0,788,399117736,399117.9547,0
29992,16014,0,791,399117744,399117.9627,0
30140,16011,0,793,399117751,399117.9706,0
30287,16007,0,789,399117759,399117.9787,0
30433,16003,0,787,399117766,399117.9866,0
30577,15999,0,785,399117774,399117.9946,0
30721,15994,0,785,399117781,399117.9986,0
30867,15991,0,786,399117789,399118.0065,0
31011,15985,0,786,399117796,399118.0145,0
31155,15981,0,788,399117804,399118.0225,0
31299,15976,0,790,399117811,399118.0305,0
31443,15972,0,791,399117819,399118.0384,0
31589,15967,0,789,399117826,399118.0464,0
31733,15963,0,785,399117834,399118.0544,0
31874,15958,0,784,399117841,399118.0584,0
32015,15953,0,785,399117849,399118.0664,0
32155,15949,0,785,399117856,399118.0743,0
32293,15945,0,788,399117864,399118.0823,0
32429,15941,0,789,399117871,399118.0903,0
32563,15937,0,789,399117879,399118.0983,0
32697,15934,0,790,399117887,399118.1063,0
32834,15929,0,790,399117894,399118.1142,0
32972,15926,0,784,399117902,399118.1182,0
33110,15922,0,784,399117909,399118.1262,0
33250,15919,0,784,399117917,399118.1342,0
33392,15916,0,783,399117924,399118.1422,0
33534,15914,0,784,399117932,399118.1501,0
33672,15912,0,785,399117939,399118.1581,0
33807,15908,0,785,399117947,399118.1662,0
33938,15906,0,786,399117954,399118.1741,0
34061,15904,0,784,399117962,399118.182,0
34178,15900,0,782,399117969,399118.186,0
34286,15899,0,781,399117977,399118.194,0
34386,15897,0,780,399117984,399118.202,0
34475,15896,0,781,399117992,399118.211,0
34554,15895,0,781,399117999,399118.219,0
34624,15894,0,782,399118007,399118.2269,0
34684,15894,0,783,399118014,399118.2349,0
34738,15892,0,782,399118022,399118.2429,0
34786,15890,0,783,399118029,399118.2468,0
34831,15889,0,784,399118037,399118.2549,0
34871,15888,0,783,399118044,399118.2623,0
34906,15887,0,785,399118052,399118.2708,0
34937,15886,0,784,399118059,399118.2788,0
34960,15885,0,785,399118067,399118.2868,0
34977,15884,0,785,399118074,399118.2948,0
34988,15883,0,783,399118082,399118.3027,0
34993,15883,0,783,399118089,399118.3107,0
34997,15883,0,782,399118097,399118.3147,0
34998,15882,0,781,399118105,399118.3227,0
34998,15882,0,778,399118112,399118.3307,0
34998,15882,0,770,399118120,399118.3386,0
34993,15880,0,763,399118127,399118.3466,0
34974,15880,0,764,399118135,399118.3546,0
34944,15880,0,765,399118142,399118.362,0
34902,15880,0,766,399118150,399118.3706,0
34851,15880,0,765,399118157,399118.3746,0
34789,15880,0,764,399118165,399118.3825,0
34719,15880,0,766,399118172,399118.3905,0
34641,15880,0,766,399118180,399118.3985,0
34560,15882,0,766,399118187,399118.4065,0
34471,15884,0,766,399118195,399118.4145,0
34377,15886,0,767,399118202,399118.4224,0
34276,15889,0,768,399118210,399118.4304,0
34171,15893,0,768,399118217,399118.4384,0
34056,15895,0,769,399118225,399118.4424,0
33938,15898,0,770,399118232,399118.4504,0
33815,15902,0,771,399118240,399118.4583,0
33690,15904,0,771,399118247,399118.4663,0
33562,15907,0,768,399118255,399118.4743,0
33434,15909,0,767,399118262,399118.4823,0
33306,15913,0,767,399118270,399118.4902,0
33179,15915,0,766,399118277,399118.4984,0
33051,15918,0,767,399118285,399118.5024,0
32924,15922,0,768,399118292,399118.5104,0
32796,15924,0,769,399118300,399118.5184,0
32668,15927,0,771,399118308,399118.5263,0
32540,15929,0,772,399118315,399118.5343,0
32410,15932,0,773,399118323,399118.5423,0
32280,15934,0,768,399118330,399118.5503,0
32149,15935,0,767,399118338,399118.5582,0
32017,15937,0,765,399118345,399118.5621,0
31884,15941,0,766,399118353,399118.5702,0
31751,15944,0,767,399118360,399118.5782,0
31617,15947,0,768,399118368,399118.5862,0
31481,15951,0,770,399118375,399118.5941,0
31347,15953,0,771,399118383,399118.6021,0
31215,15956,0,774,399118390,399118.61,0
31088,15960,0,772,399118398,399118.618,0
30963,15962,0,770,399118405,399118.626,0
30840,15965,0,770,399118413,399118.63,0
30720,15968,0,770,399118420,399118.638,0
30602,15973,0,771,399118428,399118.647,0
30482,15977,0,771,399118435,399118.654,0
30363,15982,0,771,399118443,399118.6622,0
30242,15987,0,772,399118450,399118.6709,0
30120,15992,0,772,399118458,399118.6786,0
29998,15995,0,773,399118465,399118.6869,0
29876,16000,0,773,399118473,399118.6909,0
29756,16003,0,767,399118480,399118.6989,0
29635,16006,0,767,399118488,399118.7069,0
29515,16010,0,766,399118495,399118.7148,0
29398,16012,0,767,399118503,399118.7227,0
29283,16016,0,768,399118511,399118.7307,0
29167,16020,0,768,399118518,399118.7388,0
29052,16022,0,770,399118526,399118.7467,0
28936,16025,0,771,399118533,399118.7507,0
28817,16027,0,771,399118541,399118.7587,0
28699,16030,0,773,399118548,399118.7667,0
28578,16033,0,774,399118556,399118.7747,0
28456,16035,0,768,399118563,399118.7827,0
28332,16036,0,768,399118571,399118.7906,0
28207,16039,0,767,399118578,399118.7986,0
28085,16040,0,768,399118586,399118.8066,0
27963,16042,0,768,399118593,399118.8146,0
27844,16044,0,768,399118601,399118.8186,0
27724,16046,0,769,399118608,399118.8265,0
27606,16049,0,771,399118616,399118.8345,0
27490,16051,0,771,399118623,399118.8425,0
27376,16054,0,772,399118631,399118.8505,0
27264,16058,0,770,399118638,399118.8584,0
27152,16060,0,768,399118646,399118.8664,0
27039,16063,0,767,399118653,399118.8744,0
26934,16066,0,764,399118661,399118.8784,0
26829,16070,0,764,399118668,399118.8864,0
26725,16073,0,764,399118676,399118.8943,0
26624,16078,0,764,399118683,399118.9023,0
26526,16082,0,764,399118691,399118.9103,0
26428,16087,0,762,399118698,399118.9183,0
26332,16091,0,752,399118706,399118.9263,0
26235,16094,0,752,399118713,399118.9342,0
26141,16099,0,745,399118721,399118.9422,0
26050,16102,0,746,399118729,399118.9464,0
25962,16105,0,741,399118736,399118.9544,0
25875,16110,0,740,399118744,399118.9623,0
25792,16113,0,738,399118751,399118.9703,0
25713,16117,0,734,399118759,399118.9782,0
25636,16120,0,734,399118766,399118.9862,0
25561,16123,0,735,399118774,399118.9943,0
25487,16127,0,736,399118781,399119.0022,0
25417,16130,0,737,399118789,399119.0062,0
25352,16132,0,740,399118796,399119.0142,0
25291,16136,0,741,399118804,399119.0221,0
25236,16138,0,745,399118811,399119.0301,0
25189,16140,0,746,399118819,399119.0381,0
25149,16141,0,748,399118826,399119.0461,0
25113,16142,0,750,399118834,399119.054,0
25082,16144,0,749,399118841,399119.0621,0
25057,16146,0,749,399118849,399119.0701,0
25035,16147,0,749,399118856,399119.074,0
25017,16148,0,747,399118864,399119.083,0
25002,16149,0,747,399118871,399119.0909,0
24988,16151,0,745,399118879,399119.0989,0
24979,16152,0,745,399118886,399119.1069,0
24972,16152,0,745,399118894,399119.1149,0
24969,16153,0,745,399118901,399119.1228,0
24968,16153,0,745,399118909,399119.1309,0
24968,16153,0,745,399118916,399119.1349,0
24968,16153,0,744,399118924,399119.1428,0
24968,16153,0,743,399118932,399119.1508,0
24975,16153,0,741,399118939,399119.1588,0
24991,16153,0,741,399118947,399119.1668,0
25014,16153,0,740,399118954,399119.1748,0
25044,16153,0,740,399118962,399119.1827,0
25083,16153,0,740,399118969,399119.1907,0
25129,16153,0,740,399118977,399119.1947,0
25179,16153,0,740,399118984,399119.2026,0
25237,16153,0,740,399118992,399119.2107,0
25300,16153,0,739,399118999,399119.2186,0
25370,16151,0,740,399119007,399119.2266,0
25445,16148,0,740,399119014,399119.2346,0
25526,16144,0,739,399119022,399119.2426,0
25609,16141,0,740,399119029,399119.2505,0
25699,16138,0,739,399119037,399119.2585,0
25794,16134,0,739,399119044,399119.2625,0
25894,16131,0,739,399119052,399119.2705,0
26001,16127,0,739,399119059,399119.2785,0
26112,16123,0,739,399119067,399119.2864,0
26228,16118,0,739,399119074,399119.2943,0
26346,16113,0,739,399119082,399119.3024,0
26468,16109,0,733,399119089,399119.3104,0
26589,16104,0,732,399119097,399119.3183,0
26708,16100,0,732,399119104,399119.3223,0
26829,16095,0,733,399119112,399119.3303,0
26950,16092,0,733,399119119,399119.3383,0
27070,16088,0,736,399119127,399119.3463,0
27195,16083,0,736,399119134,399119.3542,0
27320,16078,0,738,399119142,399119.362,0
27453,16072,0,741,399119150,399119.3702,0
27589,16066,0,741,399119157,399119.3782,0
27729,16062,0,738,399119165,399119.3862,0
27873,16056,0,735,399119172,399119.3901,0
28019,16051,0,734,399119180,399119.3981,0
28168,16046,0,735,399119187,399119.4061,0
28316,16041,0,735,399119195,399119.4141,0
28463,16036,0,735,399119202,399119.4221,0
28605,16032,0,737,399119210,399119.431,0
28744,16027,0,738,399119217,399119.438,0
28877,16024,0,740,399119225,399119.446,0
29005,16020,0,736,399119232,399119.45,0
29127,16016,0,736,399119240,399119.458,0
29243,16014,0,737,399119247,399119.4669,0
29354,16011,0,736,399119255,399119.4749,0
29460,16009,0,737,399119262,399119.4829,0
29562,16005,0,739,399119270,399119.4909,0
29661,16003,0,740,399119277,399119.4988,0
29757,16001,0,743,399119285,399119.5068,0
29854,15999,0,745,399119292,399119.5109,0
29954,15996,0,746,399119300,399119.5188,0
30055,15994,0,750,399119307,399119.5268,0
30161,15992,0,752,399119315,399119.5348,0
30271,15990,0,749,399119322,399119.5428,0
30386,15986,0,750,399119330,399119.5507,0
30507,15984,0,751,399119337,399119.5587,0
30629,15982,0,753,399119345,399119.5667,0
30757,15980,0,756,399119353,399119.5747,0
30886,15977,0,758,399119360,399119.5787,0
31021,15974,0,760,399119368,399119.5866,0
31156,15971,0,763,399119375,399119.5946,0
31295,15968,0,764,399119383,399119.6026,0
31438,15966,0,766,399119390,399119.6106,0
31582,15964,0,764,399119398,399119.6185,0
31727,15963,0,762,399119405,399119.6265,0
31872,15963,0,761,399119413,399119.6345,0
32015,15962,0,761,399119420,399119.6385,0
32158,15962,0,762,399119428,399119.6465,0
32296,15962,0,763,399119435,399119.6544,0
32430,15961,0,765,399119443,399119.6621,0
32559,15958,0,764,399119450,399119.6704,0
32684,15955,0,765,399119458,399119.6784,0
32802,15952,0,762,399119465,399119.6864,0
32917,15947,0,758,399119473,399119.6943,0
33029,15945,0,756,399119480,399119.7023,0
33136,15942,0,756,399119488,399119.7063,0
33239,15938,0,756,399119495,399119.7143,0
33339,15935,0,756,399119503,399119.7223,0
33435,15932,0,757,399119510,399119.7302,0
33525,15928,0,758,399119518,399119.7382,0
33608,15925,0,760,399119525,399119.7462,0
33684,15922,0,758,399119533,399119.7542,0
33752,15917,0,761,399119540,399119.7632,0
33810,15914,0,759,399119548,399119.7661,0
33859,15912,0,761,399119556,399119.7741,0
33897,15909,0,758,399119563,399119.7821,0
33927,15908,0,759,399119571,399119.7901,0
33946,15907,0,756,399119578,399119.7981,0
33960,15907,0,755,399119586,399119.806,0
33967,15907,0,754,399119593,399119.814,0
33971,15907,0,753,399119601,399119.822,0
33971,15907,0,751,399119608,399119.831,0
33971,15907,0,746,399119616,399119.835,0
33969,15907,0,740,399119623,399119.8419,0
33945,15907,0,737,399119631,399119.8509,0
33906,15907,0,736,399119638,399119.8589,0
33850,15907,0,740,399119646,399119.8669,0
33778,15907,0,742,399119653,399119.8749,0
33688,15907,0,742,399119661,399119.8828,0
33584,15907,0,742,399119668,399119.8908,0
33468,15907,0,743,399119676,399119.8948,0
33343,15908,0,746,399119683,399119.9028,0
33207,15912,0,747,399119691,399119.9108,0
33062,15916,0,747,399119698,399119.9187,0
32905,15919,0,747,399119706,399119.9267,0
32743,15923,0,748,399119713,399119.9347,0
32579,15926,0,748,399119721,399119.9427,0
32413,15929,0,751,399119728,399119.9506,0
32246,15933,0,742,399119736,399119.9546,0
32080,15937,0,739,399119743,399119.962,0
31916,15942,0,737,399119751,399119.9706,0
31755,15946,0,733,399119758,399119.9786,0
31589,15951,0,733,399119766,399119.9865,0
31424,15955,0,731,399119774,399119.9946,0
31260,15960,0,722,399119781,399120.0025,0
31100,15964,0,726,399119789,399120.0105,0
30947,15968,0,720,399119796,399120.0185,0
30803,15971,0,720,399119804,399120.0224,0
30673,15975,0,719,399119811,399120.0304,0
30561,15977,0,721,399119819,399120.0384,0
30465,15980,0,722,399119826,399120.0464,0
30388,15982,0,725,399119834,399120.0544,0
30326,15984,0,729,399119841,399120.062,0
30279,15985,0,737,399119849,399120.0703,0
30247,15986,0,741,399119856,399120.0783,0
30223,15987,0,744,399119864,399120.0823,0
30205,15988,0,745,399119871,399120.0902,0
30194,15988,0,744,399119879,399120.0983,0
30187,15988,0,743,399119886,399120.1064,0
30179,15988,0,743,399119894,399120.1143,0
30171,15988,0,741,399119901,399120.1223,0
30161,15988,0,741,399119909,399120.1303,0
30149,15988,0,741,399119916,399120.1382,0
30131,15988,0,741,399119924,399120.1462,0
30110,15988,0,743,399119931,399120.1502,0
30085,15988,0,745,399119939,399120.1582,0
30051,15988,0,751,399119946,399120.1662,0
30014,15988,0,757,399119954,399120.1742,0
29974,15988,0,760,399119961,399120.1821,0
29931,15988,0,762,399119969,399120.1901,0
29887,15988,0,761,399119977,399120.1981,0
29844,15991,0,761,399119984,399120.2061,0
29805,15993,0,760,399119992,399120.2101,0
29768,15994,0,759,399119999,399120.218,0
29737,15995,0,760,399120007,399120.226,0
29709,15996,0,758,399120014,399120.235,0
29684,15996,0,755,399120022,399120.243,0
29663,15997,0,754,399120029,399120.2509,0
29647,15999,0,753,399120037,399120.2589,0
29634,15999,0,752,399120044,399120.2669,0
29623,16000,0,751,399120052,399120.2709,0
29616,16000,0,751,399120059,399120.2789,0
29613,16000,0,752,399120067,399120.2869,0
29610,16000,0,753,399120074,399120.2948,0
29610,16000,0,753,399120082,399120.3028,0
29610,16000,0,755,399120089,399120.3108,0
29610,16000,0,756,399120097,399120.3188,0
29610,16000,0,759,399120104,399120.3268,0
29610,16000,0,760,399120112,399120.3348,0
29610,16000,0,762,399120119,399120.3387,0
29610,16000,0,764,399120127,399120.3467,0
29610,16000,0,765,399120134,399120.3547,0
29610,16000,0,766,399120142,399120.362,0
29610,16000,0,768,399120149,399120.3707,0
29610,16000,0,769,399120157,399120.3786,0
29610,16000,0,770,399120164,399120.3866,0
29610,16000,0,770,399120172,399120.3946,0
29610,16000,0,770,399120179,399120.3986,0
29612,16000,0,771,399120187,399120.4066,0
29612,16000,0,771,399120195,399120.4145,0
29614,16000,0,770,399120202,399120.4225,0
29616,16000,0,771,399120210,399120.4305,0
29619,16000,0,770,399120217,399120.4385,0
29624,16000,0,770,399120225,399120.4465,0
29628,16000,0,770,399120232,399120.4544,0
29634,16000,0,769,399120240,399120.462,0
29639,16000,0,768,399120247,399120.4664,0
29645,16000,0,769,399120255,399120.4744,0
29652,16000,0,771,399120262,399120.4824,0
29661,16000,0,774,399120270,399120.4903,0
29669,16000,0,774,399120277,399120.4984,0
29678,16000,0,776,399120285,399120.5064,0
29687,16000,0,778,399120292,399120.5162,6
29695,16000,0,779,399120300,399120.5223,0
29703,16000,0,782,399120307,399120.5263,0
29709,16000,0,784,399120315,399120.5343,0
29715,16000,0,788,399120322,399120.5423,0
29720,16000,0,792,399120330,399120.5504,0
29726,16000,0,794,399120337,399120.5584,0
29730,16000,0,797,399120345,399120.5663,0
29733,16000,0,799,399120352,399120.5743,0
29736,16000,0,801,399120360,399120.5823,0
29738,16000,0,803,399120367,399120.5903,0
29740,16000,0,804,399120375,399120.5943,0
29742,16000,0,805,399120382,399120.6022,0
29745,16000,0,807,399120390,399120.6102,0
29748,16000,0,807,399120398,399120.6182,0
29753,16000,0,808,399120405,399120.6262,0
29759,16000,0,809,399120413,399120.6342,0
29768,16000,0,808,399120420,399120.6421,0
29779,16000,0,810,399120428,399120.6503,0
29793,16000,0,810,399120435,399120.6543,0
29806,16000,0,811,399120443,399120.6622,0
29823,16000,0,812,399120450,399120.6702,0
29841,16000,0,812,399120458,399120.6781,0
29858,16000,0,813,399120465,399120.6861,0
29873,16000,0,815,399120473,399120.6941,0
29889,16000,0,814,399120480,399120.7021,0
29905,16000,0,816,399120488,399120.71,0
29919,16000,0,817,399120495,399120.714,0
29933,16000,0,818,399120503,399120.7221,0
29948,16000,0,819,399120510,399120.73,0
29961,16000,0,820,399120518,399120.738,0
29972,16000,0,821,399120525,399120.746,0
29981,16000,0,822,399120533,399120.754,0
29987,16000,0,821,399120540,399120.763,0
29991,16000,0,824,399120548,399120.771,0
29993,16000,0,825,399120555,399120.7787,0
29993,16000,0,826,399120563,399120.7829,0
29995,15999,0,829,399120570,399120.7909,0
29995,15999,0,831,399120578,399120.7989,0
29996,15999,0,834,399120585,399120.8069,0
29996,15997,0,836,399120593,399120.8148,0
29996,15997,0,838,399120601,399120.8228,0
29996,15996,0,839,399120608,399120.8308,0
29996,15996,0,840,399120616,399120.8388,0
29996,15996,0,842,399120623,399120.8428,0
29996,15996,0,845,399120631,399120.8507,0
29996,15996,0,847,399120638,399120.8587,0
29996,15996,0,850,399120646,399120.8667,0
29996,15996,0,850,399120653,399120.8747,0
29996,15996,0,852,399120661,399120.8827,0
29996,15996,0,853,399120668,399120.8906,0
29996,15996,0,854,399120676,399120.8986,0
29996,15996,0,854,399120683,399120.9066,0
29996,15996,0,855,399120691,399120.9106,0
29996,15996,0,854,399120698,399120.9186,0
29996,15996,0,855,399120706,399120.9265,0
29996,15996,0,856,399120713,399120.9345,0
29996,15996,0,855,399120721,399120.9425,0
29996,15996,0,855,399120728,399120.9505,0
29996,15996,0,855,399120736,399120.9585,0
29996,15996,0,854,399120743,399120.9664,0
29996,15996,0,856,399120751,399120.9704,0
29996,15996,0,854,399120758,399120.9784,0
29996,15996,0,855,399120766,399120.9864,0
29996,15996,0,854,399120773,399120.9944,0
29996,15996,0,854,399120781,399121.0023,0
29996,15996,0,854,399120788,399121.0103,0
29996,15996,0,853,399120796,399121.0182,0
29996,15996,0,853,399120803,399121.0262,0
29996,15996,0,853,399120811,399121.0303,0
29996,15996,0,852,399120819,399121.0382,0
29996,15996,0,852,399120826,399121.0462,0
29996,15996,0,852,399120834,399121.0541,0
29996,15996,0,850,399120841,399121.0622,0
29996,15996,0,850,399120849,399121.0701,0
29996,15996,0,850,399120856,399121.0781,0
29996,15996,0,850,399120864,399121.0861,0
29996,15996,0,851,399120871,399121.0941,0
29996,15996,0,850,399120879,399121.0981,0
29996,15996,0,851,399120886,399121.1061,0
29996,15996,0,851,399120894,399121.114,0
29996,15996,0,851,399120901,399121.122,0
29996,15996,0,852,399120909,399121.131,0
29996,15996,0,851,399120916,399121.139,0
29996,15996,0,851,399120924,399121.1469,0
29996,15996,0,852,399120931,399121.1549,0
29996,15996,0,851,399120939,399121.1589,0
29996,15996,0,852,399120946,399121.1669,0
29996,15996,0,851,399120954,399121.1749,0
29996,15996,0,851,399120961,399121.1828,0
29996,15996,0,851,399120969,399121.1908,0
29996,15996,0,850,399120976,399121.1988,0
29996,15996,0,850,399120984,399121.2068,0
29996,15996,0,850,399120991,399121.2148,0
29996,15996,0,849,399120999,399121.2227,0
29996,15996,0,849,399121006,399121.2267,0
29996,15996,0,849,399121014,399121.2347,0
29996,15996,0,848,399121022,399121.2427,0
29996,15996,0,848,399121029,399121.2507,0
29996,15996,0,847,399121037,399121.2587,0
29996,15996,0,847,399121044,399121.2667,0
29996,15996,0,844,399121052,399121.2746,0
29996,15995,0,833,399121059,399121.2826,0
29996,15995,0,819,399121067,399121.2866,0
29996,15995,0,801,399121074,399121.2945,0
29996,15995,0,782,399121082,399121.3025,0
29996,15995,0,767,399121089,399121.3105,0
29996,15995,0,750,399121097,399121.3185,0
29988,15995,0,729,399121104,399121.3265,0
29972,15995,0,696,399121112,399121.3344,0
29947,15995,0,639,399121119,399121.3424,0
29910,15995,0,528,399121127,399121.3504,0
29862,15995,0,293,399121134,399121.3544,0
29807,15995,0,195,399121142,399121.3624,0
29807,15995,0,0,399121149,399121.3704,0
